{"time": [12.764147758483887, 19.068424701690674, 19.901942491531372, 21.410563468933105, 17.392805099487305, 17.523921251296997, 19.98560404777527, 18.97623872756958, 18.957134008407593, 15.252159118652344, 20.33035159111023, 17.682889461517334, 21.020108222961426, 19.893632173538208, 19.870126008987427, 18.813888549804688, 21.23362421989441, 19.55275535583496, 16.50468420982361, 17.8186514377594], "LL": [5236.900013698583, 5236.900013641352, 5236.900013733961, 5236.900013723039, 5236.900013641578, 5236.900013703641, 5236.900013658738, 5236.900013692379, 5236.900013665601, 5236.900013715161, 5236.900013690663, 5236.900013680846, 5236.900013695269, 5236.900013688111, 5236.900013686761, 5236.9000137185485, 5236.900013656276, 5236.900013623164, 5236.900013693352, 5236.900013677148], "epochs": [92.01891252955083, 140.18144208037825, 146.9598108747045, 160.15189125295507, 127.98936170212767, 130.0336879432624, 148.0336879432624, 141.84160756501183, 141.2996453900709, 108.92021276595744, 150.55082742316785, 128.02364066193854, 154.30437352245863, 148.62470449172577, 147.98936170212767, 138.34397163120568, 157.18144208037825, 143.7724586288416, 120.29964539007092, 130.46217494089834]}