{"time": [3.4525110721588135, 3.374260663986206, 3.184720993041992, 3.3060779571533203, 3.715221881866455, 2.9756624698638916, 3.065376043319702, 3.5021376609802246, 2.97183895111084, 2.9643633365631104, 3.6730477809906006, 3.7020323276519775, 3.556170701980591, 2.9602744579315186, 3.6168506145477295, 3.129633665084839, 3.2782254219055176, 3.1686079502105713, 2.813286781311035, 3.413419723510742], "LL": [5236.900013578935, 5236.900013579031, 5236.900013579019, 5236.900013592266, 5236.900013583345, 5236.900013578945, 5236.900013599491, 5236.900013603152, 5236.900013579331, 5236.900013578859, 5236.900013579089, 5236.900013578989, 5236.900013580258, 5236.900013578871, 5236.90001357879, 5236.900013579118, 5236.900013581078, 5236.900013578788, 5236.900013579078, 5236.900013584446], "epochs": [16.56560283687943, 16.06323877068558, 15.06323877068558, 16.078014184397162, 18.35874704491726, 13.40307328605201, 14.900709219858156, 17.37352245862884, 14.299645390070921, 13.959810874704491, 18.15189125295508, 18.20094562647754, 17.32919621749409, 14.018912529550828, 17.35874704491726, 14.536052009456263, 16.21099290780142, 15.196217494089835, 13.314420803782506, 16.166666666666664]}