{"time": [2.7369749546051025, 2.744730234146118, 2.427891492843628, 2.6376137733459473, 2.6129958629608154, 2.835700511932373, 2.5720596313476562, 2.6373186111450195, 2.928168535232544, 2.628575325012207, 2.5419137477874756, 2.7900476455688477, 2.450510263442993, 2.8250913619995117, 2.5983972549438477, 2.6926193237304688, 2.6125328540802, 2.7586803436279297, 2.6598358154296875, 2.8146347999572754], "LL": [-5236.900013612127, -5236.900013581255, -5236.900013628425, -5236.900013579234, -5236.900013616931, -5236.900013578801, -5236.900013578783, -5236.900013593608, -5236.900013579549, -5236.900013578783, -5236.900013624412, -5236.900013580149, -5236.9000135924725, -5236.900013632758, -5236.900013579836, -5236.900013579545, -5236.900013578928, -5236.900013578783, -5236.900013579005, -5236.900013582184], "epochs": [13.373522458628841, 13.048463356973995, 11.06323877068558, 12.092789598108746, 12.225768321513002, 12.624704491725769, 11.388297872340425, 12.166666666666666, 14.270094562647754, 12.151891252955082, 11.974586288416075, 13.151891252955082, 11.240543735224586, 13.66903073286052, 11.772458628841607, 12.417848699763592, 11.974586288416075, 12.47695035460993, 12.06323877068558, 13.210992907801419]}