{"time": [3.1553688049316406, 2.513701915740967, 3.3006973266601562, 3.011906623840332, 3.308626651763916, 3.7298402786254883, 2.7490878105163574, 3.021451711654663, 3.10099458694458, 4.146194219589233, 3.5249745845794678, 5.1539411544799805, 3.0105984210968018, 2.9725568294525146, 2.803987741470337, 3.234581232070923, 3.1855275630950928, 2.992093563079834, 2.7649035453796387, 5.2313337326049805], "LL": [5236.900013579129, 5236.90001360384, 5236.900013668057, 5236.900013578951, 5236.900013578968, 5236.900013578792, 5236.900013632024, 5236.900013578797, 5236.900013584864, 5236.900013589365, 5236.900013579467, 5236.900013589853, 5236.900013685284, 5236.900013578863, 5236.900013595259, 5236.900013589946, 5236.900013624341, 5236.900013578839, 5236.90001359595, 5236.900013588054], "epochs": [16.196217494089836, 12.536052009456265, 17.166666666666664, 15.40307328605201, 17.1371158392435, 19.974586288416077, 14.299645390070921, 15.166666666666666, 15.856382978723405, 21.196217494089836, 18.166666666666664, 26.417848699763592, 15.092789598108746, 15.004137115839242, 14.10756501182033, 16.62470449172577, 16.93498817966903, 15.078014184397162, 13.974586288416075, 27.29964539007092]}