{"time": [1.7351810932159424, 1.770277976989746, 2.1225030422210693, 2.3276243209838867, 1.905771255493164, 2.081446647644043, 1.9822580814361572, 1.7417514324188232, 2.294360399246216, 1.9951012134552002, 2.367725133895874, 1.9390161037445068, 2.132315158843994, 1.8299243450164795, 2.2207694053649902, 1.9064195156097412, 1.7602736949920654, 1.7579154968261719, 2.0582122802734375, 2.257514715194702], "LL": [5236.900013580955, 5236.90001362401, 5236.900013578788, 5236.900013589589, 5236.900013578782, 5236.900013578776, 5236.900013578785, 5236.900013752247, 5236.900013578787, 5236.90001357993, 5236.900013578779, 5236.900013578779, 5236.900013588607, 5236.900013578785, 5236.900013578784, 5236.900013578792, 5236.900013593186, 5236.900013578777, 5236.9000135986935, 5236.900013578792], "epochs": [11.092789598108746, 11.1371158392435, 13.10756501182033, 14.225768321513002, 12.10756501182033, 12.772458628841607, 12.240543735224586, 11.078014184397164, 14.078014184397162, 12.417848699763592, 14.920212765957446, 12.284869976359339, 13.151891252955082, 11.284869976359339, 14.092789598108746, 11.945035460992909, 10.55082742316785, 11.048463356973995, 13.004137115839242, 14.10756501182033]}