{"time": [2.4970083236694336], "LL": [-5236.900013606149], "epochs": [12.0]}