{"time": [3.288926839828491, 3.343641996383667, 3.3363704681396484, 3.339874744415283, 3.3368823528289795, 3.3391571044921875, 3.336111545562744, 3.3388869762420654, 3.358600616455078, 3.343658447265625, 3.3506319522857666, 3.3379290103912354, 3.355818748474121, 3.343111991882324, 3.3426032066345215, 3.3406760692596436, 3.3396823406219482, 3.338524580001831, 3.334867000579834, 3.3593342304229736], "LL": [5236.900013578792, 5236.900013578792, 5236.900013578792, 5236.900013578792, 5236.900013578792, 5236.900013578792, 5236.900013578792, 5236.900013578792, 5236.900013578792, 5236.900013578792, 5236.900013578792, 5236.900013578792, 5236.900013578792, 5236.900013578792, 5236.900013578792, 5236.900013578792, 5236.900013578792, 5236.900013578792, 5236.900013578792, 5236.900013578792], "epochs": [14.0, 14.0, 14.0, 14.0, 14.0, 14.0, 14.0, 14.0, 14.0, 14.0, 14.0, 14.0, 14.0, 14.0, 14.0, 14.0, 14.0, 14.0, 14.0, 14.0]}