{"time": [17.028594732284546, 19.813632011413574, 20.602303504943848, 20.315750122070312, 20.075254678726196, 20.006675720214844, 19.98383593559265, 20.024181127548218, 19.994234085083008, 19.996841430664062, 20.029635906219482, 20.049912929534912, 20.00447392463684, 20.106117963790894, 20.02334952354431, 20.01625394821167, 20.027392387390137, 20.020188808441162, 20.02019429206848, 20.044299125671387], "LL": [5236.900013709481, 5236.900013709481, 5236.900013709481, 5236.900013709481, 5236.900013709481, 5236.900013709481, 5236.900013709481, 5236.900013709481, 5236.900013709481, 5236.900013709481, 5236.900013709481, 5236.900013709481, 5236.900013709481, 5236.900013709481, 5236.900013709481, 5236.900013709481, 5236.900013709481, 5236.900013709481, 5236.900013709481, 5236.900013709481], "epochs": [147.0, 147.0, 147.0, 147.0, 147.0, 147.0, 147.0, 147.0, 147.0, 147.0, 147.0, 147.0, 147.0, 147.0, 147.0, 147.0, 147.0, 147.0, 147.0, 147.0]}