{"time": [1.7958755493164062, 1.8491551876068115, 1.8545022010803223, 1.8536725044250488, 1.8517487049102783, 1.8560128211975098, 1.8466744422912598, 1.8541350364685059, 1.8536224365234375, 1.8517487049102783, 1.8559942245483398, 1.8516721725463867, 1.8545880317687988, 1.84989333152771, 1.8474552631378174, 1.8652055263519287, 1.8615984916687012, 1.855332851409912, 1.8554050922393799, 1.8605878353118896], "LL": [5236.900013600632, 5236.900013600632, 5236.900013600632, 5236.900013600632, 5236.900013600632, 5236.900013600632, 5236.900013600632, 5236.900013600632, 5236.900013600632, 5236.900013600632, 5236.900013600632, 5236.900013600632, 5236.900013600632, 5236.900013600632, 5236.900013600632, 5236.900013600632, 5236.900013600632, 5236.900013600632, 5236.900013600632, 5236.900013600632], "epochs": [12.0, 12.0, 12.0, 12.0, 12.0, 12.0, 12.0, 12.0, 12.0, 12.0, 12.0, 12.0, 12.0, 12.0, 12.0, 12.0, 12.0, 12.0, 12.0, 12.0]}