{"time": [4.80005955696106, 2.5299623012542725, 2.6905529499053955, 2.8100333213806152, 3.2075090408325195, 3.020566940307617, 3.3451428413391113, 2.8692378997802734, 2.3160412311553955, 6.029060363769531, 2.455259084701538, 3.1435694694519043, 2.8756062984466553, 2.8087470531463623, 3.0266361236572266, 2.623866319656372, 2.708907127380371, 2.7627463340759277, 2.3747549057006836, 2.972539186477661], "LL": [5236.900013580615, 5236.90001359867, 5236.90001357949, 5236.900013591154, 5236.900013608056, 5236.900013579678, 5236.900013587088, 5236.900013580697, 5236.900013638102, 5236.90001358829, 5236.900013586172, 5236.900013578902, 5236.900013583392, 5236.900013582004, 5236.900013608283, 5236.900013587287, 5236.900013579002, 5236.900013584527, 5236.900013590856, 5236.900013586199], "epochs": [37.72813238770686, 19.55082742316785, 20.930260047281322, 21.5951536643026, 24.609929078014183, 23.388297872340424, 25.91548463356974, 22.03368794326241, 17.55082742316785, 47.240543735224584, 18.802009456264773, 24.29964539007092, 22.270094562647756, 21.609929078014183, 23.40307328605201, 20.15189125295508, 20.757683215130022, 21.28486997635934, 18.32919621749409, 22.930260047281322]}