{"time": [0.7980396747589111, 0.8553342819213867, 0.946718692779541, 0.831279993057251, 0.8884923458099365, 0.8375921249389648, 0.8273818492889404, 0.8058347702026367, 0.8089165687561035, 0.893639087677002, 1.0204825401306152, 0.8770232200622559, 0.9192619323730469, 0.8448402881622314, 0.9126958847045898, 1.023620367050171, 0.9293680191040039, 0.8709533214569092, 0.9288947582244873, 0.9382946491241455], "LL": [5236.900013578868, 5236.9000135797805, 5236.900013578784, 5236.900013578788, 5236.900013578782, 5236.900013578841, 5236.900013578788, 5236.900013578836, 5236.900013578786, 5236.900013578785, 5236.900013579723, 5236.900013583215, 5236.900013578781, 5236.900013579533, 5236.900013578782, 5236.900013578874, 5236.900013578787, 5236.9000135788465, 5236.900013578786, 5236.9000135828155], "epochs": [7.270094562647754, 7.196217494089835, 8.343971631205672, 7.210992907801418, 7.945035460992908, 7.18144208037825, 7.122340425531915, 6.98936170212766, 7.048463356973995, 7.491725768321513, 8.762411347517729, 7.580378250591016, 7.698581560283688, 7.270094562647754, 7.816784869976359, 8.333924349881796, 7.905437352245862, 7.447399527186761, 8.1371158392435, 7.816784869976359]}