{"time": [0.5862631797790527, 0.6399686336517334, 0.634981632232666, 0.6493828296661377, 0.6377787590026855, 0.6404047012329102, 0.6401402950286865, 0.6372573375701904, 0.6445236206054688, 0.6348738670349121, 0.6394309997558594, 0.6359720230102539, 0.6345760822296143, 0.6360766887664795, 0.6365334987640381, 0.6374995708465576, 0.641730785369873, 0.6383466720581055, 0.6385557651519775, 0.6373734474182129], "LL": [5236.900013578787, 5236.900013578787, 5236.900013578787, 5236.900013578787, 5236.900013578787, 5236.900013578787, 5236.900013578787, 5236.900013578787, 5236.900013578787, 5236.900013578787, 5236.900013578787, 5236.900013578787, 5236.900013578787, 5236.900013578787, 5236.900013578787, 5236.900013578787, 5236.900013578787, 5236.900013578787, 5236.900013578787, 5236.900013578787], "epochs": [6.0, 6.0, 6.0, 6.0, 6.0, 6.0, 6.0, 6.0, 6.0, 6.0, 6.0, 6.0, 6.0, 6.0, 6.0, 6.0, 6.0, 6.0, 6.0, 6.0]}