{"time": [0.017344951629638672, 0.0392460823059082, 0.03571462631225586, 0.02564382553100586, 0.016200780868530273, 0.016792774200439453, 0.016257047653198242, 0.018757104873657227, 0.017354965209960938, 0.015995264053344727, 0.0175321102142334, 0.015723228454589844, 0.016968965530395508, 0.01575779914855957, 0.01723504066467285, 0.016906261444091797, 0.01640462875366211, 0.016744613647460938, 0.016536235809326172, 0.016862154006958008], "LL": [-6964.662979192372, -6964.662979192372, -6964.662979192372, -6964.662979192372, -6964.662979192372, -6964.662979192372, -6964.662979192372, -6964.662979192372, -6964.662979192372, -6964.662979192372, -6964.662979192372, -6964.662979192372, -6964.662979192372, -6964.662979192372, -6964.662979192372, -6964.662979192372, -6964.662979192372, -6964.662979192372, -6964.662979192372, -6964.662979192372], "epochs": [0, 0, 0, 0, 0, 0, 0, 0, 0, 0, 0, 0, 0, 0, 0, 0, 0, 0, 0, 0]}