{"time": [0.06200361251831055, 0.11602997779846191, 0.06298208236694336, 0.06744861602783203, 0.06611466407775879, 0.06332945823669434, 0.06189775466918945, 0.06512045860290527, 0.06305122375488281, 0.06206011772155762, 0.06382870674133301, 0.06319355964660645, 0.06153392791748047, 0.06685352325439453, 0.06246232986450195, 0.06481528282165527, 0.06529045104980469, 0.06294083595275879, 0.07052206993103027, 0.062174081802368164], "LL": [-5331.252007259974, -5331.252007259974, -5331.252007259974, -5331.252007259974, -5331.252007259974, -5331.252007259974, -5331.252007259974, -5331.252007259974, -5331.252007259974, -5331.252007259974, -5331.252007259974, -5331.252007259974, -5331.252007259974, -5331.252007259974, -5331.252007259974, -5331.252007259974, -5331.252007259974, -5331.252007259974, -5331.252007259974, -5331.252007259974], "epochs": [10, 10, 10, 10, 10, 10, 10, 10, 10, 10, 10, 10, 10, 10, 10, 10, 10, 10, 10, 10]}