{"time": [0.5236654281616211, 0.6005373001098633, 0.5593881607055664, 0.6807751655578613, 0.5835628509521484, 0.6270530223846436, 0.5334827899932861, 0.5814752578735352, 0.5660479068756104, 0.5407922267913818, 0.5062897205352783, 0.6634397506713867, 0.5428192615509033, 0.6275484561920166, 0.5955157279968262, 0.5613002777099609, 0.49700093269348145, 0.634620189666748, 0.5668468475341797, 0.5200581550598145], "LL": [-5331.252006917504, -5331.252006917241, -5331.252006916922, -5331.252006936158, -5331.252006943627, -5331.252006999906, -5331.25200694071, -5331.252006927785, -5331.252006916139, -5331.2520069408365, -5331.25200691594, -5331.252006935156, -5331.252006915837, -5331.252006944999, -5331.25200691612, -5331.252006920539, -5331.252007050309, -5331.252006916089, -5331.25200691589, -5331.252006946782], "epochs": [11.801566193853429, 13.177748226950355, 12.950059101654848, 14.940159574468085, 13.860963356973995, 14.514332151300238, 11.791666666666668, 13.316341607565013, 13.128250591016549, 12.672872340425531, 11.039154846335698, 13.751920803782507, 11.484633569739954, 13.593528368794328, 14.14804964539007, 13.712470449172578, 9.96985815602837, 14.207446808510639, 13.088652482269504, 11.98965721040189]}