{"time": [0.5128536224365234, 0.5989453792572021, 0.671781063079834, 0.7037546634674072, 0.5845644474029541, 0.6405913829803467, 0.625410795211792, 0.5906658172607422, 0.5581226348876953, 0.6324524879455566, 0.628859281539917, 0.6650059223175049, 0.6378569602966309, 0.5700185298919678, 0.6399006843566895, 0.6600251197814941, 0.7190341949462891, 0.6346373558044434, 0.5696403980255127, 0.6156432628631592], "LL": [5331.252006953275, 5331.252006922775, 5331.252006915878, 5331.252006981346, 5331.252006916074, 5331.252006920584, 5331.252006919822, 5331.252006970469, 5331.2520069200655, 5331.252006919624, 5331.252006915872, 5331.252006916462, 5331.252006918663, 5331.252006915905, 5331.252006916319, 5331.252006978321, 5331.252006916506, 5331.252006916562, 5331.252006917921, 5331.252006918964], "epochs": [10.84160756501182, 12.122340425531915, 13.55082742316785, 15.240543735224586, 11.885933806146571, 12.358747044917257, 11.639479905437351, 11.166666666666666, 10.930260047281324, 13.47695035460993, 12.55082742316785, 13.47695035460993, 13.151891252955082, 10.959810874704491, 12.432624113475176, 12.713356973995271, 15.580378250591016, 13.092789598108746, 11.03368794326241, 12.945035460992909]}