{"time": [1.0292117595672607, 0.9828016757965088, 1.0797600746154785, 0.9330084323883057, 0.8618495464324951, 0.8700742721557617, 1.0025694370269775, 1.0632426738739014, 1.183007001876831, 0.8587315082550049, 0.7173421382904053, 1.2648968696594238, 1.0560498237609863, 1.111624002456665, 0.8247666358947754, 1.3502390384674072, 1.077061414718628, 0.8751962184906006, 1.1652917861938477, 0.9694159030914307], "LL": [5331.252007066445, 5331.252007151071, 5331.252006992765, 5331.252007070639, 5331.252006981495, 5331.252007113706, 5331.252007052098, 5331.252006976712, 5331.252006993038, 5331.252007059465, 5331.252007095061, 5331.252007095154, 5331.252007028048, 5331.252007007722, 5331.252006954638, 5331.252007048963, 5331.252006980745, 5331.252006971087, 5331.252006920706, 5331.252007132587], "epochs": [39.01891252955083, 36.94503546099291, 40.1371158392435, 32.07801418439716, 27.10756501182033, 27.270094562647756, 29.87115839243499, 27.03368794326241, 35.713356973995275, 21.654255319148938, 17.95981087470449, 39.28486997635934, 30.462174940898343, 33.12234042553192, 22.25531914893617, 41.72813238770686, 32.403073286052006, 23.91548463356974, 34.81678486997636, 24.196217494089836]}