{"time": [0.20986056327819824, 0.23371434211730957, 0.24256682395935059, 0.2407526969909668, 0.24068856239318848, 0.24004077911376953, 0.2424008846282959, 0.24095892906188965, 0.2446763515472412, 0.24480557441711426, 0.24051237106323242, 0.24163198471069336, 0.24078130722045898, 0.2446277141571045, 0.24222135543823242, 0.24686503410339355, 0.2397465705871582, 0.24185800552368164, 0.24395251274108887, 0.24326205253601074], "LL": [5331.252006916124, 5331.252006916124, 5331.252006916124, 5331.252006916124, 5331.252006916124, 5331.252006916124, 5331.252006916124, 5331.252006916124, 5331.252006916124, 5331.252006916124, 5331.252006916124, 5331.252006916124, 5331.252006916124, 5331.252006916124, 5331.252006916124, 5331.252006916124, 5331.252006916124, 5331.252006916124, 5331.252006916124, 5331.252006916124], "epochs": [8.0, 8.0, 8.0, 8.0, 8.0, 8.0, 8.0, 8.0, 8.0, 8.0, 8.0, 8.0, 8.0, 8.0, 8.0, 8.0, 8.0, 8.0, 8.0, 8.0]}