{"time": [0.4656209945678711, 0.5165648460388184, 0.48105573654174805, 0.5636518001556396, 0.5443832874298096, 0.5022251605987549, 0.46132779121398926, 0.4726443290710449, 0.4982442855834961, 0.5309422016143799, 0.5429806709289551, 0.5255978107452393, 0.5356273651123047, 0.48277831077575684, 0.4641716480255127, 0.45380568504333496, 0.4934697151184082, 0.49994730949401855, 0.5929293632507324, 0.47939515113830566], "LL": [-5331.252006916082, -5331.252006921308, -5331.252006917992, -5331.252006917621, -5331.252006916128, -5331.252006924494, -5331.252006931549, -5331.252006916287, -5331.252006921484, -5331.2520069367765, -5331.25200691647, -5331.252006919578, -5331.252006926073, -5331.252006915848, -5331.252006918166, -5331.252006944584, -5331.252006927795, -5331.252006918576, -5331.2520069512575, -5331.252006916779], "epochs": [16.1371158392435, 17.683806146572103, 16.94503546099291, 18.580378250591018, 18.25531914893617, 16.092789598108745, 15.91548463356974, 16.048463356973997, 17.21099290780142, 17.491725768321512, 19.25531914893617, 17.35874704491726, 18.698581560283685, 16.98936170212766, 16.004137115839242, 14.47695035460993, 17.15189125295508, 17.87115839243499, 18.314420803782504, 16.32919621749409]}