{"time": [0.29265880584716797, 0.26499295234680176, 0.3308234214782715, 0.2927968502044678, 0.2952704429626465, 0.2844839096069336, 0.2880582809448242, 0.2994825839996338, 0.29131627082824707, 0.3039569854736328, 0.30124950408935547, 0.27907729148864746, 0.2887146472930908, 0.3476715087890625, 0.3036775588989258, 0.3061707019805908, 0.2841651439666748, 0.3319082260131836, 0.299776554107666, 0.31400251388549805], "LL": [5331.25200691582, 5331.252006915833, 5331.252006915833, 5331.252006915836, 5331.252006915831, 5331.252006915825, 5331.2520069158345, 5331.252006915831, 5331.252006915833, 5331.252006915828, 5331.252006915825, 5331.25200691583, 5331.252006915828, 5331.252006915828, 5331.252006915831, 5331.252006915831, 5331.252006915832, 5331.25200691583, 5331.252006915844, 5331.252006915831], "epochs": [7.536052009456264, 6.826832151300236, 7.949763593380613, 7.166666666666666, 7.151891252955083, 6.98936170212766, 7.299645390070922, 7.166666666666666, 7.107565011820331, 7.314420803782506, 7.210992907801418, 6.84160756501182, 7.0189125295508275, 7.787234042553191, 7.25531914893617, 7.373522458628841, 6.930260047281324, 7.4769503546099285, 7.151891252955083, 7.4326241134751765]}