{"time": [0.9275965690612793, 0.6689693927764893, 0.8288578987121582, 0.7717423439025879, 0.7345738410949707, 0.7374911308288574, 0.6924104690551758, 0.7754309177398682, 0.6286404132843018, 0.7196214199066162, 0.7890870571136475, 0.7984316349029541, 0.6883058547973633, 0.7736344337463379, 1.1437065601348877, 0.7206869125366211, 0.7037224769592285, 0.7036092281341553, 0.9074532985687256, 0.963397741317749], "LL": [-5331.252006941158, -5331.252006961657, -5331.252006915976, -5331.252006917988, -5331.252006920618, -5331.252006953086, -5331.252007060735, -5331.252006933667, -5331.252006954623, -5331.252006920371, -5331.252006979055, -5331.252006929983, -5331.252006918047, -5331.252006926206, -5331.252006924124, -5331.2520069719085, -5331.252006927913, -5331.25200692056, -5331.252006942192, -5331.2520069170105], "epochs": [26.092789598108745, 23.048463356973997, 23.122340425531917, 21.270094562647756, 21.88593380614657, 26.122340425531917, 25.048463356973997, 27.0531914893617, 21.37352245862884, 25.900709219858157, 26.196217494089836, 25.40307328605201, 23.004137115839242, 25.314420803782504, 28.092789598108745, 24.930260047281322, 23.01891252955083, 21.506501182033098, 20.12706855791962, 21.52127659574468]}