{"time": [0.28597092628479004, 0.27150535583496094, 0.26555752754211426, 0.30463290214538574, 0.32700228691101074, 0.3137955665588379, 0.265120267868042, 0.27875232696533203, 0.2832915782928467, 0.29852724075317383, 0.28475475311279297, 0.3291928768157959, 0.2845768928527832, 0.2828092575073242, 0.29393935203552246, 0.2746098041534424, 0.285506010055542, 0.28299450874328613, 0.3049025535583496, 0.26395344734191895], "LL": [-5331.252006915828, -5331.252006915831, -5331.252006915835, -5331.252006915832, -5331.252006915831, -5331.252006915833, -5331.252006915833, -5331.252006915827, -5331.252006915829, -5331.252006915831, -5331.252006915828, -5331.252006915834, -5331.252006915831, -5331.252006915837, -5331.252006915832, -5331.252006915829, -5331.252006915829, -5331.252006915831, -5331.252006915829, -5331.252006915833], "epochs": [7.343971631205673, 7.196217494089835, 6.945035460992908, 7.787234042553191, 7.5951536643026, 7.609929078014184, 6.900709219858156, 7.210992907801418, 7.092789598108746, 7.595153664302599, 7.314420803782506, 7.092789598108746, 7.240543735224586, 7.388297872340425, 7.343971631205673, 7.151891252955083, 7.32919621749409, 7.358747044917258, 7.846335697399526, 7.004137115839243]}