{"time": [0.5089259147644043, 0.5060358047485352, 0.5095860958099365, 0.5074522495269775, 0.5106983184814453, 0.5184512138366699, 0.510958194732666, 0.5150716304779053, 0.5078496932983398, 0.5140640735626221, 0.5163421630859375, 0.513024091720581, 0.5183835029602051, 0.5165910720825195, 0.5116913318634033, 0.5169599056243896, 0.5276460647583008, 0.5275933742523193, 0.5136570930480957, 0.5189590454101562], "LL": [-5331.25200693104, -5331.25200693104, -5331.25200693104, -5331.25200693104, -5331.25200693104, -5331.25200693104, -5331.25200693104, -5331.25200693104, -5331.25200693104, -5331.25200693104, -5331.25200693104, -5331.25200693104, -5331.25200693104, -5331.25200693104, -5331.25200693104, -5331.25200693104, -5331.25200693104, -5331.25200693104, -5331.25200693104, -5331.25200693104], "epochs": [25.0, 25.0, 25.0, 25.0, 25.0, 25.0, 25.0, 25.0, 25.0, 25.0, 25.0, 25.0, 25.0, 25.0, 25.0, 25.0, 25.0, 25.0, 25.0, 25.0]}