{"time": [0.6824140548706055, 0.7147171497344971, 0.7105517387390137, 0.7082698345184326, 0.7170717716217041, 0.7122905254364014, 0.7134871482849121, 0.7139239311218262, 0.7142801284790039, 0.7098727226257324, 0.7102169990539551, 0.7108979225158691, 0.712883710861206, 0.7091467380523682, 0.7085306644439697, 0.7088994979858398, 0.7099897861480713, 0.711245059967041, 0.7078084945678711, 0.7075183391571045], "LL": [5331.2520069478, 5331.2520069478, 5331.2520069478, 5331.2520069478, 5331.2520069478, 5331.2520069478, 5331.2520069478, 5331.2520069478, 5331.2520069478, 5331.2520069478, 5331.2520069478, 5331.2520069478, 5331.2520069478, 5331.2520069478, 5331.2520069478, 5331.2520069478, 5331.2520069478, 5331.2520069478, 5331.2520069478, 5331.2520069478], "epochs": [31.0, 31.0, 31.0, 31.0, 31.0, 31.0, 31.0, 31.0, 31.0, 31.0, 31.0, 31.0, 31.0, 31.0, 31.0, 31.0, 31.0, 31.0, 31.0, 31.0]}