{"time": [0.09099912643432617, 0.10084819793701172, 0.10650777816772461, 0.14394712448120117, 0.15766048431396484, 0.15917325019836426, 0.09393477439880371, 0.09554386138916016, 0.0954587459564209, 0.09452223777770996, 0.09320759773254395, 0.0930795669555664, 0.09196805953979492, 0.0962057113647461, 0.09258317947387695, 0.0937347412109375, 0.09002161026000977, 0.09029579162597656, 0.09268856048583984, 0.09256649017333984], "LL": [-5331.252006916162, -5331.252006916162, -5331.252006916162, -5331.252006916162, -5331.252006916162, -5331.252006916162, -5331.252006916162, -5331.252006916162, -5331.252006916162, -5331.252006916162, -5331.252006916162, -5331.252006916162, -5331.252006916162, -5331.252006916162, -5331.252006916162, -5331.252006916162, -5331.252006916162, -5331.252006916162, -5331.252006916162, -5331.252006916162], "epochs": [4.0, 4.0, 4.0, 4.0, 4.0, 4.0, 4.0, 4.0, 4.0, 4.0, 4.0, 4.0, 4.0, 4.0, 4.0, 4.0, 4.0, 4.0, 4.0, 4.0]}