{"time": [1.563722, 1.569173, 1.542633, 1.532953, 1.537431, 1.525817, 1.526422, 1.569378, 1.510328, 1.529529, 1.520749, 1.530627, 1.539532, 1.531625, 1.521262, 1.532632, 1.530291, 1.53962, 1.524144, 1.527565], "LL": [-22651.94331817805, -22651.94331817805, -22651.94331817805, -22651.94331817805, -22651.94331817805, -22651.94331817805, -22651.94331817805, -22651.94331817805, -22651.94331817805, -22651.94331817805, -22651.94331817805, -22651.94331817805, -22651.94331817805, -22651.94331817805, -22651.94331817805, -22651.94331817805, -22651.94331817805, -22651.94331817805, -22651.94331817805, -22651.94331817805], "epochs": [122, 122, 122, 122, 122, 122, 122, 122, 122, 122, 122, 122, 122, 122, 122, 122, 122, 122, 122, 122]}