{"time": [1.612601, 1.626189, 1.635362, 1.636921, 1.629181, 1.645622, 1.629002, 1.615654, 1.624464, 1.63043, 1.613072, 1.620477, 1.611071, 1.613811, 1.6099, 1.593065, 1.615652, 1.61907, 1.616337, 1.616316], "LL": [-22651.94331817805, -22651.94331817805, -22651.94331817805, -22651.94331817805, -22651.94331817805, -22651.94331817805, -22651.94331817805, -22651.94331817805, -22651.94331817805, -22651.94331817805, -22651.94331817805, -22651.94331817805, -22651.94331817805, -22651.94331817805, -22651.94331817805, -22651.94331817805, -22651.94331817805, -22651.94331817805, -22651.94331817805, -22651.94331817805], "epochs": [122, 122, 122, 122, 122, 122, 122, 122, 122, 122, 122, 122, 122, 122, 122, 122, 122, 122, 122, 122]}