{"time": [50.877416133880615, 50.7922945022583, 50.674535512924194, 50.52741575241089, 50.648162603378296, 50.25815677642822, 50.50416564941406, 50.819807291030884, 50.99224638938904, 50.88554787635803, 50.9608108997345, 50.552228927612305, 50.11512303352356, 50.48410367965698, 50.695576429367065, 50.54005837440491, 49.836456537246704, 50.07302451133728, 50.132877826690674, 50.25723600387573], "LL": [-22798.512639513014, -22802.197151572276, -22800.05539205934, -22799.024580088644, -22801.02600624589, -22801.35583317592, -22805.660517662345, -22804.139426692025, -22794.60014379522, -22800.43514076451, -22800.611511289324, -22799.498974129354, -22804.360677861932, -22804.603003848904, -22802.096544937685, -22799.004414721254, -22803.982768717848, -22801.84092987133, -22804.173459392885, -22803.856087829616], "epochs": [1000.8022417934347, 1000.8022417934347, 1000.6202780406143, 1000.5664895552806, 1000.7658490428706, 1000.7294562923066, 1000.5838852900501, 1000.7294562923066, 1000.6566707911784, 1000.7294562923066, 1000.7294562923066, 1000.6202780406143, 1000.6566707911784, 1000.6566707911784, 1000.7294562923066, 1000.911420045127, 1000.8386345439989, 1000.6566707911784, 1000.7658490428706, 1000.5838852900501]}