{"time": [1.4490001201629639, 1.3074615001678467, 1.4083783626556396, 1.4142255783081055, 1.2868988513946533, 1.391812801361084, 1.2954761981964111, 1.3454101085662842, 1.2649078369140625, 1.4083716869354248, 1.3543498516082764, 1.3202693462371826, 1.3463990688323975, 1.3272972106933594, 1.3683531284332275, 1.3691213130950928, 1.376704216003418, 1.34393310546875, 1.403578281402588, 1.3454227447509766], "LL": [-22651.942594284745, -22651.942594311124, -22651.942594284923, -22651.942594285163, -22651.94259428807, -22651.942594287815, -22651.9425942871, -22651.942594297274, -22651.942594283468, -22651.94259429925, -22651.942594289983, -22651.942594381486, -22651.942594288914, -22651.94259429155, -22651.94259429647, -22651.942594288397, -22651.94259428512, -22651.94259429714, -22651.942594284905, -22651.942594283704], "epochs": [8.62027804061431, 7.6566707911783976, 8.693063541742486, 8.838634543998836, 7.620278040614309, 7.729456292306573, 7.6566707911783976, 7.693063541742485, 7.6566707911783976, 8.729456292306573, 8.693063541742486, 7.6566707911783976, 7.693063541742485, 7.6566707911783976, 8.656670791178398, 8.62027804061431, 8.62027804061431, 7.6566707911783976, 8.656670791178398, 7.76584904287066]}