{"time": [1.4430973529815674, 1.3751308917999268, 1.4572815895080566, 1.3922827243804932, 1.4382376670837402, 1.366236686706543, 1.4406375885009766, 1.3305580615997314, 1.440176010131836, 1.3389415740966797, 1.3875300884246826, 1.4148616790771484, 1.30696439743042, 1.4127178192138672, 1.4324641227722168, 1.4863436222076416, 1.3899974822998047, 1.319535255432129, 1.482494592666626, 1.4338383674621582], "LL": [-22651.942594285825, -22651.942594289307, -22651.942594284068, -22651.942594285792, -22651.942594283508, -22651.9425942885, -22651.942594306933, -22651.942594385942, -22651.942594285196, -22651.94259430523, -22651.942595004002, -22651.942594326014, -22651.942594325126, -22651.942594343596, -22651.942594305685, -22651.942594284006, -22651.94259429252, -22651.942594371172, -22651.942594283846, -22651.942594304128], "epochs": [8.693063541742486, 7.693063541742485, 8.729456292306573, 7.693063541742485, 8.693063541742486, 7.6566707911783976, 9.62027804061431, 7.620278040614309, 9.62027804061431, 7.620278040614309, 7.693063541742485, 8.62027804061431, 6.693063541742485, 7.729456292306573, 7.76584904287066, 8.76584904287066, 7.693063541742485, 7.620278040614309, 8.76584904287066, 7.838634543998836]}