{"time": [2.9313299655914307, 2.8219616413116455, 2.7060203552246094, 2.884054660797119, 2.7110841274261475, 2.9198174476623535, 2.920551061630249, 2.929525375366211, 3.0383121967315674, 2.8415122032165527, 2.5838334560394287, 2.838855743408203, 2.7724807262420654, 2.6551735401153564, 2.7656495571136475, 2.674173355102539, 3.0287437438964844, 2.74687123298645, 3.208045721054077, 2.644235610961914], "LL": [-22651.94259440111, -22651.942595033976, -22651.942594553944, -22651.94259440284, -22651.942594662567, -22651.942594439763, -22651.94259437292, -22651.942594615444, -22651.942594333635, -22651.942594289223, -22651.942594632776, -22651.94259462987, -22651.942594336237, -22651.942594456817, -22651.942594435553, -22651.94259460843, -22651.942594298092, -22651.942594659715, -22651.942594305325, -22651.94259454888], "epochs": [33.69306354174249, 29.693063541742486, 27.693063541742486, 31.6566707911784, 30.62027804061431, 33.62027804061431, 30.693063541742486, 31.6566707911784, 33.69306354174249, 31.729456292306573, 26.6566707911784, 30.62027804061431, 28.802241793434746, 27.693063541742486, 29.693063541742486, 27.6566707911784, 34.72945629230657, 28.693063541742486, 37.6566707911784, 26.693063541742486]}