{"time": [1.5020649433135986, 1.4395205974578857, 1.4659934043884277, 1.6082603931427002, 1.5833353996276855, 1.386803150177002, 1.4406075477600098, 1.4861154556274414, 1.4516055583953857, 1.5943715572357178, 1.4093167781829834, 1.5746099948883057, 1.514695167541504, 1.4004790782928467, 1.5023174285888672, 1.4434959888458252, 1.394108772277832, 1.4273569583892822, 1.410475730895996, 1.4510598182678223], "LL": [-22651.942595494256, -22651.942594542594, -22651.942594663862, -22651.942595196626, -22651.942595320194, -22651.942594549295, -22651.942594448006, -22651.94259451083, -22651.942594342407, -22651.942595484747, -22651.942594448443, -22651.9425944568, -22651.94259455597, -22651.942594393935, -22651.942594329324, -22651.94259437696, -22651.942595085817, -22651.94259461188, -22651.942594382625, -22651.942596258676], "epochs": [9.693063541742486, 8.656670791178398, 9.62027804061431, 10.802241793434748, 11.62027804061431, 7.6566707911783976, 8.656670791178398, 9.693063541742486, 8.656670791178398, 10.729456292306573, 8.693063541742486, 10.693063541742486, 9.729456292306573, 9.583885290050222, 8.76584904287066, 8.656670791178398, 8.62027804061431, 8.656670791178398, 8.656670791178398, 8.802241793434748]}