{"time": [5.8947508335113525, 6.0653510093688965, 6.124486207962036, 6.126935958862305, 6.390576124191284, 6.204040050506592, 6.123656272888184, 6.354156970977783, 6.392447471618652, 6.149214029312134, 6.417673349380493, 5.978389501571655, 5.8355395793914795, 6.664752721786499, 6.701404094696045, 5.94913387298584, 6.215136289596558, 5.860159635543823, 6.121155023574829, 6.31450629234314], "LL": [-22651.94259494717, -22651.942595482473, -22651.94259489719, -22651.94259535724, -22651.942594319695, -22651.942594747718, -22651.942595309865, -22651.942594485878, -22651.94259478479, -22651.94259536245, -22651.94259442343, -22651.942594450287, -22651.942594923516, -22651.94259468896, -22651.942594752876, -22651.942594617936, -22651.94259541922, -22651.94259462748, -22651.942595586177, -22651.94259459273], "epochs": [81.91142004512702, 82.78484605866511, 85.02059829681927, 87.87502729456293, 89.148773564306, 86.38452580246015, 84.91142004512702, 88.98420554625518, 88.12977654851153, 83.16616929907562, 89.71206055753694, 80.2389548002038, 79.9478127956911, 96.2389548002038, 91.76745032389547, 81.2389548002038, 83.2389548002038, 79.87502729456293, 84.98420554625518, 88.91142004512702]}