{"time": [1.4400606155395508, 1.2919561862945557, 1.3481669425964355, 1.5167996883392334, 1.3889455795288086, 1.4745404720306396, 1.4514656066894531, 1.2860326766967773, 1.3786394596099854, 1.3629975318908691, 1.293602705001831, 1.5176334381103516, 1.3534953594207764, 1.3204951286315918, 1.3465332984924316, 1.3280980587005615, 1.3563711643218994, 13.544928789138794, 1.3335096836090088, 1.409562110900879], "LL": [-22651.942594543685, -22651.942594408236, -22651.942594349777, -22651.94259444343, -22651.942594853048, -22651.94259463582, -22651.94259436997, -22651.94259460095, -22651.94259442965, -22651.942594853248, -22651.94259443843, -22651.942594725137, -22651.942594723463, -22651.94259504955, -22651.942595105087, -22651.942594328426, -22651.942594553144, -22651.942596458382, -22651.942594566848, -22651.942594339398], "epochs": [7.729456292306573, 6.6566707911783976, 7.6566707911783976, 7.911420045127011, 7.729456292306573, 9.62027804061431, 7.76584904287066, 6.620278040614309, 7.6566707911783976, 7.620278040614309, 7.5838852900502225, 9.62027804061431, 6.875027294562923, 7.6566707911783976, 7.620278040614309, 6.6566707911783976, 6.729456292306573, 200.76584904287066, 7.620278040614309, 7.729456292306573]}