{"time": [6.198693513870239, 5.696029901504517, 6.5225958824157715, 6.770033121109009, 6.688529014587402, 6.147598743438721, 6.392568349838257, 6.337445497512817, 6.5409839153289795, 6.775953769683838, 6.110226154327393, 6.6071600914001465, 6.748425722122192, 6.469959020614624, 6.0859808921813965, 6.434719800949097, 6.375406265258789, 6.801452159881592, 6.84482741355896, 6.565256595611572], "LL": [-22651.942595527715, -22651.942595737266, -22651.942595468317, -22651.94259463233, -22651.942594868044, -22651.942595174336, -22651.942595348268, -22651.942594609485, -22651.942594994398, -22651.942594530894, -22651.942595980963, -22651.94259506246, -22651.94259475951, -22651.942594804284, -22651.9425954614, -22651.942594660242, -22651.94259490441, -22651.942594612046, -22651.942595308086, -22651.94259445186], "epochs": [81.91142004512702, 71.91142004512702, 86.45731130358833, 91.38452580246015, 90.9478127956911, 78.98420554625518, 83.45731130358833, 83.09338379794745, 87.27534755076789, 90.98420554625518, 76.09338379794745, 87.02059829681927, 90.98420554625518, 86.98420554625518, 76.31174030133198, 83.20256204963971, 81.63927505640876, 91.02059829681927, 92.2389548002038, 89.02059829681927]}