{"time": [1.4006168842315674, 1.2608444690704346, 1.4045743942260742, 1.2446722984313965, 1.3329362869262695, 1.3127715587615967, 1.4073190689086914, 64.6402051448822, 1.3800649642944336, 1.3363080024719238, 1.2651352882385254, 1.2362427711486816, 1.310774326324463, 1.4180335998535156, 64.46089625358582, 1.2498669624328613, 1.3313305377960205, 1.2062528133392334, 1.312300443649292, 1.3715436458587646], "LL": [-22651.94259438192, -22651.942594349945, -22651.942595294906, -22651.94259440238, -22651.942594719316, -22651.94259435646, -22651.942594345925, -22651.942594751636, -22651.942594612046, -22651.942594782224, -22651.94259458984, -22651.94259435795, -22651.942594516164, -22651.942595429955, -22651.942596458717, -22651.942594515975, -22651.94259436446, -22651.94259430239, -22651.94259461501, -22651.942595145458], "epochs": [7.729456292306573, 6.76584904287066, 9.62027804061431, 6.620278040614309, 7.6566707911783976, 7.620278040614309, 8.693063541742486, 1000.6930635417425, 7.729456292306573, 7.6566707911783976, 6.6566707911783976, 6.6566707911783976, 7.620278040614309, 9.62027804061431, 1000.7294562923066, 7.5838852900502225, 7.6566707911783976, 6.620278040614309, 7.6566707911783976, 7.729456292306573]}