{"time": [6.867307901382446, 6.860293626785278, 6.948994159698486, 6.744640350341797, 6.751725912094116, 6.987978935241699, 7.016724348068237, 6.774680852890015, 6.903436899185181, 6.7582621574401855, 6.956416130065918, 6.87349796295166, 6.940030336380005, 6.88007378578186, 6.874208688735962, 6.841141700744629, 6.924298286437988, 6.651226282119751, 6.626340627670288, 6.782321453094482], "LL": [-22651.942594290012, -22651.942594307588, -22651.94259428948, -22651.942594291046, -22651.942594290893, -22651.9425943052, -22651.942594415166, -22651.94259430712, -22651.94259429685, -22651.942595912908, -22651.942594292083, -22651.94259529211, -22651.94259431815, -22651.942595823017, -22651.94259560341, -22651.94259429343, -22651.94259526843, -22651.942594366414, -22651.94259438188, -22651.942594290063], "epochs": [90.91142004512702, 89.9478127956911, 91.91142004512702, 89.83863454399884, 89.02059829681927, 90.20256204963971, 91.9478127956911, 89.83863454399884, 90.31174030133198, 88.80224179343475, 90.16616929907562, 89.91142004512702, 90.91142004512702, 89.91142004512702, 89.9478127956911, 88.16616929907562, 89.27534755076789, 88.45731130358833, 90.09338379794745, 90.91142004512702]}