{"time": [10.851310968399048, 10.84480881690979, 10.776699304580688, 10.83647632598877, 10.600973129272461, 10.975725173950195, 10.87835144996643, 10.68234133720398, 10.629090547561646, 10.635912895202637, 10.884350776672363, 10.726661920547485, 10.76809024810791, 10.679078817367554, 10.772266864776611, 10.753870248794556, 10.644369125366211, 10.68526005744934, 10.728962898254395, 10.685863018035889], "LL": [-23348.824409911515, -23353.571765815406, -23320.045018120956, -23318.137720794624, -23525.61334371344, -23483.083714335684, -23395.916239332833, -23369.402221775104, -23502.43560280555, -23487.376285136026, -23400.772151788482, -23405.722591022994, -23477.01794040027, -23521.55633183734, -23506.53221767128, -23412.5919780723, -23497.881074082256, -23367.722170704434, -23366.583396371345, -23495.85634392808], "epochs": [200.65667079117839, 200.65667079117839, 200.6930635417425, 200.62027804061432, 200.5838852900502, 200.65667079117839, 200.83863454399884, 200.6930635417425, 200.80224179343475, 200.5838852900502, 200.83863454399884, 200.72945629230657, 200.80224179343475, 200.6930635417425, 200.6930635417425, 200.6930635417425, 200.65667079117839, 200.65667079117839, 200.72945629230657, 200.65667079117839]}