{"time": [2.053972005844116, 1.869554042816162, 1.8977930545806885, 1.9281680583953857, 1.780940294265747, 1.7957100868225098, 2.1427178382873535, 1.816237211227417, 1.9739863872528076, 1.9382374286651611, 1.8193857669830322, 1.7437565326690674, 1.7767927646636963, 1.856590747833252, 1.8809261322021484, 1.6194157600402832, 1.8570177555084229, 1.6934535503387451, 1.8189918994903564, 1.877265453338623], "LL": [-22651.942594323027, -22651.94259451916, -22651.9425943366, -22651.942594299613, -22651.942594284756, -22651.94259433586, -22651.942594317108, -22651.94259431173, -22651.942594290453, -22651.942594322194, -22651.942594315642, -22651.942594326996, -22651.942594388474, -22651.942594296273, -22651.942594320175, -22651.942594372562, -22651.94259430267, -22651.942594445634, -22651.94259442866, -22651.94259429717], "epochs": [15.693063541742486, 13.729456292306573, 13.76584904287066, 15.656670791178398, 13.583885290050222, 12.656670791178398, 18.693063541742486, 12.729456292306573, 14.729456292306573, 15.62027804061431, 12.656670791178398, 12.656670791178398, 13.656670791178398, 12.802241793434748, 13.76584904287066, 10.656670791178398, 14.62027804061431, 11.656670791178398, 12.729456292306573, 13.693063541742486]}