{"time": [6.571025609970093, 6.584845066070557, 6.607630252838135, 6.4494712352752686, 6.362337112426758, 6.537132263183594, 6.508837461471558, 6.643745422363281, 6.544900417327881, 6.617921590805054, 6.52815055847168, 6.5363929271698, 6.547187089920044, 6.6094560623168945, 6.894465684890747, 6.771978855133057, 6.550255060195923, 6.662909507751465, 6.450944185256958, 6.6855597496032715], "LL": [-22651.94259430049, -22651.94259431544, -22651.942594292283, -22651.94259456775, -22651.94259594471, -22651.94259431127, -22651.94259430129, -22651.942594302876, -22651.942594295662, -22651.942594297852, -22651.942594294625, -22651.942594297507, -22651.942594301665, -22651.94259432096, -22651.9425951164, -22651.942594296146, -22651.942594295557, -22651.942594360356, -22651.94259531947, -22651.942594294156], "epochs": [89.02059829681927, 90.87502729456293, 90.91142004512702, 89.83863454399884, 89.02059829681927, 90.91142004512702, 89.87502729456293, 88.2389548002038, 90.9478127956911, 90.91142004512702, 89.91142004512702, 90.91142004512702, 89.16616929907562, 90.9478127956911, 90.27534755076789, 89.16616929907562, 88.9478127956911, 90.98420554625518, 87.9478127956911, 89.9478127956911]}