{"time": [1.4137942790985107, 1.4619114398956299, 1.4666545391082764, 1.456186056137085, 1.4897959232330322, 1.575455904006958, 1.564601182937622, 1.4630162715911865, 1.6033718585968018, 1.4328289031982422, 1.5373036861419678, 1.5743567943572998, 1.4822921752929688, 1.5584826469421387, 1.4490866661071777, 1.5631821155548096, 1.460963249206543, 1.5502936840057373, 1.4602057933807373, 1.4382588863372803], "LL": [-22651.942594829397, -22651.94259461103, -22651.9425956943, -22651.942594642085, -22651.942595076103, -22651.94259457557, -22651.942594560853, -22651.9425950124, -22651.942594669887, -22651.942594447093, -22651.94259626995, -22651.94259499448, -22651.94259467314, -22651.942594539443, -22651.942594475797, -22651.942594421143, -22651.942594855635, -22651.942594447686, -22651.94259474265, -22651.942594496566], "epochs": [8.656670791178398, 9.656670791178398, 8.693063541742486, 9.62027804061431, 10.62027804061431, 9.802241793434748, 10.656670791178398, 9.62027804061431, 10.729456292306573, 9.583885290050222, 9.729456292306573, 10.802241793434748, 9.656670791178398, 9.729456292306573, 9.62027804061431, 10.693063541742486, 9.62027804061431, 9.729456292306573, 9.656670791178398, 8.76584904287066]}