{"time": [7.223730087280273, 7.154423713684082, 7.190074443817139, 7.200722932815552, 7.195913076400757, 7.183373928070068, 7.190129995346069, 7.207697153091431, 7.200954437255859, 7.211737632751465, 7.190475702285767, 7.181543350219727, 7.189735174179077, 7.199575662612915, 7.208842515945435, 7.196432113647461, 7.1761884689331055, 7.225794315338135, 7.19709587097168, 7.205644607543945], "LL": [-22651.94259594227, -22651.94259594227, -22651.94259594227, -22651.94259594227, -22651.94259594227, -22651.94259594227, -22651.94259594227, -22651.94259594227, -22651.94259594227, -22651.94259594227, -22651.94259594227, -22651.94259594227, -22651.94259594227, -22651.94259594227, -22651.94259594227, -22651.94259594227, -22651.94259594227, -22651.94259594227, -22651.94259594227, -22651.94259594227], "epochs": [111.0, 111.0, 111.0, 111.0, 111.0, 111.0, 111.0, 111.0, 111.0, 111.0, 111.0, 111.0, 111.0, 111.0, 111.0, 111.0, 111.0, 111.0, 111.0, 111.0]}