{"time": [6.988969802856445, 6.943352222442627, 6.932123184204102, 6.968656063079834, 6.983473539352417, 6.959159851074219, 6.915502548217773, 6.947201728820801, 6.940776824951172, 6.942199230194092, 6.933709383010864, 7.009046792984009, 6.96533203125, 6.926244497299194, 6.922549724578857, 6.903661251068115, 6.900861024856567, 6.9317426681518555, 7.064920902252197, 6.9125447273254395], "LL": [-22651.94259594227, -22651.94259594227, -22651.94259594227, -22651.94259594227, -22651.94259594227, -22651.94259594227, -22651.94259594227, -22651.94259594227, -22651.94259594227, -22651.94259594227, -22651.94259594227, -22651.94259594227, -22651.94259594227, -22651.94259594227, -22651.94259594227, -22651.94259594227, -22651.94259594227, -22651.94259594227, -22651.94259594227, -22651.94259594227], "epochs": [111.0, 111.0, 111.0, 111.0, 111.0, 111.0, 111.0, 111.0, 111.0, 111.0, 111.0, 111.0, 111.0, 111.0, 111.0, 111.0, 111.0, 111.0, 111.0, 111.0]}