{"time": [7.0169079303741455, 6.9409871101379395, 6.956164121627808, 7.03566312789917, 7.034574508666992, 6.963296413421631, 6.997036695480347, 7.008122205734253, 7.005488872528076, 6.971619129180908, 6.952168226242065, 7.010617256164551, 7.024223327636719, 6.966034173965454, 6.998985290527344, 7.002279996871948, 6.9894537925720215, 6.985260486602783, 6.970775604248047, 6.896174669265747], "LL": [-22651.94259516059, -22651.94259516059, -22651.94259516059, -22651.94259516059, -22651.94259516059, -22651.94259516059, -22651.94259516059, -22651.94259516059, -22651.94259516059, -22651.94259516059, -22651.94259516059, -22651.94259516059, -22651.94259516059, -22651.94259516059, -22651.94259516059, -22651.94259516059, -22651.94259516059, -22651.94259516059, -22651.94259516059, -22651.94259516059], "epochs": [108.0, 108.0, 108.0, 108.0, 108.0, 108.0, 108.0, 108.0, 108.0, 108.0, 108.0, 108.0, 108.0, 108.0, 108.0, 108.0, 108.0, 108.0, 108.0, 108.0]}