{"time": [6.877551555633545, 6.743935823440552, 6.733974933624268, 6.785064697265625, 6.782101392745972, 6.819726943969727, 6.75420880317688, 6.759176969528198, 6.741981506347656, 6.786478042602539, 6.791462421417236, 6.743574142456055, 6.763984203338623, 6.755295038223267, 6.778654336929321, 6.747899770736694, 6.791662693023682, 6.828164339065552, 6.784858465194702, 6.759982585906982], "LL": [-22651.94259516059, -22651.94259516059, -22651.94259516059, -22651.94259516059, -22651.94259516059, -22651.94259516059, -22651.94259516059, -22651.94259516059, -22651.94259516059, -22651.94259516059, -22651.94259516059, -22651.94259516059, -22651.94259516059, -22651.94259516059, -22651.94259516059, -22651.94259516059, -22651.94259516059, -22651.94259516059, -22651.94259516059, -22651.94259516059], "epochs": [108.0, 108.0, 108.0, 108.0, 108.0, 108.0, 108.0, 108.0, 108.0, 108.0, 108.0, 108.0, 108.0, 108.0, 108.0, 108.0, 108.0, 108.0, 108.0, 108.0]}