{"time": [10.528231143951416, 10.502577066421509, 10.488558053970337, 10.544535636901855, 10.521671056747437, 10.505990028381348, 10.531856060028076, 10.530730485916138, 10.553938388824463, 10.64419674873352, 10.510783433914185, 10.502577304840088, 10.593847751617432, 10.542626857757568, 10.584561824798584, 10.527489185333252, 10.532397508621216, 10.568599700927734, 10.587792873382568, 10.53525686264038], "LL": [-23613.76199236202, -23613.76199236202, -23613.76199236202, -23613.76199236202, -23613.76199236202, -23613.76199236202, -23613.76199236202, -23613.76199236202, -23613.76199236202, -23613.76199236202, -23613.76199236202, -23613.76199236202, -23613.76199236202, -23613.76199236202, -23613.76199236202, -23613.76199236202, -23613.76199236202, -23613.76199236202, -23613.76199236202, -23613.76199236202], "epochs": [200.0, 200.0, 200.0, 200.0, 200.0, 200.0, 200.0, 200.0, 200.0, 200.0, 200.0, 200.0, 200.0, 200.0, 200.0, 200.0, 200.0, 200.0, 200.0, 200.0]}