{"time": [52.711859464645386, 52.288933753967285, 52.08919310569763, 52.286375761032104, 52.31327295303345, 52.28053283691406, 52.04772067070007, 52.33356833457947, 52.31020760536194, 52.592615604400635, 52.384811878204346, 51.97098970413208, 51.70970630645752, 51.989116191864014, 51.92534852027893, 51.837658643722534, 51.96559929847717, 52.08092951774597, 51.968544244766235, 52.16196846961975], "LL": [-22810.850182927363, -22810.850182927363, -22810.850182927363, -22810.850182927363, -22810.850182927363, -22810.850182927363, -22810.850182927363, -22810.850182927363, -22810.850182927363, -22810.850182927363, -22810.850182927363, -22810.850182927363, -22810.850182927363, -22810.850182927363, -22810.850182927363, -22810.850182927363, -22810.850182927363, -22810.850182927363, -22810.850182927363, -22810.850182927363], "epochs": [1000.0, 1000.0, 1000.0, 1000.0, 1000.0, 1000.0, 1000.0, 1000.0, 1000.0, 1000.0, 1000.0, 1000.0, 1000.0, 1000.0, 1000.0, 1000.0, 1000.0, 1000.0, 1000.0, 1000.0]}