{"time": [0.6729519367218018, 0.6804327964782715, 0.6357131004333496, 0.6381714344024658, 0.6447787284851074, 0.6422851085662842, 0.6335816383361816, 0.6406292915344238, 0.6498391628265381, 0.6419224739074707, 0.6434946060180664, 0.6520965099334717, 0.6443126201629639, 0.6372833251953125, 0.6478593349456787, 0.6504294872283936, 0.6464872360229492, 0.650343656539917, 0.6581122875213623, 0.6659066677093506], "LL": [-22651.94259441287, -22651.94259441287, -22651.94259441287, -22651.94259441287, -22651.94259441287, -22651.94259441287, -22651.94259441287, -22651.94259441287, -22651.94259441287, -22651.94259441287, -22651.94259441287, -22651.94259441287, -22651.94259441287, -22651.94259441287, -22651.94259441287, -22651.94259441287, -22651.94259441287, -22651.94259441287, -22651.94259441287, -22651.94259441287], "epochs": [9.0, 9.0, 9.0, 9.0, 9.0, 9.0, 9.0, 9.0, 9.0, 9.0, 9.0, 9.0, 9.0, 9.0, 9.0, 9.0, 9.0, 9.0, 9.0, 9.0]}