{"time": [0.6234946250915527, 0.5978128910064697, 0.6041140556335449, 0.6050329208374023, 0.6130585670471191, 0.6010136604309082, 0.602384090423584, 0.6080615520477295, 0.6138458251953125, 0.6127715110778809, 0.5976791381835938, 0.6062688827514648, 0.6094772815704346, 0.612546443939209, 0.6017875671386719, 0.5999910831451416, 0.5943191051483154, 0.5932536125183105, 0.6027891635894775, 0.6026051044464111], "LL": [-22651.94259441287, -22651.94259441287, -22651.94259441287, -22651.94259441287, -22651.94259441287, -22651.94259441287, -22651.94259441287, -22651.94259441287, -22651.94259441287, -22651.94259441287, -22651.94259441287, -22651.94259441287, -22651.94259441287, -22651.94259441287, -22651.94259441287, -22651.94259441287, -22651.94259441287, -22651.94259441287, -22651.94259441287, -22651.94259441287], "epochs": [9.0, 9.0, 9.0, 9.0, 9.0, 9.0, 9.0, 9.0, 9.0, 9.0, 9.0, 9.0, 9.0, 9.0, 9.0, 9.0, 9.0, 9.0, 9.0, 9.0]}