{"time": [2.239980936050415, 1.9634552001953125, 2.24277663230896, 2.185800552368164, 2.1292004585266113, 2.137523651123047, 1.9211997985839844, 2.3355205059051514, 2.0619025230407715, 2.4163806438446045, 2.2804267406463623, 2.144864320755005, 2.378117799758911, 2.122468948364258, 2.129209518432617, 2.3358542919158936, 2.0325655937194824, 2.177304744720459, 1.9031200408935547, 2.1318140029907227], "LL": [-22651.942594368986, -22651.9425946011, -22651.942594321026, -22651.942594757813, -22651.942594405715, -22651.942594343356, -22651.9425944118, -22651.94259461493, -22651.942594528715, -22651.94259435481, -22651.942594297885, -22651.942594633398, -22651.94259624852, -22651.942594483757, -22651.94259477437, -22651.94259431593, -22651.94259488132, -22651.9425945527, -22651.94259436311, -22651.942594543292], "epochs": [37.72945629230657, 32.62027804061431, 39.62027804061431, 38.62027804061431, 37.62027804061431, 36.62027804061431, 31.583885290050222, 40.6566707911784, 34.58388529005022, 44.58388529005022, 40.62027804061431, 36.62027804061431, 42.6566707911784, 36.58388529005022, 35.72945629230657, 42.58388529005022, 33.62027804061431, 38.62027804061431, 31.62027804061431, 37.62027804061431]}