{"time": [3.8784680366516113, 3.972402334213257, 4.095998048782349, 3.851405143737793, 4.236795663833618, 3.7678937911987305, 3.964637279510498, 4.047942161560059, 3.794870138168335, 3.9313244819641113, 4.136895656585693, 3.9406051635742188, 4.0199339389801025, 3.916356086730957, 3.8406522274017334, 3.8277807235717773, 3.7892038822174072, 4.237242698669434, 3.986358880996704, 4.099912405014038], "LL": [-22651.94259431961, -22651.942594337266, -22651.942594357995, -22651.942594317563, -22651.942594288088, -22651.94259522862, -22651.94259436447, -22651.942594354627, -22651.94259430296, -22651.94259437122, -22651.942594425058, -22651.94259454389, -22651.94259431244, -22651.942594334436, -22651.942594299177, -22651.942594313266, -22651.942596114444, -22651.942594318225, -22651.942594335193, -22651.94259436182], "epochs": [35.482713443482055, 37.30074969066162, 41.6646771963025, 35.591891695174326, 45.555498944610235, 30.737462697430672, 36.44632069291797, 37.99221195137929, 32.519106194046145, 36.44632069291797, 42.482713443482055, 36.591891695174326, 37.846640949122936, 36.44632069291797, 33.6646771963025, 34.40992794235388, 31.701069946866586, 42.02860470194337, 35.9558192008152, 40.482713443482055]}