{"time": [6.764755725860596, 7.156573295593262, 7.387049198150635, 6.616820335388184, 7.087307691574097, 7.075773000717163, 6.515476703643799, 6.383513450622559, 6.912930011749268, 6.588886976242065, 7.564737558364868, 7.459606170654297, 6.844819068908691, 6.78715181350708, 6.6399619579315186, 6.8849711418151855, 7.3863091468811035, 6.803845643997192, 7.1058478355407715, 6.084018707275391], "LL": [-22651.942597021778, -22651.942594758773, -22651.942594477812, -22651.94259441223, -22651.942594684686, -22651.94259472669, -22651.942594954147, -22651.942594734643, -22651.942594306405, -22651.94259449118, -22651.942594359287, -22651.9425945148, -22651.94259456396, -22651.94259437026, -22651.942594329157, -22651.942594566048, -22651.942595170112, -22651.942594444452, -22651.942594290074, -22651.942594675766], "epochs": [98.59189169517433, 108.55549894461024, 115.59189169517433, 90.39253220758425, 101.9558192008152, 105.59189169517433, 90.62828444573842, 89.40992794235387, 108.08239318727709, 90.70106994686658, 130.35453817599534, 113.6646771963025, 99.55549894461024, 92.99221195137929, 90.77385544799476, 94.21056845476382, 125.50010917825169, 112.20896717373898, 100.77385544799476, 78.62828444573842]}