{"time": [4.1809773445129395, 1.8680970668792725, 8.30045747756958, 1.344836711883545, 8.294708967208862, 1.1040079593658447, 8.325148820877075, 8.274202346801758, 2.416559934616089, 1.7487399578094482, 1.1072254180908203, 1.0931146144866943, 7.247137069702148, 1.1390910148620605, 2.146063804626465, 8.217798948287964, 8.23274827003479, 0.9848546981811523, 8.273043632507324, 8.195379495620728], "LL": [-22651.94259586381, -22651.942595122975, -22651.942595531393, -22651.942597134057, -22651.942598234793, -22651.942595068147, -22651.942597392856, -22651.942595905086, -22651.942595915814, -22651.94259598116, -22651.942596920257, -22651.942597040525, -22651.9425950596, -22651.942595282482, -22651.94259570347, -22651.942596289213, -22651.94259663951, -22651.94259500791, -22651.942598524434, -22651.942595268738], "epochs": [90.62027804061431, 30.583885290050222, 200.62027804061432, 15.583885290050222, 200.62027804061432, 8.656670791178398, 200.65667079117839, 200.5838852900502, 43.6566707911784, 26.583885290050222, 9.62027804061431, 9.583885290050222, 172.65667079117839, 7.802241793434748, 36.62027804061431, 200.5838852900502, 200.65667079117839, 6.620278040614309, 200.62027804061432, 200.5838852900502]}