{"time": [8.738680362701416, 8.764777660369873, 8.68706727027893, 8.866470098495483, 3.9858906269073486, 8.831178188323975, 4.512787580490112, 4.335883617401123, 8.77925968170166, 4.184512138366699, 8.83394193649292, 8.797990798950195, 3.874943256378174, 4.13144326210022, 8.713710308074951, 8.73328685760498, 8.742621183395386, 3.9835638999938965, 8.803163051605225, 8.861989498138428], "LL": [-22651.942597399793, -22651.942597211342, -22651.942597203535, -22651.942597306926, -22651.94259542379, -22651.942595606582, -22651.942595763805, -22651.942597364516, -22651.942598547856, -22651.942597399237, -22651.942599686336, -22651.94259722065, -22651.94259713938, -22651.942597314603, -22651.942596428496, -22651.942596338853, -22651.94259790831, -22651.942595531185, -22651.94259683398, -22651.94259839549], "epochs": [200.12977654851153, 200.12977654851153, 200.83863454399884, 200.38452580246013, 75.45731130358833, 200.9478127956911, 89.16616929907562, 86.83863454399884, 200.87502729456293, 83.80224179343475, 200.38452580246013, 200.0205982968193, 73.91142004512702, 79.98420554625518, 200.80224179343475, 200.83863454399884, 200.12977654851153, 75.87502729456293, 200.87502729456293, 200.87502729456293]}