{"time": [1.2244386672973633, 1.1218810081481934, 1.1088995933532715, 6.0801780223846436, 1.0306792259216309, 1.0609662532806396, 1.0686144828796387, 1.0540406703948975, 9.490865230560303, 9.428966045379639, 1.134871482849121, 1.2468411922454834, 1.301715612411499, 1.1065082550048828, 1.5917689800262451, 9.468288898468018, 1.0847666263580322, 1.0763745307922363, 1.568603277206421, 1.2335307598114014], "LL": [-22651.94259604842, -22651.942594869557, -22651.94259462231, -22651.942594886157, -22651.942594563054, -22651.94259461932, -22651.942594516553, -22651.94259492016, -22651.942595568067, -22651.94259679095, -22651.94259563656, -22651.942595669592, -22651.942597477784, -22651.94259503339, -22651.942594616292, -22651.942595340483, -22651.942594587395, -22651.94259459849, -22651.942594586115, -22651.9425949866], "epochs": [9.62027804061431, 7.620278040614309, 7.5838852900502225, 123.58388529005022, 5.5838852900502225, 5.620278040614309, 6.5838852900502225, 6.5838852900502225, 200.65667079117839, 200.62027804061432, 7.620278040614309, 10.583885290050222, 11.583885290050222, 6.620278040614309, 17.6566707911784, 200.62027804061432, 6.6566707911783976, 5.620278040614309, 17.62027804061431, 9.62027804061431]}