{"time": [3.2172858715057373, 3.2722327709198, 3.1986169815063477, 3.1980831623077393, 3.1608283519744873, 3.273106336593628, 3.1669552326202393, 3.20099139213562, 3.1114699840545654, 3.1507625579833984, 3.1343796253204346, 3.141515016555786, 3.1394805908203125, 3.2829442024230957, 3.2151012420654297, 3.214912176132202, 3.264775276184082, 3.1093037128448486, 3.2667698860168457, 3.327052593231201], "LL": [-22651.942594283468, -22651.942594283468, -22651.94259428367, -22651.942594300377, -22651.942594289703, -22651.942594284195, -22651.942594292632, -22651.942594284592, -22651.942594489086, -22651.9425942888, -22651.94259429492, -22651.9425942996, -22651.942594288692, -22651.942594283406, -22651.942594283482, -22651.9425942871, -22651.942594286476, -22651.94259430044, -22651.942594287004, -22651.942594285127], "epochs": [15.519106194046147, 15.810248198558847, 15.337142441225708, 15.446320692917972, 15.446320692917972, 15.664677196302497, 15.446320692917972, 15.664677196302497, 15.300749690661622, 15.373535191789797, 15.337142441225708, 15.482713443482059, 15.300749690661622, 16.6646771963025, 15.737462697430672, 15.701069946866586, 15.91942645025111, 15.227964189533445, 15.883033699687024, 16.174175704199726]}