{"time": [5.436972379684448, 5.552774906158447, 5.398087024688721, 5.390599966049194, 5.364185571670532, 5.388564825057983, 5.412164926528931, 5.3648059368133545, 5.36592173576355, 5.366426944732666, 5.360570907592773, 5.38176155090332, 5.389124631881714, 5.367508172988892, 5.394831418991089, 5.398969650268555, 5.4082725048065186, 5.424813508987427, 5.398596286773682, 5.370171070098877], "LL": [-22651.942594534135, -22651.942594534135, -22651.942594534135, -22651.942594534135, -22651.942594534135, -22651.942594534135, -22651.942594534135, -22651.942594534135, -22651.942594534135, -22651.942594534135, -22651.942594534135, -22651.942594534135, -22651.942594534135, -22651.942594534135, -22651.942594534135, -22651.942594534135, -22651.942594534135, -22651.942594534135, -22651.942594534135, -22651.942594534135], "epochs": [132.0, 132.0, 132.0, 132.0, 132.0, 132.0, 132.0, 132.0, 132.0, 132.0, 132.0, 132.0, 132.0, 132.0, 132.0, 132.0, 132.0, 132.0, 132.0, 132.0]}