{"time": [7.831746816635132, 7.7076520919799805, 7.698941469192505, 7.734034299850464, 7.688239336013794, 7.702482461929321, 7.663882255554199, 7.681034564971924, 7.7019617557525635, 7.7016119956970215, 7.703935384750366, 7.670311212539673, 7.7235190868377686, 7.761401891708374, 7.751370668411255, 7.7727885246276855, 7.668116092681885, 7.7565436363220215, 7.702651739120483, 7.6839704513549805], "LL": [-22651.942598786052, -22651.942598786052, -22651.942598786052, -22651.942598786052, -22651.942598786052, -22651.942598786052, -22651.942598786052, -22651.942598786052, -22651.942598786052, -22651.942598786052, -22651.942598786052, -22651.942598786052, -22651.942598786052, -22651.942598786052, -22651.942598786052, -22651.942598786052, -22651.942598786052, -22651.942598786052, -22651.942598786052, -22651.942598786052], "epochs": [200.0, 200.0, 200.0, 200.0, 200.0, 200.0, 200.0, 200.0, 200.0, 200.0, 200.0, 200.0, 200.0, 200.0, 200.0, 200.0, 200.0, 200.0, 200.0, 200.0]}