{"time": [0.43364548683166504, 0.39757299423217773, 0.39481401443481445, 0.4008512496948242, 0.40496063232421875, 0.4017302989959717, 0.40341877937316895, 0.4111459255218506, 0.4002201557159424, 0.4040970802307129, 0.4054577350616455, 0.3981962203979492, 0.4065358638763428, 0.39937472343444824, 0.39794349670410156, 0.403458833694458, 0.39824867248535156, 0.40053892135620117, 0.39650487899780273, 0.40195178985595703], "LL": [-22651.942594283417, -22651.942594283417, -22651.942594283417, -22651.942594283417, -22651.942594283417, -22651.942594283417, -22651.942594283417, -22651.942594283417, -22651.942594283417, -22651.942594283417, -22651.942594283417, -22651.942594283417, -22651.942594283417, -22651.942594283417, -22651.942594283417, -22651.942594283417, -22651.942594283417, -22651.942594283417, -22651.942594283417, -22651.942594283417], "epochs": [8.0, 8.0, 8.0, 8.0, 8.0, 8.0, 8.0, 8.0, 8.0, 8.0, 8.0, 8.0, 8.0, 8.0, 8.0, 8.0, 8.0, 8.0, 8.0, 8.0]}