{"time": [0.6440966129302979, 0.5948483943939209, 0.6045513153076172, 0.6083478927612305, 0.5961096286773682, 0.6052446365356445, 0.6012215614318848, 0.605154275894165, 0.6098744869232178, 0.6022593975067139, 0.6031122207641602, 0.6147985458374023, 0.60487961769104, 0.5983638763427734, 0.5968625545501709, 0.6320323944091797, 0.6093893051147461, 0.5900256633758545, 0.6039049625396729, 0.6139106750488281], "LL": [-22651.94259826235, -22651.94259826235, -22651.94259826235, -22651.94259826235, -22651.94259826235, -22651.94259826235, -22651.94259826235, -22651.94259826235, -22651.94259826235, -22651.94259826235, -22651.94259826235, -22651.94259826235, -22651.94259826235, -22651.94259826235, -22651.94259826235, -22651.94259826235, -22651.94259826235, -22651.94259826235, -22651.94259826235, -22651.94259826235], "epochs": [13.0, 13.0, 13.0, 13.0, 13.0, 13.0, 13.0, 13.0, 13.0, 13.0, 13.0, 13.0, 13.0, 13.0, 13.0, 13.0, 13.0, 13.0, 13.0, 13.0]}