{"time": [1503.560461, 1490.472207, 1492.782217, 1461.697267, 1455.545838, 1459.795342, 1460.006578, 1454.177729, 1457.955029, 1458.436335, 1457.778838, 1457.079731, 1450.883236, 1460.259422, 1450.29796, 1458.360539, 1450.996908, 1456.603718, 1455.103557, 1458.41558], "LL": [-17304.29963850327, -17304.29963850327, -17304.29963850327, -17304.29963850327, -17304.29963850327, -17304.29963850327, -17304.29963850327, -17304.29963850327, -17304.29963850327, -17304.29963850327, -17304.29963850327, -17304.29963850327, -17304.29963850327, -17304.29963850327, -17304.29963850327, -17304.29963850327, -17304.29963850327, -17304.29963850327, -17304.29963850327, -17304.29963850327], "epochs": [1786, 1786, 1786, 1786, 1786, 1786, 1786, 1786, 1786, 1786, 1786, 1786, 1786, 1786, 1786, 1786, 1786, 1786, 1786, 1786]}