{"time": [1439.10865, 1430.515909, 1424.210592, 1392.719423, 1382.870005, 1386.334575, 1391.229676, 1397.322125, 1394.22572, 1391.722235, 1386.959379, 1383.844164, 1397.272464, 1382.862528, 1381.451351, 1384.056474, 1391.260935, 1378.505549, 1379.598519, 1389.396182], "LL": [-17304.29963850327, -17304.29963850327, -17304.29963850327, -17304.29963850327, -17304.29963850327, -17304.29963850327, -17304.29963850327, -17304.29963850327, -17304.29963850327, -17304.29963850327, -17304.29963850327, -17304.29963850327, -17304.29963850327, -17304.29963850327, -17304.29963850327, -17304.29963850327, -17304.29963850327, -17304.29963850327, -17304.29963850327, -17304.29963850327], "epochs": [1786, 1786, 1786, 1786, 1786, 1786, 1786, 1786, 1786, 1786, 1786, 1786, 1786, 1786, 1786, 1786, 1786, 1786, 1786, 1786]}