{"time": [575.4059536457062, 557.5493853092194, 562.5420820713043, 558.6558394432068, 562.0338394641876, 556.0034191608429, 557.0661356449127, 558.9439914226532, 560.2223427295685, 563.6195058822632, 564.4921717643738, 565.6092932224274, 559.7702071666718, 558.9091589450836, 565.8048131465912, 562.293782711029, 561.734620809555, 555.504944562912, 540.8697657585144, 538.8951411247253], "LL": [-20632.78785177174, -20916.49064797851, -20549.00766517328, -20798.40548704713, -20810.409897676633, -20833.115301216716, -20831.689866440385, -20742.911115816234, -20843.54673338396, -20558.0709917587, -20627.6959424507, -20696.336002205237, -20794.3824560614, -20871.31290480012, -20424.290844441744, -20614.836806995856, -20545.637423406763, -20717.95228110917, -20803.265389971337, -20837.2802346858], "epochs": [200.76584904287066, 200.6930635417425, 200.62027804061432, 200.65667079117839, 200.5838852900502, 200.72945629230657, 200.72945629230657, 200.80224179343475, 200.80224179343475, 200.72945629230657, 200.76584904287066, 200.87502729456293, 200.76584904287066, 200.72945629230657, 200.87502729456293, 200.6930635417425, 200.6930635417425, 200.9478127956911, 200.6930635417425, 200.65667079117839]}