{"time": [3115.423430919647, 3052.514636993408, 3025.9239189624786, 3019.8267798423767, 3009.9413809776306, 3011.9650871753693, 3022.810882329941, 3017.873846054077, 3015.1633071899414, 2965.3282749652863, 3030.9587564468384, 3031.09481716156, 3020.096579551697, 3014.9046721458435, 3018.7171790599823, 3036.164973258972, 3014.2667243480682, 3020.62824511528, 3020.391885280609, 2969.0512154102325], "LL": [-17304.27455168778, -17304.274551531118, -17304.274551425347, -17304.274551290076, -17304.274551358147, -17304.274551591985, -17304.27455165461, -17304.274551367183, -17304.274551248585, -17304.274553061066, -17304.27455135457, -17304.274551273476, -17304.27455171097, -17304.274551370174, -17304.27455144908, -17304.27455117888, -17304.274551423845, -17304.274552066858, -17304.274551216615, -17304.27455209158], "epochs": [858.9478127956911, 857.1661692990756, 859.9842055462552, 856.9842055462552, 856.9842055462552, 858.2215590654341, 859.0933837979475, 858.1297765485115, 856.911420045127, 842.4573113035883, 859.0933837979475, 861.9478127956911, 858.0205982968193, 856.2389548002038, 856.1297765485115, 861.7848460586652, 857.2025620496397, 858.8386345439989, 858.9842055462552, 844.9842055462552]}