{"time": [245.17392921447754, 337.60214495658875, 242.57106041908264, 242.2175886631012, 252.01479315757751, 302.4022171497345, 249.81154227256775, 239.39204573631287, 234.6233036518097, 222.57064962387085, 229.2602686882019, 219.54862332344055, 248.5589451789856, 212.18988370895386, 231.07630157470703, 246.19591903686523, 350.63632345199585, 234.1333441734314, 222.96350026130676, 272.4656193256378], "LL": [-17304.2745515422, -17304.274552183266, -17304.274552108745, -17304.274550811533, -17304.274551948172, -17304.27455164478, -17304.274551914234, -17304.2745510872, -17304.274551033825, -17304.274552226318, -17304.274551534352, -17304.27455066516, -17304.2745525417, -17304.274552187126, -17304.274552227143, -17304.27455267208, -17304.274550539, -17304.274550924598, -17304.27455145325, -17304.27455168977], "epochs": [32.72945629230657, 27.43991556881869, 31.14877356430599, 26.2389548002038, 34.875027294562926, 29.930417060921464, 36.51270106994687, 33.838634543998836, 31.838634543998836, 29.729456292306573, 32.51270106994687, 29.640876337433582, 32.9478127956911, 28.693063541742486, 29.802241793434746, 36.765849042870656, 30.512701069946868, 33.72945629230657, 32.6566707911784, 32.27534755076789]}