{"time": [572.8230133056641, 538.1990370750427, 505.478755235672, 493.57533717155457, 487.2517559528351, 489.18493604660034, 499.55172395706177, 523.8923170566559, 597.3124573230743, 537.1360228061676, 512.7532722949982, 515.8003685474396, 508.55837750434875, 532.2985491752625, 482.8728370666504, 460.49818539619446, 501.52943229675293, 674.7715361118317, 479.6224453449249, 539.8650031089783], "LL": [-17304.274557047036, -17304.27455190701, -17304.274551118382, -17304.274560872385, -17304.27455078844, -17304.274551186943, -17304.274552631006, -17304.274550781938, -17304.274552907937, -17304.27455082892, -17304.274556070148, -17304.274550921225, -17304.274550576407, -17304.274562639148, -17304.274551842205, -17304.27455371335, -17304.274558658803, -17304.27455926515, -17304.274554250514, -17304.274551949027], "epochs": [98.63927505640876, 88.5300968047165, 101.1867675958949, 97.89402431035738, 95.72945629230657, 97.72945629230657, 100.69306354174249, 101.05699104738336, 101.8212388092292, 99.20256204963971, 104.76584904287066, 98.09338379794745, 102.80224179343475, 93.49370405415242, 98.76905160492029, 91.6566707911784, 99.69306354174249, 97.27694883179271, 88.80224179343475, 106.25795181599825]}