{"time": [206.9351634979248, 293.5646815299988, 200.40835976600647, 207.3654282093048, 235.44826889038086, 239.73140740394592, 204.08867621421814, 189.29952931404114, 208.9775834083557, 191.69100666046143, 200.7231845855713, 322.4965078830719, 206.0372016429901, 192.2567970752716, 284.3429853916168, 215.5743818283081, 181.4799563884735, 198.665598154068, 215.0917613506317, 203.93769145011902], "LL": [-17304.27455032243, -17304.274550322552, -17304.274550350157, -17304.274550325783, -17304.27455032092, -17304.27455032272, -17304.274550412538, -17304.274550324903, -17304.274550331196, -17304.27455032361, -17304.274550323345, -17304.27455032111, -17304.274550323466, -17304.2745503217, -17304.27455032076, -17304.274550320344, -17304.274550328457, -17304.2745503212, -17304.27455031995, -17304.27455032363], "epochs": [22.841837106048477, 24.00320256204964, 21.33233859815125, 23.368731348715336, 22.7690516049203, 24.351335613945704, 19.514302350971686, 20.729456292306573, 20.8956255913822, 21.38772836450979, 21.838634543998836, 19.694664822767304, 22.951015357740737, 22.7690516049203, 24.930417060921464, 24.514302350971686, 22.732658854356213, 24.841837106048477, 20.91302132615183, 22.514302350971686]}