{"time": [2862.996114253998, 2832.3467774391174, 2784.1292769908905, 2772.800107717514, 2771.8689301013947, 2792.323863506317, 2769.0097131729126, 2775.6825823783875, 2776.957209587097, 2764.150966644287, 2777.4843549728394, 2775.73011302948, 2771.216874599457, 2763.49751329422, 2779.4888348579407, 2763.092657804489, 2770.6179666519165, 2786.2880566120148, 2777.0485832691193, 2779.213474035263], "LL": [-19302.66421934722, -19272.36576445755, -19185.039026540682, -19267.56157558494, -19258.07509342313, -18820.576592641668, -19231.473961024127, -19164.000269053642, -19062.35256029629, -19290.79973559535, -19037.177220131314, -19194.762212892994, -19233.05853120643, -19292.017651149476, -19196.495479259283, -19246.594058322276, -19095.712418439547, -18909.37585678948, -19089.823904229273, -19181.86335608175], "epochs": [1000.7294562923066, 1000.7294562923066, 1000.6566707911784, 1000.6202780406143, 1000.6930635417425, 1000.7294562923066, 1000.7658490428706, 1000.6930635417425, 1000.8022417934347, 1000.6930635417425, 1000.8022417934347, 1000.6930635417425, 1000.911420045127, 1000.6566707911784, 1000.8386345439989, 1000.8022417934347, 1000.7294562923066, 1000.7658490428706, 1000.1297765485115, 1000.6930635417425]}