{"time": [252.0501048564911, 327.7670361995697, 224.9138219356537, 227.6740345954895, 243.1189889907837, 214.97940468788147, 222.25184679031372, 228.11005520820618, 267.5572407245636, 217.71957731246948, 301.24071741104126, 242.58355450630188, 224.13667368888855, 281.6903965473175, 329.40580201148987, 257.801953792572, 236.91516518592834, 373.0215244293213, 240.89573097229004, 226.4753863811493], "LL": [-17304.27455032935, -17304.274550322363, -17304.274550330287, -17304.27455032908, -17304.27455032151, -17304.274550321767, -17304.27455032064, -17304.27455032867, -17304.27455032168, -17304.274550330334, -17304.274550322065, -17304.27455032712, -17304.274550328715, -17304.27455031981, -17304.274550321807, -17304.274550325637, -17304.274550321337, -17304.274550319496, -17304.274550340822, -17304.274550325394], "epochs": [29.295945847587163, 24.185166314870077, 23.295945847587163, 21.987408108304827, 26.987408108304827, 22.223160346458986, 23.841837106048477, 23.841837106048477, 25.604483586869495, 21.33233859815125, 25.587087852099863, 24.968411092510372, 25.259553097023073, 30.348133051896063, 24.185166314870077, 24.278550112817527, 26.460513865637964, 25.224761627483808, 24.4779096004076, 26.223160346458986]}