{"time": [1313.0734431743622, 13032.106936693192, 1232.1270229816437, 1230.3041017055511, 1048.6154594421387, 970.6517052650452, 1006.4252862930298, 1133.8924441337585, 12896.154180526733, 988.5247321128845, 1200.1262052059174, 12886.30386209488, 966.3463618755341, 1130.144831418991, 1042.748836517334, 1113.874916791916, 898.7068650722504, 1091.268795490265, 1214.0853283405304, 1029.9833312034607], "LL": [-17304.274551196184, -17304.274552331764, -17304.274551357325, -17304.274552793366, -17304.274551569793, -17304.274551699284, -17304.27455422326, -17304.27455208119, -17304.274551266375, -17304.27455157306, -17304.27455192634, -17304.27455389045, -17304.274551863313, -17304.27455260672, -17304.274553867304, -17304.274551886356, -17304.274555889788, -17304.27455327693, -17304.274551853174, -17304.274552043324], "epochs": [18.694664822767304, 200.0205982968193, 18.80544435548439, 18.56809083630541, 16.056991047383363, 14.76584904287066, 15.420918553024238, 17.223160346458986, 200.49370405415243, 15.056991047383361, 18.223160346458986, 200.76584904287066, 14.729456292306573, 17.022199577844095, 16.020598296819273, 16.9478127956911, 13.729456292306573, 16.729456292306573, 18.403522818254604, 15.76584904287066]}