{"time": [3245.558185815811, 3168.0437154769897, 3206.9354321956635, 3107.736214876175, 3285.9199662208557, 3123.5209317207336, 3096.7076637744904, 3062.9633424282074, 3138.238541126251, 3226.7201404571533, 3201.6903870105743, 3097.956533432007, 3160.266433238983, 3207.3721001148224, 3159.4375436306, 3138.3872973918915, 3076.5873861312866, 3164.2003231048584, 3182.179515838623, 3213.348479270935], "LL": [-17304.274552665483, -17304.27455391831, -17304.274551556377, -17304.27455256467, -17304.274551447415, -17304.27455260081, -17304.274553066698, -17304.274552889223, -17304.27455292339, -17304.274551373568, -17304.274551410086, -17304.27455398609, -17304.274552363302, -17304.27455225482, -17304.274552386185, -17304.27455338281, -17304.274552401595, -17304.274552180734, -17304.274551266008, -17304.274551595372], "epochs": [871.3687313487153, 871.9668098114855, 893.9842055462552, 864.1123808137419, 917.0949850789723, 868.386127083485, 860.7848460586652, 849.4573113035883, 872.8576315597933, 898.0933837979475, 891.4399155688187, 858.6946648227673, 878.6582720722032, 895.0048038430745, 877.7674503238954, 870.7674503238954, 852.4209185530242, 881.8386345439989, 887.6028823058447, 897.0569910473833]}