{"time": [1375.6998131275177, 1310.96950507164, 1142.5443797111511, 1036.8407545089722, 1066.6157577037811, 1208.676155090332, 1053.723794221878, 1031.4103307724, 1243.769963502884, 1063.1751465797424, 1239.2912321090698, 1159.7352244853973, 980.1114153862, 1151.8230366706848, 1139.5110335350037, 999.0515582561493, 65469.00671815872, 1118.7854840755463, 1184.766757965088, 1216.5706264972687], "LL": [-17304.2745522248, -17304.274551705585, -17304.27455225711, -17304.274555165943, -17304.274551833012, -17304.27455149786, -17304.274553922412, -17304.274552647752, -17304.274550782677, -17304.27455141465, -17304.274553102096, -17304.27455268318, -17304.274552297302, -17304.274552345552, -17304.27455398753, -17304.27455299074, -17304.27455347973, -17304.274551756924, -17304.274552992083, -17304.274554398038], "epochs": [18.693063541742486, 17.693063541742486, 15.311740301331975, 14.020598296819273, 15.056991047383361, 17.802241793434746, 15.748453308101027, 15.348133051896063, 18.71366183856176, 15.984205546255186, 18.604483586869495, 17.405124099279423, 14.802241793434748, 17.2389548002038, 17.039595312613727, 14.911420045127011, 1000.7120605575369, 16.784846058665114, 17.9478127956911, 18.420918553024237]}