{"time": [712.7960948944092, 703.9747412204742, 702.2945425510406, 703.021297454834, 705.3524985313416, 703.5204546451569, 706.7168772220612, 706.8481061458588, 702.680474281311, 690.7887268066406, 682.922545671463, 685.3225238323212, 686.793187379837, 683.8397588729858, 688.0140256881714, 686.2346048355103, 686.6290724277496, 689.3143744468689, 687.984979391098, 687.1206207275391], "LL": [-17489.673654222835, -17488.709332306862, -17490.76261722062, -17489.221050224958, -17485.50460297731, -17491.717347973827, -17493.11791227845, -17489.565535245427, -17489.6148260545, -17489.817241499368, -17487.388735658027, -17494.12406931051, -17486.12312710464, -17486.943290094838, -17487.53318840359, -17490.649723860977, -17492.242088047886, -17490.601762588412, -17492.827903718826, -17491.55739550411], "epochs": [200.12977654851153, 200.12977654851153, 200.9478127956911, 200.2753475507679, 200.98420554625517, 200.12977654851153, 200.98420554625517, 200.9478127956911, 200.09338379794747, 200.12977654851153, 200.09338379794747, 200.09338379794747, 200.09338379794747, 200.12977654851153, 200.98420554625517, 200.12977654851153, 200.31174030133198, 200.9478127956911, 200.9478127956911, 200.2389548002038]}