{"time": [405.534499168396, 214.01595878601074, 204.17136645317078, 209.18119978904724, 236.10451579093933, 207.63351249694824, 216.09591436386108, 196.05984663963318, 211.12907195091248, 238.0162799358368, 217.6211974620819, 235.96211528778076, 260.6338315010071, 246.40821266174316, 200.3412628173828, 204.2841236591339, 218.23116183280945, 201.98584008216858, 246.8206126689911, 230.93355989456177], "LL": [-17304.27455033707, -17304.274550327424, -17304.274550337905, -17304.274550320686, -17304.274550354752, -17304.274550321326, -17304.27455032341, -17304.274550321104, -17304.274550353006, -17304.274550322258, -17304.27455032638, -17304.274550348135, -17304.274550320035, -17304.27455032001, -17304.27455032823, -17304.2745503263, -17304.274550326663, -17304.274550322418, -17304.274550325885, -17304.27455034506], "epochs": [23.569692117330227, 22.91462260717665, 23.314942863381617, 23.424121115073877, 26.569692117330227, 20.838634543998836, 23.460513865637964, 22.696266103792127, 21.91462260717665, 21.314942863381617, 24.460513865637964, 24.056991047383363, 23.420918553024237, 22.2389548002038, 20.80544435548439, 22.7690516049203, 22.951015357740737, 22.732658854356213, 20.167770580100445, 25.060193609433]}