{"time": [725.6375737190247, 718.377813577652, 719.5593721866608, 719.8734588623047, 712.4430861473083, 698.6344954967499, 698.4384429454803, 703.1429169178009, 702.1114647388458, 704.0652849674225, 699.4057247638702, 698.4295082092285, 705.7214558124542, 695.7005929946899, 710.8915965557098, 700.4168202877045, 702.8490014076233, 710.3035936355591, 698.1624505519867, 698.2205836772919], "LL": [-17542.356263861162, -17530.77513831913, -17543.72110382442, -17530.978115640497, -17527.23208622205, -17525.516861175, -17525.554827743472, -17533.1330155384, -17540.200863330716, -17520.014093913047, -17539.238971331644, -17546.953021908925, -17520.298833209257, -17549.234307276263, -17506.956424607328, -17541.131749215794, -17521.79179535789, -17526.720870142857, -17566.4938017831, -17533.690471276703], "epochs": [200.1867675958949, 200.69466482276732, 200.0221995778441, 200.80384307445956, 200.7848460586651, 200.4399155688187, 200.07598806317782, 200.9478127956911, 200.46051386563795, 200.0949850789723, 200.38452580246013, 200.49370405415243, 200.96680981148555, 200.58548657107502, 200.29434456656236, 200.62187932163914, 200.74845330810103, 200.67726908799767, 200.49370405415243, 200.47630831938278]}