{"time": [271.5367739200592, 358.10156416893005, 253.58121943473816, 370.45890164375305, 250.24764442443848, 263.4583089351654, 305.21790170669556, 351.6735575199127, 260.0270676612854, 320.9499351978302, 403.21030354499817, 229.14975476264954, 262.45277285575867, 255.7203552722931, 242.97016835212708, 230.92867875099182, 220.07762837409973, 243.53987765312195, 270.3292534351349, 239.91826748847961], "LL": [-17304.274550773393, -17304.274554243562, -17304.274553874544, -17304.274551457147, -17304.274550626793, -17304.274551167273, -17304.274551728628, -17304.274551601906, -17304.274550986243, -17304.274550708946, -17304.274551410876, -17304.274550972437, -17304.274551274666, -17304.274551504845, -17304.274551670867, -17304.274551889324, -17304.27455182675, -17304.27455210997, -17304.274552463394, -17304.274551168175], "epochs": [33.4779096004076, 29.367130067690518, 34.765849042870656, 31.403522818254604, 30.91142004512701, 34.03959531261373, 28.675667806972854, 30.932018341946286, 35.460513865637964, 31.56809083630541, 27.05859232840818, 26.802241793434746, 31.09338379794745, 31.875027294562923, 31.677269087997672, 31.6566707911784, 29.53169808574132, 31.91462260717665, 33.257951815998254, 32.802241793434746]}