{"time": [721.6933882236481, 709.0992388725281, 709.2993438243866, 713.0285935401917, 708.5159764289856, 707.7464752197266, 706.9123151302338, 710.5470170974731, 709.9504199028015, 709.9079077243805, 708.1865231990814, 711.0828709602356, 708.538875579834, 708.568519115448, 710.6100001335144, 710.663782119751, 709.320273399353, 702.1811308860779, 692.5326890945435, 689.7022902965546], "LL": [-17528.307351833842, -17528.307351833842, -17528.307351833842, -17528.307351833842, -17528.307351833842, -17528.307351833842, -17528.307351833842, -17528.307351833842, -17528.307351833842, -17528.307351833842, -17528.307351833842, -17528.307351833842, -17528.307351833842, -17528.307351833842, -17528.307351833842, -17528.307351833842, -17528.307351833842, -17528.307351833842, -17528.307351833842, -17528.307351833842], "epochs": [200.0, 200.0, 200.0, 200.0, 200.0, 200.0, 200.0, 200.0, 200.0, 200.0, 200.0, 200.0, 200.0, 200.0, 200.0, 200.0, 200.0, 200.0, 200.0, 200.0]}