{"time": [3245.883219718933, 3201.98588180542, 3156.04016828537, 3167.0292422771454, 3161.902646780014, 3154.2260229587555, 3169.74666428566, 3189.621633529663, 3161.0813133716583, 3182.3271346092224, 3147.20854640007, 3160.45325756073, 3172.1411180496216, 3168.2521781921387, 3154.4591085910797, 3184.667762041092, 3147.7453825473785, 3194.87175488472, 3183.867737531662, 3173.735643863678], "LL": [-17304.274552974304, -17304.274552974304, -17304.274552974304, -17304.274552974304, -17304.274552974304, -17304.274552974304, -17304.274552974304, -17304.274552974304, -17304.274552974304, -17304.274552974304, -17304.274552974304, -17304.274552974304, -17304.274552974304, -17304.274552974304, -17304.274552974304, -17304.274552974304, -17304.274552974304, -17304.274552974304, -17304.274552974304, -17304.274552974304], "epochs": [872.0, 872.0, 872.0, 872.0, 872.0, 872.0, 872.0, 872.0, 872.0, 872.0, 872.0, 872.0, 872.0, 872.0, 872.0, 872.0, 872.0, 872.0, 872.0, 872.0]}