{"time": [729.6092755794525, 715.6144454479218, 713.9370477199554, 715.3506259918213, 715.8925874233246, 712.7745115756989, 716.5584833621979, 716.2714197635651, 719.0230560302734, 715.5861840248108, 711.5152475833893, 714.9194378852844, 712.0665080547333, 716.4880681037903, 714.6042699813843, 715.9466185569763, 712.6972153186798, 714.9175324440002, 714.6199171543121, 704.9753684997559], "LL": [-17569.43465223631, -17569.43465223631, -17569.43465223631, -17569.43465223631, -17569.43465223631, -17569.43465223631, -17569.43465223631, -17569.43465223631, -17569.43465223631, -17569.43465223631, -17569.43465223631, -17569.43465223631, -17569.43465223631, -17569.43465223631, -17569.43465223631, -17569.43465223631, -17569.43465223631, -17569.43465223631, -17569.43465223631, -17569.43465223631], "epochs": [200.0, 200.0, 200.0, 200.0, 200.0, 200.0, 200.0, 200.0, 200.0, 200.0, 200.0, 200.0, 200.0, 200.0, 200.0, 200.0, 200.0, 200.0, 200.0, 200.0]}