{"time": [3173.7902507781982, 3123.198125600815, 3119.5737433433533, 3130.628970146179, 3130.4888439178467, 3128.5814657211304, 3125.0588371753693, 3127.935562610626, 3126.3369777202606, 3124.419076681137, 3121.5767896175385, 3125.4747445583344, 3123.4921882152557, 3126.8570280075073, 3127.7656054496765, 3127.9977946281433, 3126.140772819519, 3135.831028699875, 3129.761151075363, 3126.7206287384033], "LL": [-17304.27455164011, -17304.27455164011, -17304.27455164011, -17304.27455164011, -17304.27455164011, -17304.27455164011, -17304.27455164011, -17304.27455164011, -17304.27455164011, -17304.27455164011, -17304.27455164011, -17304.27455164011, -17304.27455164011, -17304.27455164011, -17304.27455164011, -17304.27455164011, -17304.27455164011, -17304.27455164011, -17304.27455164011, -17304.27455164011], "epochs": [878.0, 878.0, 878.0, 878.0, 878.0, 878.0, 878.0, 878.0, 878.0, 878.0, 878.0, 878.0, 878.0, 878.0, 878.0, 878.0, 878.0, 878.0, 878.0, 878.0]}