{"time": [2887.4591901302338, 2846.571046590805, 2783.9122047424316, 2784.1999719142914, 2782.7326407432556, 2784.2722630500793, 2775.3738527297974, 2773.937216758728, 2773.4357347488403, 2775.2754089832306, 2772.8898758888245, 2774.569043636322, 2775.0640659332275, 2773.7389628887177, 2774.532665014267, 2775.4819207191467, 2774.5675592422485, 2775.2356946468353, 2775.1807115077972, 2774.8119575977325], "LL": [-19293.28521200342, -19293.28521200342, -19293.28521200342, -19293.28521200342, -19293.28521200342, -19293.28521200342, -19293.28521200342, -19293.28521200342, -19293.28521200342, -19293.28521200342, -19293.28521200342, -19293.28521200342, -19293.28521200342, -19293.28521200342, -19293.28521200342, -19293.28521200342, -19293.28521200342, -19293.28521200342, -19293.28521200342, -19293.28521200342], "epochs": [1000.0, 1000.0, 1000.0, 1000.0, 1000.0, 1000.0, 1000.0, 1000.0, 1000.0, 1000.0, 1000.0, 1000.0, 1000.0, 1000.0, 1000.0, 1000.0, 1000.0, 1000.0, 1000.0, 1000.0]}