{"time": [572.2440390586853, 564.6902749538422, 563.1984362602234, 563.7491581439972, 564.7361681461334, 564.0207269191742, 564.2548537254333, 564.2033195495605, 564.2510898113251, 563.4480805397034, 563.2896776199341, 562.7973093986511, 562.3323404788971, 553.6288406848907, 545.9572515487671, 542.3392059803009, 542.2984685897827, 542.7315781116486, 544.415274143219, 543.1917080879211], "LL": [-20993.542050422097, -20993.542050422097, -20993.542050422097, -20993.542050422097, -20993.542050422097, -20993.542050422097, -20993.542050422097, -20993.542050422097, -20993.542050422097, -20993.542050422097, -20993.542050422097, -20993.542050422097, -20993.542050422097, -20993.542050422097, -20993.542050422097, -20993.542050422097, -20993.542050422097, -20993.542050422097, -20993.542050422097, -20993.542050422097], "epochs": [200.0, 200.0, 200.0, 200.0, 200.0, 200.0, 200.0, 200.0, 200.0, 200.0, 200.0, 200.0, 200.0, 200.0, 200.0, 200.0, 200.0, 200.0, 200.0, 200.0]}