{"time": [1498.5892498493195, 1524.1796462535858, 1513.5790405273438, 1463.4707655906677, 1378.7137064933777, 1363.138249874115, 1368.7870435714722, 1384.86771774292, 1374.9613959789276, 1381.737102508545, 1375.5725648403168, 1384.9716935157776, 1370.6107947826385, 1373.5607650279999, 1362.1147887706757, 1357.8084485530853, 1372.9170553684235, 1389.0287101268768, 1369.2838988304138, 1368.287615776062], "LL": [-17304.2745563207, -17304.2745563207, -17304.2745563207, -17304.2745563207, -17304.2745563207, -17304.2745563207, -17304.2745563207, -17304.2745563207, -17304.2745563207, -17304.2745563207, -17304.2745563207, -17304.2745563207, -17304.2745563207, -17304.2745563207, -17304.2745563207, -17304.2745563207, -17304.2745563207, -17304.2745563207, -17304.2745563207, -17304.2745563207], "epochs": [20.0, 20.0, 20.0, 20.0, 20.0, 20.0, 20.0, 20.0, 20.0, 20.0, 20.0, 20.0, 20.0, 20.0, 20.0, 20.0, 20.0, 20.0, 20.0, 20.0]}