{"time": [1501.9560515880585, 1515.3903222084045, 1494.0104353427887, 1492.6334264278412, 1506.2801718711853, 1491.4674847126007, 1500.4644706249237, 1510.477790594101, 1490.0193390846252, 1441.6625652313232, 1367.9086825847626, 1360.3187510967255, 1367.5020153522491, 1370.3990595340729, 1344.186624288559, 1369.871586561203, 1350.8247117996216, 1354.4184174537659, 1359.9514343738556, 1354.2734792232513], "LL": [-17304.2745563207, -17304.2745563207, -17304.2745563207, -17304.2745563207, -17304.2745563207, -17304.2745563207, -17304.2745563207, -17304.2745563207, -17304.2745563207, -17304.2745563207, -17304.2745563207, -17304.2745563207, -17304.2745563207, -17304.2745563207, -17304.2745563207, -17304.2745563207, -17304.2745563207, -17304.2745563207, -17304.2745563207, -17304.2745563207], "epochs": [20.0, 20.0, 20.0, 20.0, 20.0, 20.0, 20.0, 20.0, 20.0, 20.0, 20.0, 20.0, 20.0, 20.0, 20.0, 20.0, 20.0, 20.0, 20.0, 20.0]}