{"time": [669.2203507423401, 636.7271611690521, 553.4207174777985, 575.6857435703278, 438.31862473487854, 580.4783334732056, 625.9579854011536, 626.4489812850952, 710.1775529384613, 647.9995517730713, 420.2024223804474, 527.2620856761932, 605.4771993160248, 585.946275472641, 654.6720790863037, 598.8712778091431, 428.22680711746216, 611.6941854953766, 648.8504509925842, 680.9895601272583], "LL": [-17304.27455284445, -17304.274550977134, -17304.2745504831, -17304.27455055041, -17304.274552131177, -17304.274553446678, -17304.274554296222, -17304.27455040787, -17304.274551155453, -17304.274551247345, -17304.274550382648, -17304.274550352635, -17304.274550363516, -17304.274553556606, -17304.274552046314, -17304.27455237406, -17304.274551723505, -17304.274550742935, -17304.274550339385, -17304.27455231589], "epochs": [224.00320256204964, 232.56648955528058, 219.49370405415243, 230.87502729456293, 151.16616929907562, 216.49370405415243, 264.89722687240703, 254.0205982968193, 266.8940243103574, 245.60288230584467, 137.31174030133198, 198.9478127956911, 214.8940243103574, 221.34813305189607, 225.33073731712642, 225.42091855302425, 134.5300968047165, 231.4573113035883, 234.8940243103574, 266.4573113035883]}