{"time": [2089.9629344940186, 2085.3505799770355, 2044.9112091064453, 2031.57079911232, 2032.4304285049438, 2027.3163685798645, 2029.6500668525696, 2034.977801322937, 2030.3640348911285, 2026.1979315280914, 2029.035293340683, 2030.7957079410553, 2027.3141067028046, 2027.8117101192474, 2025.5581834316254, 2026.5358781814575, 2028.5522241592407, 2027.936446905136, 2027.599033355713, 2024.6266434192657], "LL": [-17304.763444158518, -17304.36679000167, -17304.487652734246, -17305.53081668244, -17304.413773538046, -17304.93102006484, -17304.485865287927, -17304.4561065504, -17304.905381953078, -17304.64710022015, -17304.813406700898, -17305.326442372276, -17304.556270465288, -17304.70800475512, -17305.305754058187, -17305.76088852245, -17304.72547823499, -17304.616688983602, -17304.437876735148, -17305.556749629355], "epochs": [1000.7184656816362, 1000.6456801805081, 1000.7912511827644, 1000.7184656816362, 1000.6456801805081, 1000.5001091782517, 1000.7912511827644, 1000.6456801805081, 1000.6456801805081, 1000.6456801805081, 1000.6456801805081, 1000.6456801805081, 1000.7184656816362, 1000.7184656816362, 1000.7184656816362, 1000.6456801805081, 1000.7184656816362, 1000.5001091782517, 1000.6456801805081, 1000.6456801805081]}