{"time": [838.4495792388916, 991.3572721481323, 950.045608997345, 974.9807641506195, 947.4366888999939, 931.9487371444702, 774.7445495128632, 831.7436652183533, 909.6484682559967, 673.3506107330322, 702.5279543399811, 970.3671236038208, 699.3783888816833, 720.9727482795715, 907.7573521137238, 897.6194109916687, 894.0491743087769, 857.1329288482666, 885.7566266059875, 768.0626969337463], "LL": [-17304.274550409493, -17304.274554488544, -17304.274551546234, -17304.274554208707, -17304.274553060288, -17304.274550425293, -17304.274550912935, -17304.2745503954, -17304.274551426344, -17304.274550574763, -17304.274551206912, -17304.274550359805, -17304.27455331455, -17304.27455034128, -17304.274555942473, -17304.274550393257, -17304.274550342747, -17304.27455100758, -17304.274550382197, -17304.274550760947], "epochs": [180.48271344348206, 264.3371424412257, 222.81024819855884, 247.55549894461024, 238.02860470194338, 234.62828444573842, 182.26435694009754, 195.46531770871243, 250.51910619404615, 139.30074969066163, 156.26435694009754, 285.446320692918, 129.9194264502511, 160.40992794235387, 249.7010699468666, 253.9194264502511, 248.3735351917898, 232.9194264502511, 235.7010699468666, 175.59189169517433]}