{"time": [1269.9957156181335, 1269.3423943519592, 1409.3877487182617, 1250.8447439670563, 1222.7353749275208, 1126.9749083518982, 1175.8202164173126, 1268.576189994812, 1109.9092471599579, 1131.5097744464874, 1130.1291785240173, 1137.9158942699432, 1171.0614886283875, 1098.6914536952972, 1394.284835100174, 1152.9280624389648, 1186.295590877533, 1162.7976400852203, 1180.2138216495514, 1224.3722960948944], "LL": [-17304.274550344242, -17304.274550336693, -17304.27455031894, -17304.27455034021, -17304.274550319067, -17304.274550422477, -17304.274550318885, -17304.274550318893, -17304.27455034695, -17304.274550334165, -17304.2745503297, -17304.274550342427, -17304.27455031889, -17304.27455032798, -17304.27455031891, -17304.274550346723, -17304.274550319788, -17304.274550358336, -17304.274550325994, -17304.27455032216], "epochs": [16.591891695174322, 16.810248198558845, 18.5381032098406, 16.773855447994762, 17.3735351917898, 16.62828444573841, 17.446320692917972, 18.9558192008152, 16.48271344348206, 16.591891695174322, 16.62828444573841, 16.9558192008152, 17.446320692917972, 16.3735351917898, 20.91942645025111, 16.9558192008152, 17.48271344348206, 17.40992794235388, 17.501710459276513, 18.3735351917898]}