{"time": [12823.130058765411, 12558.048213243484, 12573.696834802628, 12558.940470457077, 12543.22911787033, 12543.039152622223, 12589.966038227081, 12575.339992284775, 12555.836876869202, 12544.161130905151, 636.458283662796], "LL": [-17304.27455789216, -17304.2745779384, -17304.27456259991, -17304.274572227878, -17304.27457860816, -17304.274573495317, -17304.274567344655, -17304.274562696573, -17304.274581199625, -17304.27456296164, -17304.2745665546], "epochs": [200.03959531261373, 200.2025620496397, 200.91142004512702, 200.60288230584467, 200.7848460586651, 200.148773564306, 200.76584904287066, 200.5300968047165, 200.38452580246013, 200.7848460586651, 9.894024310357377]}