{"time": [571.2312622070312, 529.5997910499573, 540.4906694889069, 571.7235372066498, 608.0944933891296, 528.2177383899689, 549.912346124649, 496.09611535072327, 210.1532747745514, 198.10259532928467, 534.2347912788391, 514.5313565731049, 218.93994855880737, 573.0350167751312, 183.36977195739746, 591.4720628261566, 554.0383954048157, 582.8928961753845, 553.7600083351135, 529.9457850456238], "LL": [-17304.27459383259, -17304.274560615275, -17304.27456534167, -17304.274555854605, -17304.27456006307, -17304.274554283453, -17304.27456630796, -17304.274561689752, -17304.27455491777, -17304.27455893354, -17304.274555468863, -17304.274572198065, -17304.274554904117, -17304.274575089516, -17304.274564344414, -17304.274561551247, -17304.274558442754, -17304.274580907466, -17304.274583260725, -17304.274564969863], "epochs": [200.4573113035883, 200.0205982968193, 200.16616929907562, 200.5300968047165, 200.03959531261373, 200.05699104738335, 200.34813305189607, 200.6930635417425, 16.639275056408763, 18.493704054152413, 200.31174030133198, 200.09338379794747, 25.675667806972854, 200.93041706092146, 27.056991047383363, 200.29434456656236, 200.63927505640876, 200.03959531261373, 200.63927505640876, 200.2753475507679]}