{"time": [429.5181040763855, 426.1386344432831, 424.9183645248413, 420.54336404800415, 416.08489894866943, 409.94809007644653, 413.06058382987976, 416.0839054584503, 419.5329782962799, 416.11286520957947, 426.5185923576355, 410.58611941337585, 418.78734064102173, 413.92742943763733, 417.81356978416443, 413.79315161705017, 423.9599437713623, 419.2932319641113, 431.2964198589325, 413.0648286342621], "LL": [-17434.438972221484, -17435.36866639208, -17433.713480617054, -17435.71358169064, -17436.3248328978, -17435.851435364028, -17435.944197310353, -17437.58467064949, -17433.790442810892, -17434.75650057777, -17435.96199085943, -17426.849636825547, -17434.557880240667, -17436.826114193183, -17432.009064829046, -17434.75754829218, -17435.595058956773, -17435.28260981483, -17436.375584089074, -17437.65463578817], "epochs": [200.2753475507679, 200.05699104738335, 200.93041706092146, 200.67566780697285, 200.2025620496397, 200.05699104738335, 200.0205982968193, 200.0205982968193, 200.71206055753694, 200.98420554625517, 200.2753475507679, 200.98420554625517, 200.0205982968193, 200.9478127956911, 200.9478127956911, 200.98420554625517, 200.98420554625517, 200.2753475507679, 200.98420554625517, 200.12977654851153]}