{"time": [420.0579979419708, 412.6100106239319, 411.17575216293335, 412.7251536846161, 414.33961725234985, 412.4524872303009, 406.7339577674866, 404.76502799987793, 402.4880359172821, 399.91239953041077, 401.5268008708954, 406.74261569976807, 400.9346778392792, 403.68817496299744, 405.5028123855591, 400.80336260795593, 400.6654803752899, 407.1279444694519, 400.08385467529297, 400.6912474632263], "LL": [-17487.89720836957, -17487.89720836957, -17487.89720836957, -17487.89720836957, -17487.89720836957, -17487.89720836957, -17487.89720836957, -17487.89720836957, -17487.89720836957, -17487.89720836957, -17487.89720836957, -17487.89720836957, -17487.89720836957, -17487.89720836957, -17487.89720836957, -17487.89720836957, -17487.89720836957, -17487.89720836957, -17487.89720836957, -17487.89720836957], "epochs": [200.0, 200.0, 200.0, 200.0, 200.0, 200.0, 200.0, 200.0, 200.0, 200.0, 200.0, 200.0, 200.0, 200.0, 200.0, 200.0, 200.0, 200.0, 200.0, 200.0]}