{"time": [2097.127424478531, 2085.395211458206, 2044.851984500885, 2038.688729763031, 2037.494125366211, 2040.475340127945, 2037.1605200767517, 2038.7381772994995, 2037.314330816269, 2043.010618686676, 2037.8561074733734, 2037.488243341446, 2036.3454191684723, 2036.851187467575, 2036.6301350593567, 2037.321717262268, 2037.6697113513947, 2038.6171765327454, 2036.7788484096527, 2037.8015749454498], "LL": [-17305.725910472265, -17305.725910472265, -17305.725910472265, -17305.725910472265, -17305.725910472265, -17305.725910472265, -17305.725910472265, -17305.725910472265, -17305.725910472265, -17305.725910472265, -17305.725910472265, -17305.725910472265, -17305.725910472265, -17305.725910472265, -17305.725910472265, -17305.725910472265, -17305.725910472265, -17305.725910472265, -17305.725910472265, -17305.725910472265], "epochs": [1000.0, 1000.0, 1000.0, 1000.0, 1000.0, 1000.0, 1000.0, 1000.0, 1000.0, 1000.0, 1000.0, 1000.0, 1000.0, 1000.0, 1000.0, 1000.0, 1000.0, 1000.0, 1000.0, 1000.0]}