{"time": [552.1056687831879, 569.175950050354, 571.3218507766724, 570.2991771697998, 567.7281498908997, 566.9637196063995, 568.2881371974945, 561.6250424385071, 557.0061581134796, 550.656093120575, 532.5007658004761, 522.631890296936, 525.1619012355804, 520.1818988323212, 504.3478949069977, 516.5473191738129, 511.82473850250244, 517.085357427597, 510.36196994781494, 505.6005141735077], "LL": [-17304.274550445898, -17304.274550445898, -17304.274550445898, -17304.274550445898, -17304.274550445898, -17304.274550445898, -17304.274550445898, -17304.274550445898, -17304.274550445898, -17304.274550445898, -17304.274550445898, -17304.274550445898, -17304.274550445898, -17304.274550445898, -17304.274550445898, -17304.274550445898, -17304.274550445898, -17304.274550445898, -17304.274550445898, -17304.274550445898], "epochs": [7.0, 7.0, 7.0, 7.0, 7.0, 7.0, 7.0, 7.0, 7.0, 7.0, 7.0, 7.0, 7.0, 7.0, 7.0, 7.0, 7.0, 7.0, 7.0, 7.0]}