{"time": [12875.794102191925, 12650.03157901764, 12684.195242404938, 12637.763369560242, 12640.164786815643, 12638.255808353424, 12632.443639039993, 12665.770487308502, 12646.486750602722, 12607.645564317703], "LL": [-17304.274568453584, -17304.274568453584, -17304.274568453584, -17304.274568453584, -17304.274568453584, -17304.274568453584, -17304.274568453584, -17304.274568453584, -17304.274568453584, -17304.274568453584], "epochs": [200.0, 200.0, 200.0, 200.0, 200.0, 200.0, 200.0, 200.0, 200.0, 200.0]}