{"time": [4878.334257, 4903.19827, 4773.681608, 4758.712794, 4753.299282, 4746.473446, 4739.94136, 4744.726412, 4742.899549, 4738.133927, 4737.35544, 4742.48249, 4736.76846, 4738.66673, 4742.165057, 4740.010127, 4736.438838, 4737.196766, 4737.170432, 4737.909714], "LL": [-52646.00740151577, -52646.00740151577, -52646.00740151577, -52646.00740151577, -52646.00740151577, -52646.00740151577, -52646.00740151577, -52646.00740151577, -52646.00740151577, -52646.00740151577, -52646.00740151577, -52646.00740151577, -52646.00740151577, -52646.00740151577, -52646.00740151577, -52646.00740151577, -52646.00740151577, -52646.00740151577, -52646.00740151577, -52646.00740151577], "epochs": [1996, 1996, 1996, 1996, 1996, 1996, 1996, 1996, 1996, 1996, 1996, 1996, 1996, 1996, 1996, 1996, 1996, 1996, 1996, 1996]}