{"time": [4690.169292, 4590.794842, 4583.675293, 4578.254627, 4575.242844, 4570.975135, 4573.941224, 4564.8095, 4568.346826, 4569.806532, 4565.456807, 4570.601524, 4562.494274, 4563.874381, 4567.075375, 4564.586239, 4568.085215, 4573.483808, 4580.682437, 4582.411987], "LL": [-52646.00740151577, -52646.00740151577, -52646.00740151577, -52646.00740151577, -52646.00740151577, -52646.00740151577, -52646.00740151577, -52646.00740151577, -52646.00740151577, -52646.00740151577, -52646.00740151577, -52646.00740151577, -52646.00740151577, -52646.00740151577, -52646.00740151577, -52646.00740151577, -52646.00740151577, -52646.00740151577, -52646.00740151577, -52646.00740151577], "epochs": [1996, 1996, 1996, 1996, 1996, 1996, 1996, 1996, 1996, 1996, 1996, 1996, 1996, 1996, 1996, 1996, 1996, 1996, 1996, 1996]}