{"time": [2100.202785730362, 2109.18110370636, 2074.9404702186584, 2104.437360525131, 2091.304416656494, 2091.644929409027, 2095.7792389392853, 2049.919953107834, 2045.4619376659393, 2049.4923083782196, 2043.5841596126556, 2042.8829712867737, 2048.3149235248566, 2065.715088367462, 2052.854984521866, 2064.6043694019318, 2045.9274237155914, 2049.52303147316, 2063.9151933193207, 2047.3889648914337], "LL": [-53282.85619816578, -53200.52904382179, -53288.14855369679, -53237.23300240795, -53341.95276009224, -53295.752230498925, -53233.21320224654, -53261.782219004854, -53275.618930742276, -53271.06565733748, -53254.68507336117, -53250.17950091695, -53311.142720102136, -53219.43156189247, -53245.618176498574, -53242.41721533392, -53301.26459324609, -53262.6843375322, -53255.52366935743, -53301.493722634754], "epochs": [200.14374861258418, 200.49012159928964, 200.37912833288112, 200.86009915398466, 200.78610364304566, 200.57644969538515, 200.60111486569815, 200.98342500554966, 200.41612608835064, 200.41612608835064, 200.29173963446217, 200.58878228054164, 200.30513282194215, 200.46545642897664, 200.97109242039318, 200.88476432429766, 200.81076881335866, 200.82310139851515, 200.86009915398466, 200.56411711022866]}