{"time": [448.72273206710815, 459.20932245254517, 458.69370770454407, 459.7409973144531, 476.1005985736847, 555.065071105957, 447.8539996147156, 495.48618745803833, 488.48069286346436, 457.391170501709, 474.7271420955658, 527.8118295669556, 465.3048965930939, 559.932205915451, 637.3866665363312, 457.6588444709778, 564.8359076976776, 486.50122714042664, 481.8507709503174, 496.4428527355194], "LL": [-52645.96519557503, -52645.965195559, -52645.96519630466, -52645.965194153956, -52645.965195705394, -52645.96519919861, -52645.9651970578, -52645.96519508798, -52645.96519474259, -52645.965195147095, -52645.96520178922, -52645.96520083519, -52645.96519500972, -52645.965201917264, -52645.965195253586, -52645.965197310696, -52645.96519755638, -52645.96520165917, -52645.96519522213, -52645.9651963505], "epochs": [24.266013861825716, 25.239227486865794, 23.391460918037637, 24.342130577411638, 22.490121599289644, 21.89709690945416, 24.280467651629134, 28.830130972054363, 25.031694743852206, 22.42845867350714, 26.329797992255138, 21.786103643045656, 25.8837037219742, 23.242409293836175, 22.254741878992675, 23.538391337592188, 27.69977554695015, 23.490121599289644, 27.266013861825716, 23.527119354759144]}