{"time": [1673.2080082893372, 1364.0911920070648, 1360.6472399234772, 1348.8843324184418, 1296.5925920009613, 1327.8113243579865, 1387.5721771717072, 1533.4477126598358, 1408.9420957565308, 1342.717024564743, 1320.6439695358276, 1284.90137052536, 1440.4472963809967, 1261.802466392517, 1487.5680453777313, 1363.4016032218933, 1333.5537557601929, 1364.868337392807, 1305.4989142417908, 1319.7957015037537], "LL": [-52645.965196471385, -52645.96520945616, -52645.96523462523, -52645.96519669694, -52645.96523108473, -52645.965210557246, -52645.965220008984, -52645.96520642724, -52645.96519948273, -52645.96522453332, -52645.965207073685, -52645.965232697075, -52645.96524733084, -52645.965205447916, -52645.96521607866, -52645.96524027836, -52645.96522066953, -52645.96519801648, -52645.96524406461, -52645.96522851102], "epochs": [98.69871494462669, 97.32979799225514, 101.8713711368177, 100.8590385516612, 93.29280023678564, 98.45206324149669, 98.49012159928964, 110.67511037663715, 103.35446316256814, 99.29280023678564, 100.32979799225514, 89.51478676960264, 99.06975310164516, 94.26813506647264, 103.87243173914116, 104.37912833288114, 99.37912833288114, 102.50245418444615, 99.31746540709864, 93.56411711022865]}