{"time": [1613.778601884842, 1593.9799025058746, 1609.5783414840698, 1605.1849613189697, 1608.6076664924622, 1562.700190782547, 1560.4055597782135, 1554.396047115326, 1557.5211367607117, 1560.5672643184662, 1573.4852392673492, 1570.5483796596527, 1563.4113011360168, 1563.5665185451508, 1555.7638466358185, 1592.4126975536346, 1562.0752935409546, 1562.89905834198, 1574.7633028030396, 1567.809683561325], "LL": [-62664.02849694622, -62830.436723084626, -62076.069947943695, -62630.50218586184, -61974.97985841207, -62748.42245581685, -62679.50446333091, -62760.2290019112, -62681.20462803053, -62701.36859046554, -62174.45073751859, -62140.32049867815, -62377.41482553482, -62692.11979912226, -62758.50041946962, -61240.05046201532, -62621.49572559586, -62705.59065372904, -62704.4793321362, -62675.200972691404], "epochs": [200.26813506647264, 200.23113731100312, 200.28046765162912, 200.31746540709864, 200.29280023678564, 200.34213057741164, 200.29280023678564, 200.29280023678564, 200.26813506647264, 200.28046765162912, 200.31746540709864, 200.32979799225512, 200.28046765162912, 200.30513282194215, 200.26813506647264, 200.28046765162912, 200.31746540709864, 200.26813506647264, 200.30513282194215, 200.32979799225512]}