{"time": [9017.19688820839, 8755.246222019196, 8717.810131549835, 8679.597993850708, 8717.675225019455, 8734.752551794052, 8574.110492706299, 8720.11545085907, 8710.953875541687, 8699.677162408829, 8677.037660121918, 8663.638389587402, 8728.946687698364, 8701.713780403137], "LL": [-52645.96520397444, -52645.965203811626, -52645.965202662155, -52645.96520402771, -52645.96520265096, -52645.96520409071, -52645.96520658298, -52645.96520296769, -52645.96520429066, -52645.96520399457, -52645.96520401149, -52645.96520383205, -52645.96520279733, -52645.96520384048], "epochs": [846.3791283328811, 844.4037935031942, 845.3544631625682, 841.5271193547592, 846.3667957477246, 847.3791283328811, 832.3791283328811, 846.3791283328811, 845.3667957477246, 844.4777890141331, 842.4037935031942, 840.4654564289766, 847.3421305774116, 843.3791283328811]}