{"time": [8230.558742284775, 8012.9907965660095, 7982.143708944321, 7952.9463403224945, 7959.115380764008, 7952.648099184036, 7959.23601770401, 7963.341776371002, 7993.197569608688, 7978.00603890419, 7970.036907911301, 7958.410105228424, 7990.030114889145, 7982.6348786354065, 7969.282578706741, 7978.743522167206], "LL": [-58113.01402578492, -57704.3647043712, -58101.250842056266, -58359.650698696954, -57826.56527110547, -57860.41807408398, -58331.3759208073, -57826.26236877368, -57205.4088673151, -58135.17524803188, -58344.638495912324, -58344.90177511371, -58071.533239391254, -58220.58893281611, -58168.58396624551, -58147.08992545206], "epochs": [1000.2928002367856, 1000.3051328219422, 1000.3051328219422, 1000.3051328219422, 1000.2804676516291, 1000.2681350664726, 1000.2558024813161, 1000.2928002367856, 1000.2681350664726, 1000.3297979922552, 1000.2681350664726, 1000.3174654070987, 1000.2928002367856, 1000.3667957477246, 1000.2928002367856, 1000.2681350664726]}