{"time": [483.28930139541626, 464.34844636917114, 496.1178421974182, 541.710688829422, 471.8641848564148, 523.4809532165527, 542.0254626274109, 452.55385971069336, 464.40911293029785, 505.73071122169495, 605.6545176506042, 538.5656535625458, 545.3105828762054, 545.2965793609619, 469.79370856285095, 507.64839363098145, 449.57375741004944, 583.9877610206604, 545.9766480922699, 545.1920676231384], "LL": [-52645.96519374383, -52645.96519613081, -52645.96519376169, -52645.96519551774, -52645.96519760302, -52645.96519436377, -52645.96519721918, -52645.965195375, -52645.9651941943, -52645.965199983824, -52645.96519829019, -52645.96519385672, -52645.96519894668, -52645.965197537174, -52645.96519472737, -52645.965198566264, -52645.96519768776, -52645.96519651055, -52645.96520029201, -52645.96519981302], "epochs": [26.317465407098638, 25.305132821942138, 25.403793503194137, 21.773771057889157, 26.280467651629134, 21.68744296179365, 22.724440717263153, 24.317465407098638, 24.290679032138716, 26.379128332881137, 21.11908344227117, 24.63811262116765, 19.921762079767163, 20.860099153984656, 26.268135066472635, 23.551784525072144, 22.8837037219742, 26.761438472732653, 26.551784525072144, 20.921762079767163]}