{"time": [3138.7147982120514, 2962.1919107437134, 3165.8473534584045, 2755.9839510917664, 2529.6307797431946, 2433.486615896225, 2527.1187376976013, 2696.4411945343018, 3193.6468834877014, 2716.2823491096497, 2609.0737822055817, 2404.156144618988, 2567.9615018367767, 2910.985263109207, 2958.2251596450806, 2707.4280247688293, 2359.6218762397766, 2343.5025391578674], "LL": [-52645.9651937531, -52645.965198275146, -52645.965217429744, -52645.9651979609, -52645.96520332638, -52645.96520289835, -52645.96520753716, -52645.965197415884, -52645.965200063765, -52645.965206096604, -52645.9651945568, -52645.9652033817, -52645.965198656944, -52645.96519984826, -52645.96519648627, -52645.965201737614, -52645.965195998455, -52645.96520205513], "epochs": [15.329797992255136, 14.354463162568138, 15.462274622006264, 14.069753101645166, 13.254741878992673, 12.761438472732655, 13.44079125866364, 14.069753101645166, 16.79313321658486, 14.366795747724638, 13.712108132106652, 12.490121599289644, 13.465456428976642, 15.462274622006264, 15.576449695385147, 14.317465407098636, 12.476728411809683, 12.551784525072145]}