{"time": [390.64439392089844, 388.97943019866943, 387.2329936027527, 403.2486538887024, 557.0864453315735, 373.27722358703613, 488.5832989215851, 351.5817325115204, 364.5129563808441, 395.4171006679535, 352.5651671886444, 389.3406312465668, 353.90705370903015, 348.55679869651794, 338.8353021144867, 453.43972086906433, 352.8474533557892, 435.6235842704773, 347.1479344367981, 366.41786456108093], "LL": [-52645.96519302927, -52645.96519300418, -52645.96519300743, -52645.965193030206, -52645.96519301855, -52645.96519300496, -52645.96519304978, -52645.96519302208, -52645.96519302805, -52645.96519300259, -52645.96519302367, -52645.965193001364, -52645.96519300889, -52645.96519301995, -52645.96519300856, -52645.965193011114, -52645.96519301779, -52645.965193025586, -52645.965193002645, -52645.96519300833], "epochs": [19.239227486865794, 15.490121599289644, 18.486939792319266, 19.10250844782083, 17.093357669634706, 17.315344202451715, 15.057420516488666, 15.340009372764719, 15.759317268085734, 18.783982438398738, 17.226894901709294, 21.63599141652073, 17.462274622006262, 16.315344202451715, 16.64832400167723, 16.820980193868238, 18.226894901709294, 17.10462965246775, 16.303011617295216, 16.031694743852206]}