{"time": [2605.654175758362, 2919.3605563640594, 2675.3604435920715, 2779.407962322235, 37227.35363173485], "LL": [-52645.96519488974, -52645.965198512036, -52645.96519573562, -52645.965206826375, -52645.96519877504], "epochs": [13.305132821942136, 14.860099153984658, 13.724440717263153, 14.179685765730211, 200.63599141652074]}