{"time": [545.7263739109039, 462.2428967952728, 493.5030417442322, 713.3443787097931, 540.2933773994446, 507.94832491874695, 526.3385436534882, 441.55716037750244, 502.43622875213623, 443.50274324417114, 468.575989484787, 461.4820010662079, 472.1248314380646, 424.8453938961029, 442.37846660614014, 510.10840249061584, 451.1288912296295, 435.0309250354767, 454.47567224502563, 429.06188702583313], "LL": [-52645.96519300346, -52645.96519300786, -52645.96519304048, -52645.96519302203, -52645.965193011565, -52645.96519301505, -52645.96519300172, -52645.96519301447, -52645.96519300631, -52645.96519301146, -52645.965193143726, -52645.96519301951, -52645.965193027434, -52645.96519306558, -52645.96519301617, -52645.9651930125, -52645.96519306963, -52645.96519302353, -52645.96519306879, -52645.96519302753], "epochs": [21.055299311841747, 18.796315023555238, 18.93197346027674, 19.67404977431369, 23.43973065634018, 21.192018350886713, 24.845645364181237, 21.290679032138716, 24.081025084478206, 20.36467454307772, 20.252620674345756, 23.68532175714673, 17.489060996966185, 19.315344202451715, 21.67298917199023, 24.081025084478206, 23.425276866536763, 21.63599141652073, 22.66065658683373, 19.34000937276472]}