{"time": [413.6301739215851, 672.90278840065, 513.0702588558197, 388.728187084198, 444.93063473701477, 507.44173860549927, 375.04828453063965, 370.4806478023529, 407.86559104919434, 426.33599281311035, 369.32402324676514, 384.37080121040344, 522.1818706989288, 400.9225513935089, 394.9628746509552, 403.7135474681854, 389.56567001342773, 689.6716094017029, 367.96856141090393, 492.59069991111755], "LL": [-52645.96519300339, -52645.96519302029, -52645.96519300261, -52645.96519307451, -52645.96519301678, -52645.965193027274, -52645.96519300561, -52645.9651930237, -52645.96519301333, -52645.96519302764, -52645.96519301454, -52645.965193017815, -52645.96519301048, -52645.96519300337, -52645.96519300725, -52645.96519301336, -52645.96519300487, -52645.965193010685, -52645.96519302956, -52645.9651930184], "epochs": [18.511604962632266, 18.004908368892288, 17.711047529783194, 17.486939792319266, 21.53627013294527, 17.227955504032753, 16.66065658683373, 16.278346446982216, 16.783982438398738, 17.845645364181237, 16.64832400167723, 17.278346446982216, 18.463335224329725, 18.290679032138716, 18.66065658683373, 19.251560072022297, 16.70998692745973, 13.8960363071307, 16.63599141652073, 16.438670054016722]}