{"time": [9203.58023571968, 8977.909645080566, 8716.30631327629, 9037.485824346542, 8712.841408252716, 8813.147274971008, 8968.29575753212, 8967.980560779572, 8982.93313574791, 8829.481359481812, 9016.682920694351, 8934.511582374573, 9052.05186843872, 9016.122258901596], "LL": [-52645.96520968077, -52645.965201624254, -52645.96520798083, -52645.96520163265, -52645.96522383003, -52645.96521927974, -52645.965201971405, -52645.96520612081, -52645.965209853435, -52645.96520843567, -52645.965207321584, -52645.96520368501, -52645.96520716173, -52645.96520812527], "epochs": [865.9217620797672, 868.9834250055496, 846.4037935031942, 882.4520632414967, 846.2794070493057, 859.5764496953851, 869.7244407172632, 873.1437486125842, 873.6997755469501, 856.5394519399156, 877.4777890141331, 868.0820856868016, 882.4777890141331, 880.7121081321067]}