{"time": [2051.725882768631, 2046.4403207302094, 2041.7897863388062, 2039.669216632843, 2047.7542080879211, 2023.1995108127594, 1996.0593860149384, 1994.8718929290771, 1993.1932578086853, 1992.7882628440857, 1993.5987527370453, 1998.920581817627, 1994.6914610862732, 1994.2193839550018, 1994.5678267478943, 1997.0519623756409, 1994.773955821991, 1995.7568635940552, 1996.8766565322876, 1992.3713383674622], "LL": [-53149.66761468659, -53142.43436517495, -53139.596556975426, -53147.84302531476, -53112.36260555847, -53122.57429151828, -53117.43450582942, -53116.13443900538, -53135.33465388484, -53119.971760308355, -53136.06104134226, -53117.618317331755, -53113.796144476655, -53118.5444838538, -53128.82644764496, -53103.650926524344, -53153.901308229695, -53142.66571873563, -53142.252903192864, -53128.374196533376], "epochs": [200.34213057741164, 200.50245418444615, 200.35446316256815, 200.32979799225512, 200.44079125866364, 200.41612608835064, 200.69977554695015, 200.55178452507215, 200.32979799225512, 200.50245418444615, 200.36679574772464, 200.47778901413315, 200.42845867350712, 200.44079125866364, 200.37912833288112, 200.50245418444615, 200.42845867350712, 200.45312384382015, 200.55178452507215, 200.39146091803764]}