{"time": [2036.4137251377106, 2029.2156813144684, 2026.7080748081207, 2026.8294503688812, 2006.7074925899506, 1978.9175968170166, 1983.2112500667572, 1978.9493777751923, 1979.4499554634094, 1980.8691449165344, 1979.8290574550629, 1978.994613647461, 1982.0400862693787, 1977.4807918071747, 1978.1410853862762, 1979.6706023216248, 1978.4989371299744, 1979.9140620231628, 1982.7314898967743, 1980.8604135513306], "LL": [-53276.78402547893, -53276.78402547893, -53276.78402547893, -53276.78402547893, -53276.78402547893, -53276.78402547893, -53276.78402547893, -53276.78402547893, -53276.78402547893, -53276.78402547893, -53276.78402547893, -53276.78402547893, -53276.78402547893, -53276.78402547893, -53276.78402547893, -53276.78402547893, -53276.78402547893, -53276.78402547893, -53276.78402547893, -53276.78402547893], "epochs": [200.0, 200.0, 200.0, 200.0, 200.0, 200.0, 200.0, 200.0, 200.0, 200.0, 200.0, 200.0, 200.0, 200.0, 200.0, 200.0, 200.0, 200.0, 200.0, 200.0]}