{"time": [9550.163611650467, 9320.579412460327, 9311.501744031906, 9308.707837820053, 9310.779502391815, 9315.607529640198, 9300.442692756653, 9313.979207515717, 9318.358877182007, 9322.641607046127, 9307.55062866211, 9337.069816112518, 9320.151906967163], "LL": [-52645.965206621, -52645.965206621, -52645.965206621, -52645.965206621, -52645.965206621, -52645.965206621, -52645.965206621, -52645.965206621, -52645.965206621, -52645.965206621, -52645.965206621, -52645.965206621, -52645.965206621], "epochs": [885.0, 885.0, 885.0, 885.0, 885.0, 885.0, 885.0, 885.0, 885.0, 885.0, 885.0, 885.0, 885.0]}