{"time": [9047.687564373016, 8835.2540102005, 8787.070631742477, 8780.907750606537, 8781.79365682602, 8787.75757265091, 8793.464158058167, 8793.570544242859, 8792.577379226685, 8784.895103931427, 8792.674825668335, 8795.77968788147, 8790.89469742775, 8804.973304271698], "LL": [-52645.96520384175, -52645.96520384175, -52645.96520384175, -52645.96520384175, -52645.96520384175, -52645.96520384175, -52645.96520384175, -52645.96520384175, -52645.96520384175, -52645.96520384175, -52645.96520384175, -52645.96520384175, -52645.96520384175, -52645.96520384175], "epochs": [868.0, 868.0, 868.0, 868.0, 868.0, 868.0, 868.0, 868.0, 868.0, 868.0, 868.0, 868.0, 868.0, 868.0]}