{"time": [2101.0375847816467, 2083.0536353588104, 2031.3117249011993, 2029.997730731964, 2034.0772354602814, 2035.4199464321136, 2029.4614267349243, 2032.31396818161, 2033.2164709568024, 2032.8727560043335, 2031.1791834831238, 2031.8222329616547, 2034.5514018535614, 2029.3438565731049, 2032.7528014183044, 2035.8617625236511, 2035.9125814437866, 2034.0157351493835, 2032.2205228805542, 2035.7860260009766], "LL": [-53379.828014715415, -53379.828014715415, -53379.828014715415, -53379.828014715415, -53379.828014715415, -53379.828014715415, -53379.828014715415, -53379.828014715415, -53379.828014715415, -53379.828014715415, -53379.828014715415, -53379.828014715415, -53379.828014715415, -53379.828014715415, -53379.828014715415, -53379.828014715415, -53379.828014715415, -53379.828014715415, -53379.828014715415, -53379.828014715415], "epochs": [200.0, 200.0, 200.0, 200.0, 200.0, 200.0, 200.0, 200.0, 200.0, 200.0, 200.0, 200.0, 200.0, 200.0, 200.0, 200.0, 200.0, 200.0, 200.0, 200.0]}