{"time": [8220.961813926697, 8038.0027141571045, 8019.2975878715515, 8006.552228927612, 8017.598440170288, 8013.506304502487, 8021.665372848511, 8001.647384405136, 8014.36884188652, 8019.824639081955, 8018.323277711868, 8022.52316403389, 8018.001121759415, 8023.56227684021, 8019.349935770035, 8021.21035194397], "LL": [-58174.10861672539, -58174.10861672539, -58174.10861672539, -58174.10861672539, -58174.10861672539, -58174.10861672539, -58174.10861672539, -58174.10861672539, -58174.10861672539, -58174.10861672539, -58174.10861672539, -58174.10861672539, -58174.10861672539, -58174.10861672539, -58174.10861672539, -58174.10861672539], "epochs": [1000.0, 1000.0, 1000.0, 1000.0, 1000.0, 1000.0, 1000.0, 1000.0, 1000.0, 1000.0, 1000.0, 1000.0, 1000.0, 1000.0, 1000.0, 1000.0]}