{"time": [1594.9651410579681, 1563.1527411937714, 1567.5938777923584, 1567.4524359703064, 1569.2198357582092, 1567.017600774765, 1568.9397666454315, 1570.8113203048706, 1569.8277304172516, 1569.6250047683716, 1568.1244111061096, 1569.785677433014, 1572.2052826881409, 1568.59353017807, 1568.6827774047852, 1567.5645701885223, 1568.7226583957672, 1574.33047580719, 1568.9351406097412, 1571.5833885669708], "LL": [-63156.69327953453, -63156.69327953453, -63156.69327953453, -63156.69327953453, -63156.69327953453, -63156.69327953453, -63156.69327953453, -63156.69327953453, -63156.69327953453, -63156.69327953453, -63156.69327953453, -63156.69327953453, -63156.69327953453, -63156.69327953453, -63156.69327953453, -63156.69327953453, -63156.69327953453, -63156.69327953453, -63156.69327953453, -63156.69327953453], "epochs": [200.0, 200.0, 200.0, 200.0, 200.0, 200.0, 200.0, 200.0, 200.0, 200.0, 200.0, 200.0, 200.0, 200.0, 200.0, 200.0, 200.0, 200.0, 200.0, 200.0]}