{"time": [3991.7505764961243, 4024.849463701248, 3987.42484664917, 3994.7351808547974, 3885.017489671707, 3892.8621253967285, 3886.982562303543, 3852.577066898346, 3848.41694521904, 3868.1174216270447, 3879.5756435394287, 3901.015290737152, 3864.282744407654, 3913.4887232780457, 3868.4773745536804, 3884.6194338798523, 3880.979038953781, 3897.2562856674194, 3880.1420221328735, 3905.4163172245026], "LL": [-52645.96520026723, -52645.96520026723, -52645.96520026723, -52645.96520026723, -52645.96520026723, -52645.96520026723, -52645.96520026723, -52645.96520026723, -52645.96520026723, -52645.96520026723, -52645.96520026723, -52645.96520026723, -52645.96520026723, -52645.96520026723, -52645.96520026723, -52645.96520026723, -52645.96520026723, -52645.96520026723, -52645.96520026723, -52645.96520026723], "epochs": [20.0, 20.0, 20.0, 20.0, 20.0, 20.0, 20.0, 20.0, 20.0, 20.0, 20.0, 20.0, 20.0, 20.0, 20.0, 20.0, 20.0, 20.0, 20.0, 20.0]}