{"time": [4236.186158418655, 4231.32706618309, 4098.537633895874, 3976.682806968689, 3955.450548887253, 3914.5375859737396, 3947.668008327484, 3946.552609205246, 3924.6604602336884, 3952.479648590088, 3934.9545426368713, 3964.1849920749664, 3962.781007528305, 3928.3180446624756, 3956.5015604496, 3970.2915802001953, 3939.7743616104126, 3972.5618512630463, 3947.4974048137665, 3919.906985282898], "LL": [-52645.96520026723, -52645.96520026723, -52645.96520026723, -52645.96520026723, -52645.96520026723, -52645.96520026723, -52645.96520026723, -52645.96520026723, -52645.96520026723, -52645.96520026723, -52645.96520026723, -52645.96520026723, -52645.96520026723, -52645.96520026723, -52645.96520026723, -52645.96520026723, -52645.96520026723, -52645.96520026723, -52645.96520026723, -52645.96520026723], "epochs": [20.0, 20.0, 20.0, 20.0, 20.0, 20.0, 20.0, 20.0, 20.0, 20.0, 20.0, 20.0, 20.0, 20.0, 20.0, 20.0, 20.0, 20.0, 20.0, 20.0]}