{"time": [4466.676007986069, 4375.006090402603, 4157.537692785263, 4053.3921542167664, 4022.0031218528748, 4068.000593185425, 4110.436947822571, 4038.847638607025, 4091.2563333511353, 4217.794903039932, 3987.6628329753876, 3852.1181836128235, 3946.3075437545776, 4034.214728832245, 4022.409895658493, 4050.8620195388794, 4085.89776968956, 4042.866858959198, 4139.531944036484, 4025.5932474136353], "LL": [-52645.9651930128, -52645.965193003045, -52645.9651930027, -52645.965193012395, -52645.96519300931, -52645.96519301766, -52645.965193014636, -52645.96519307398, -52645.965193014126, -52645.96519300366, -52645.965193004806, -52645.96519436004, -52645.96519443614, -52645.96519300304, -52645.965193021795, -52645.96519315149, -52645.965193141215, -52645.96519300725, -52645.9651930128, -52645.96519301757], "epochs": [21.43827541129172, 21.117628197222707, 21.17929112300521, 21.38894507066572, 21.19162370816171, 21.290284389413717, 21.67259452926523, 21.37661248550922, 21.462940581604723, 22.375551883185757, 21.216288878474714, 20.277951804257214, 20.869915891769235, 21.277951804257214, 21.265619219100714, 21.364279900352717, 21.610931603482726, 21.524603507387223, 21.758922625360732, 21.17929112300521]}