{"time": [1433.2266228199005, 1320.1085150241852, 1363.7288358211517, 1314.9508233070374, 1341.6274707317352, 1423.2404952049255, 1327.7982487678528, 1295.0663933753967, 479.95839285850525, 1267.6286935806274, 1322.0554029941559, 467.87118101119995, 1288.9659242630005, 1323.0877528190613, 1358.0619540214539, 1281.6364963054657, 1386.3919355869293, 1420.9062304496765, 1285.7584969997406, 328.433856010437], "LL": [-52645.965230533504, -52645.965228129, -52645.96522915162, -52645.96524131998, -52645.965243588886, -52645.96525840225, -52645.965336182446, -52645.96521110411, -52645.96524932729, -52645.965231295384, -52645.965236511714, -52645.9652448313, -52645.965257819276, -52645.96527068758, -52645.96521015461, -52645.965288128384, -52645.96527442473, -52645.96529680473, -52645.9652472203, -52645.965217651654], "epochs": [200.86009915398466, 200.39146091803764, 200.60111486569815, 200.39146091803764, 200.50245418444615, 200.87243173914118, 200.9946969883827, 200.37912833288112, 21.254741878992675, 200.31746540709864, 200.61344745085466, 16.34106997508818, 200.45312384382015, 200.63811262116764, 200.77377105788915, 200.39146091803764, 200.92176207976718, 200.13141602742766, 200.44079125866364, 16.588782280541647]}