{"time": [2426.8645384311676, 2300.277745485306, 2031.3971087932587, 2290.7951242923737, 2183.893923521042, 2149.517287492752, 1857.8839433193207, 2115.5212523937225, 2051.1721742153168, 2104.8680124282837, 2401.4134657382965, 2264.804793357849, 2433.817868947983, 2254.8621995449066, 2147.391356229782, 2009.9718191623688, 2488.644100189209, 2360.573038816452, 2113.671280860901, 2201.634511947632], "LL": [-52645.965203703556, -52645.96521665861, -52645.96523022803, -52645.96522078879, -52645.96521423621, -52645.96523116834, -52645.96522593383, -52645.96523292028, -52645.965198284, -52645.96522041175, -52645.9652169096, -52645.965201543375, -52645.965197494916, -52645.96521690179, -52645.96519575401, -52645.965238882985, -52645.965196298435, -52645.96519627419, -52645.96519976592, -52645.96520756172], "epochs": [342.5260587524357, 355.61344745085466, 314.4284586735071, 336.08208568680163, 327.84776656882815, 327.65044520632415, 289.41612608835067, 329.61344745085466, 325.4654564289766, 329.61344745085466, 374.81076881335866, 363.4284586735071, 394.41612608835067, 363.40379350319415, 330.76143847273266, 313.5764496953851, 403.45312384382015, 376.56411711022866, 339.3667957477246, 356.3791283328811]}