{"time": [1190.4980783462524, 1179.3595852851868, 1184.000649690628, 1177.9048218727112, 1181.5678379535675, 1171.9092700481415, 1150.618886232376, 1146.013239622116, 1145.3657429218292, 1156.0888249874115, 1144.9960463047028, 1147.1958556175232, 1165.3811132907867, 1149.7256145477295, 1152.9078016281128, 1150.784625530243, 1148.4359862804413, 1144.4113538265228, 1150.080906867981, 1149.879009962082], "LL": [-52980.381079565544, -52990.02672066068, -52985.68117946917, -52994.24555656241, -52983.14869856761, -52984.82372280284, -52995.01987695766, -52986.63714711346, -52995.95573281418, -52979.775936208855, -52991.68439928583, -52979.48052001256, -52982.94534915247, -52988.369990728126, -52979.21720592608, -52999.3229075314, -52996.70739791348, -53010.347054725404, -52969.34275845082, -52990.94772973604], "epochs": [200.46545642897664, 200.41612608835064, 200.74910588757615, 200.49012159928964, 200.50245418444615, 200.42845867350712, 200.39146091803764, 200.52711935475915, 200.39146091803764, 200.62578003601115, 200.47778901413315, 200.46545642897664, 200.53945193991564, 200.72444071726315, 200.44079125866364, 200.41612608835064, 200.55178452507215, 200.37912833288112, 200.45312384382015, 200.49012159928964]}