{"time": [2616.2531440258026, 2701.997330188751, 2902.897061109543, 2939.161782026291, 2872.5454065799713, 3036.6976311206818, 2817.192228794098, 2814.1138565540314, 2787.3884801864624, 2933.6622099876404, 2712.9837708473206, 2738.3390612602234, 2667.8060121536255, 2733.479965209961, 2686.2779989242554, 2667.782766342163, 2753.7402379512787, 2740.694606781006, 2909.8636767864227, 2896.8404564857483], "LL": [-52645.965213942254, -52645.965196735095, -52645.96521215508, -52645.965197116224, -52645.96523460171, -52645.96520452608, -52645.965212159135, -52645.965194524644, -52645.965219385784, -52645.965197465484, -52645.96521525389, -52645.96524774059, -52645.965228152985, -52645.965205849, -52645.96522230209, -52645.96519820989, -52645.96519970511, -52645.96519728839, -52645.96520023929, -52645.96522877056], "epochs": [292.6849271144217, 307.6849271144217, 343.30261697457024, 347.4382754112917, 348.51227092223075, 388.40127765582224, 348.51227092223075, 350.4259428261352, 342.49993833707424, 368.8822484769257, 333.41361024097876, 340.3396147300397, 333.1916237081617, 331.5246035073872, 336.20395629331824, 326.41361024097876, 337.82058555114327, 344.2532866339442, 370.3396147300397, 363.4506079964482]}