{"time": [36262.518443107605, 35845.95425748825, 35976.06963515282], "LL": [-52645.96536158825, -52645.96534332865, -52645.96524726091], "epochs": [200.44079125866364, 200.30513282194215, 200.35446316256815]}