{"time": [5970.592670440674, 5894.021693706512, 5793.1035850048065, 5783.417786359787, 5781.912048339844, 5782.169515371323, 5781.825323581696, 5777.6138525009155, 5775.089306116104, 5781.260093927383, 5781.958407402039, 5778.9786257743835, 5777.847190141678, 5783.119449853897, 5782.35634469986, 5777.097496509552, 5779.540600776672, 5783.146468162537, 5777.874721288681, 5788.080579996109], "LL": [-52663.6169584773, -52663.625552760415, -52656.66343418383, -52648.77197177514, -52654.778151408245, -52648.62088505298, -52656.800564076155, -52652.14331246629, -52652.49297855042, -52655.1696907134, -52654.74921225756, -52649.74973928735, -52653.21664676571, -52656.23571809123, -52684.30656278582, -52660.30273150765, -52655.128450704375, -52657.173031800994, -52658.34724767633, -52656.30024697503], "epochs": [1000.9943023456577, 1000.9943023456577, 1000.9696371753447, 1000.9943023456577, 1000.9943023456577, 1000.9696371753447, 1000.9696371753447, 1000.9943023456577, 1000.0682978565967, 1000.0436326862837, 1000.9696371753447, 1000.0682978565967, 1000.9696371753447, 1000.9943023456577, 1000.9696371753447, 1000.9696371753447, 1000.9696371753447, 1000.9696371753447, 1000.0189675159706, 1000.9696371753447]}