{"time": [1182.8414285182953, 1178.6910059452057, 1166.491138458252, 1173.0810322761536, 1175.944985151291, 1172.9088604450226, 1180.2865817546844, 1180.540256023407, 1167.219452381134, 1149.6260015964508, 1144.850507259369, 1146.0269377231598, 1144.863644361496, 1151.190898656845, 1159.7725303173065, 1149.7892467975616, 1158.7779068946838, 1149.9506850242615, 1157.4938595294952, 1157.3267052173615], "LL": [-53121.91668329103, -53121.91668329103, -53121.91668329103, -53121.91668329103, -53121.91668329103, -53121.91668329103, -53121.91668329103, -53121.91668329103, -53121.91668329103, -53121.91668329103, -53121.91668329103, -53121.91668329103, -53121.91668329103, -53121.91668329103, -53121.91668329103, -53121.91668329103, -53121.91668329103, -53121.91668329103, -53121.91668329103, -53121.91668329103], "epochs": [200.0, 200.0, 200.0, 200.0, 200.0, 200.0, 200.0, 200.0, 200.0, 200.0, 200.0, 200.0, 200.0, 200.0, 200.0, 200.0, 200.0, 200.0, 200.0, 200.0]}