{"time": [6005.9444036483765, 5940.688518285751, 5857.705536842346, 5843.671525716782, 5846.72670006752, 5844.882130861282, 5840.645626544952, 5842.81779551506, 5856.840312242508, 5843.451123952866, 5847.864109992981, 5851.86531829834, 5851.272780179977, 5851.971774101257, 5853.149477720261, 5845.90075302124, 5847.381646633148, 5844.503133535385, 5849.1651067733765, 5854.754587173462], "LL": [-52669.6247762656, -52669.6247762656, -52669.6247762656, -52669.6247762656, -52669.6247762656, -52669.6247762656, -52669.6247762656, -52669.6247762656, -52669.6247762656, -52669.6247762656, -52669.6247762656, -52669.6247762656, -52669.6247762656, -52669.6247762656, -52669.6247762656, -52669.6247762656, -52669.6247762656, -52669.6247762656, -52669.6247762656, -52669.6247762656], "epochs": [1000.0, 1000.0, 1000.0, 1000.0, 1000.0, 1000.0, 1000.0, 1000.0, 1000.0, 1000.0, 1000.0, 1000.0, 1000.0, 1000.0, 1000.0, 1000.0, 1000.0, 1000.0, 1000.0, 1000.0]}