{"time": [36473.30591082573, 36310.172698020935, 36248.482011556625], "LL": [-52645.96527603417, -52645.96527603417, -52645.96527603417], "epochs": [200.0, 200.0, 200.0]}