{"time": [1555.1586389541626, 1571.463222503662, 1585.7638466358185, 1588.4142820835114, 1596.6579208374023, 1582.1799659729004, 1510.8959035873413, 1474.1475894451141, 1450.939145565033, 1468.2758071422577, 1464.2843549251556, 1454.3057494163513, 1450.7699718475342, 1463.012090921402, 1470.7373926639557, 1479.0712189674377, 1453.3509874343872, 1470.0261192321777, 1477.8026220798492, 1470.744677066803], "LL": [-52645.96519365205, -52645.96519365205, -52645.96519365205, -52645.96519365205, -52645.96519365205, -52645.96519365205, -52645.96519365205, -52645.96519365205, -52645.96519365205, -52645.96519365205, -52645.96519365205, -52645.96519365205, -52645.96519365205, -52645.96519365205, -52645.96519365205, -52645.96519365205, -52645.96519365205, -52645.96519365205, -52645.96519365205, -52645.96519365205], "epochs": [7.0, 7.0, 7.0, 7.0, 7.0, 7.0, 7.0, 7.0, 7.0, 7.0, 7.0, 7.0, 7.0, 7.0, 7.0, 7.0, 7.0, 7.0, 7.0, 7.0]}