{"time": [126.586148, 127.918813, 127.917075, 127.801509, 127.447446, 127.65156, 127.594553, 127.825579, 127.706444, 127.732787, 127.500253, 127.81635, 127.5377, 127.565055, 127.776422, 127.679512, 127.822715, 127.632208, 127.649516, 128.160231], "LL": [-37281.7783115481, -37281.7783115481, -37281.7783115481, -37281.7783115481, -37281.7783115481, -37281.7783115481, -37281.7783115481, -37281.7783115481, -37281.7783115481, -37281.7783115481, -37281.7783115481, -37281.7783115481, -37281.7783115481, -37281.7783115481, -37281.7783115481, -37281.7783115481, -37281.7783115481, -37281.7783115481, -37281.7783115481, -37281.7783115481], "epochs": [809, 809, 809, 809, 809, 809, 809, 809, 809, 809, 809, 809, 809, 809, 809, 809, 809, 809, 809, 809]}