{"time": [121.78363, 121.117491, 120.72776, 120.508232, 120.239615, 120.138875, 120.748104, 120.752449, 120.941769, 120.456184, 120.442621, 120.366971, 120.483699, 120.450894, 120.487467, 120.526105, 120.470068, 120.835773, 120.614074, 120.550868], "LL": [-37281.7783115481, -37281.7783115481, -37281.7783115481, -37281.7783115481, -37281.7783115481, -37281.7783115481, -37281.7783115481, -37281.7783115481, -37281.7783115481, -37281.7783115481, -37281.7783115481, -37281.7783115481, -37281.7783115481, -37281.7783115481, -37281.7783115481, -37281.7783115481, -37281.7783115481, -37281.7783115481, -37281.7783115481, -37281.7783115481], "epochs": [809, 809, 809, 809, 809, 809, 809, 809, 809, 809, 809, 809, 809, 809, 809, 809, 809, 809, 809, 809]}