{"time": [16.132229804992676, 14.771763324737549, 13.635602951049805, 13.995673418045044, 13.491780757904053, 15.474236965179443, 15.015998125076294, 18.45304012298584, 15.473682880401611, 16.19312310218811, 14.49004054069519, 14.806464195251465, 15.01592206954956, 14.792602777481079, 15.298991680145264, 14.691269159317017, 14.641119956970215, 14.50567364692688, 14.38349461555481, 15.696344375610352], "LL": [-37281.76608322925, -37281.766083261486, -37281.76608327847, -37281.76608322131, -37281.76608325001, -37281.76608325724, -37281.76608325862, -37281.76608326767, -37281.766083251234, -37281.76608322571, -37281.76608327998, -37281.76608326656, -37281.76608329776, -37281.76608331076, -37281.76608327369, -37281.76608323577, -37281.76608397736, -37281.76608348371, -37281.76608326386, -37281.76608322265], "epochs": [10.611109082277325, 8.81196362706789, 8.556330570061718, 9.556330570061718, 8.574590074133587, 9.81196362706789, 8.81196362706789, 9.414527261439579, 11.592849578205456, 9.885001643355366, 9.611109082277325, 10.574590074133587, 8.775444618924151, 9.70667932658949, 9.665887594492933, 9.592849578205456, 9.574590074133587, 9.556330570061718, 9.51981156191798, 10.629368586349194]}