{"time": [49.654234409332275, 49.08877348899841, 50.78637766838074, 45.67760229110718, 48.393508195877075, 49.60548210144043, 49.33583688735962, 47.61935830116272, 49.66746640205383, 52.07755899429321, 46.02542281150818, 45.985371828079224, 44.641470193862915, 48.69688701629639, 50.97184705734253, 47.256935119628906, 46.53425908088684, 54.4126672744751, 44.05816388130188, 48.7000937461853], "LL": [-37281.76611627413, -37281.76608641487, -37281.76608608829, -37281.7661373626, -37281.76613357406, -37281.76608864883, -37281.76611071455, -37281.76609699127, -37281.766137555096, -37281.76610038245, -37281.7661361579, -37281.76611942493, -37281.76616028843, -37281.76609776493, -37281.76609602198, -37281.76608538581, -37281.76614595797, -37281.7660943072, -37281.766105413495, -37281.76612929728], "epochs": [61.647628090421065, 62.59284957820546, 66.51981156191798, 55.519811561917976, 61.53807106598985, 62.68414709856481, 62.53807106598985, 54.79370412299602, 60.57459007413359, 67.55633057006172, 55.57459007413359, 57.53807106598985, 54.629368586349194, 59.519811561917976, 63.72066610670854, 58.61110908227732, 57.61110908227732, 69.62936858634919, 53.53807106598985, 62.629368586349194]}