{"time": [138.32613110542297, 137.86082887649536, 137.86066937446594, 137.71987104415894, 138.08262634277344, 137.6039595603943, 137.73306012153625, 138.2313997745514, 137.88463068008423, 137.77390575408936, 137.76398611068726, 137.65918016433716, 137.8258228302002, 137.51760244369507, 137.6244821548462, 137.56204915046692, 137.45153427124023, 137.5682713985443, 137.44204139709473, 137.30683040618896], "LL": [-37287.40318502976, -37287.296708492475, -37287.5446646499, -37287.46988333811, -37287.636314949435, -37287.31753791348, -37287.282406737155, -37287.381182990845, -37287.52349130388, -37287.67182959005, -37287.25041578626, -37287.38705977243, -37287.00009974188, -37287.56030973001, -37286.65330226161, -37287.568144293924, -37287.41367870833, -37287.343195805544, -37287.504888535404, -37287.40108169943], "epochs": [200.59284957820546, 200.73892561078043, 200.61110908227732, 200.64762809042105, 200.6293685863492, 200.6293685863492, 200.61110908227732, 200.6841470985648, 200.64762809042105, 200.61110908227732, 200.66588759449292, 200.6293685863492, 200.66588759449292, 200.6293685863492, 200.6293685863492, 200.61110908227732, 200.6293685863492, 200.59284957820546, 200.5745900741336, 200.5745900741336]}