{"time": [17.89641237258911, 18.17142415046692, 18.87869882583618, 19.995147943496704, 19.48946976661682, 18.15480875968933, 16.364375591278076, 18.270360231399536, 19.394598960876465, 19.1729998588562, 18.343958139419556, 18.206562042236328, 18.858742237091064, 17.88973355293274, 18.591569423675537, 21.038316011428833, 18.16771626472473, 16.257502794265747, 18.249603033065796, 17.892345428466797], "LL": [-37281.76608325076, -37281.766083251925, -37281.76608322116, -37281.766083273265, -37281.76608326869, -37281.76608324282, -37281.76608329893, -37281.76608322915, -37281.76608342274, -37281.766083345654, -37281.766083614406, -37281.76608322589, -37281.76608327577, -37281.76608322403, -37281.766083454495, -37281.76608324557, -37281.76608346061, -37281.7660833216, -37281.76608323164, -37281.76608324055], "epochs": [11.556330570061718, 12.629368586349194, 12.702406602636673, 16.538071065989847, 15.611109082277325, 13.574590074133587, 11.538071065989847, 13.574590074133587, 15.574590074133587, 16.57459007413359, 14.538071065989847, 11.81196362706789, 15.592849578205456, 12.629368586349194, 15.51981156191798, 14.939780155570975, 15.538071065989847, 11.51981156191798, 13.556330570061718, 13.574590074133587]}