{"time": [15.235160112380981, 15.72075891494751, 14.054931402206421, 13.596511363983154, 14.017836570739746, 14.500747442245483, 12.839149713516235, 13.218824863433838, 14.043681144714355, 13.20433497428894, 13.876895904541016, 15.932238817214966, 13.588425636291504, 14.066098928451538, 15.87095046043396, 16.00183367729187, 14.395675659179688, 14.096067190170288, 14.811976432800293, 14.358574867248535], "LL": [-37281.766083276256, -37281.766083220944, -37281.766083356626, -37281.76608322135, -37281.76608323968, -37281.76608326468, -37281.76608340632, -37281.7660832196, -37281.76608339181, -37281.76608328894, -37281.766083271345, -37281.76608322211, -37281.76608331209, -37281.76608325943, -37281.76608333567, -37281.76608321879, -37281.766083321876, -37281.76608331997, -37281.76608322214, -37281.7660832269], "epochs": [8.665887594492933, 9.885001643355366, 10.538071065989847, 9.556330570061718, 10.51981156191798, 9.665887594492933, 8.538071065989847, 9.51981156191798, 8.738925610780411, 8.574590074133587, 9.592849578205456, 10.848482635211628, 9.51981156191798, 10.51981156191798, 10.720666106708542, 9.866742139283497, 9.629368586349194, 8.647628090421065, 10.556330570061718, 9.611109082277325]}