{"time": [308.204421043396, 312.5495388507843, 311.13404607772827, 317.4576699733734, 318.8469502925873, 315.79612851142883, 321.1038694381714, 313.86481618881226, 315.947149515152, 315.14753890037537, 313.73003935813904, 309.2187933921814, 313.7776052951813, 315.4600648880005, 314.19286274909973, 316.84914565086365, 308.24583101272583, 309.4268112182617, 320.64759373664856, 319.52154302597046], "LL": [-37281.76608407446, -37281.766085350835, -37281.76608809844, -37281.76608892818, -37281.76608673456, -37281.76608624667, -37281.76608626853, -37281.76608889491, -37281.7660876671, -37281.76608901855, -37281.76608525351, -37281.76609528036, -37281.76608749305, -37281.766084885145, -37281.766084515715, -37281.766086817624, -37281.76608561211, -37281.766133327306, -37281.766084155024, -37281.76609590995], "epochs": [432.70240660263664, 440.6293685863492, 438.59284957820546, 447.70240660263664, 451.72066610670856, 444.64762809042105, 454.6293685863492, 442.8667421392835, 445.59284957820546, 442.68414709856484, 440.6658875944929, 433.70240660263664, 441.5745900741336, 443.7389256107804, 441.64762809042105, 445.6293685863492, 432.6293685863492, 434.7389256107804, 452.7389256107804, 450.59284957820546]}