{"time": [16.076518535614014, 14.828132629394531, 15.559736728668213, 16.337270736694336, 15.28464961051941, 16.408459424972534, 15.971132516860962, 16.274661540985107, 15.733500003814697, 17.650200128555298, 16.678126335144043, 16.538756608963013, 16.43603777885437, 17.489136457443237, 17.19689679145813, 15.936642169952393, 17.88274621963501, 16.077776193618774, 17.964136838912964, 16.30319309234619], "LL": [-37281.766086706266, -37281.76608411001, -37281.7660882205, -37281.766084450785, -37281.766083916, -37281.76608405086, -37281.7660848563, -37281.76608460828, -37281.76608411164, -37281.766089337354, -37281.76608614481, -37281.76608848246, -37281.766086340234, -37281.76608764675, -37281.76608723561, -37281.76608558903, -37281.766090016055, -37281.76608493804, -37281.766085407435, -37281.76608488328], "epochs": [11.51981156191798, 10.556330570061718, 11.592849578205456, 12.592849578205456, 11.538071065989847, 13.51981156191798, 12.538071065989847, 13.51981156191798, 11.592849578205456, 11.885001643355366, 13.556330570061718, 12.611109082277325, 12.574590074133587, 14.556330570061718, 12.702406602636673, 12.501552057846109, 11.885001643355366, 11.629368586349194, 13.793704122996019, 12.574590074133587]}