{"time": [309.2219834327698, 313.37843346595764, 312.19093227386475, 313.61580872535706, 313.7670865058899, 315.10428047180176, 305.0373454093933, 311.36990118026733, 313.1666362285614, 315.19318556785583, 313.7012212276459, 314.39230823516846, 314.60196256637573, 314.6619429588318, 314.8580102920532, 306.14057993888855, 313.85218596458435, 315.2238450050354, 313.86661076545715, 312.25152111053467], "LL": [-37281.76609843554, -37281.76608349602, -37281.766083694056, -37281.766083854025, -37281.76608351359, -37281.76608365091, -37281.76608737354, -37281.76608695174, -37281.76608353249, -37281.766083752234, -37281.7660837461, -37281.76608370142, -37281.76608383873, -37281.766084017305, -37281.766083559894, -37281.766083498194, -37281.766083810326, -37281.76608398314, -37281.76608385911, -37281.76608368828], "epochs": [435.59284957820546, 442.59284957820546, 439.9945586677866, 440.59284957820546, 441.59284957820546, 442.6111090822773, 428.72066610670856, 437.64762809042105, 439.59284957820546, 442.55633057006173, 438.64762809042105, 440.6293685863492, 441.64762809042105, 441.6111090822773, 442.6111090822773, 430.59284957820546, 440.7389256107804, 443.6111090822773, 440.5745900741336, 438.6111090822773]}