{"time": [564.2932875156403, 568.9687209129333, 568.0350131988525, 570.0107114315033, 567.1733260154724, 567.0923051834106, 567.9030482769012, 568.706337928772, 570.3992054462433, 569.1349411010742, 565.2258732318878, 568.7669868469238, 565.683700799942, 570.4802718162537, 567.5252573490143, 570.6647582054138, 567.8694598674774, 566.6728219985962, 567.7731850147247, 570.0197296142578], "LL": [-39486.9406604549, -39362.87674821702, -39344.99615667659, -39307.28875386314, -39432.90644515319, -39386.09427017558, -39292.23111889943, -39300.802664031864, -39229.70529566725, -39269.938603662304, -39540.57096860458, -39339.0022625162, -39539.1804060176, -39392.23135098549, -39411.64072525873, -39150.2853218989, -39119.110996138326, -39449.92371709832, -39321.001516856115, -39291.852781384376], "epochs": [1000.4832925537743, 1000.4553189935361, 1000.4102545374867, 1000.3737355293431, 1000.5788627980864, 1000.5015520578461, 1000.9215206514991, 1000.8667421392835, 1000.7389256107804, 1000.4650330497024, 1000.6293685863492, 1000.4875652777271, 1000.4102545374867, 1000.4102545374867, 1000.5745900741335, 1000.4875652777271, 1000.793704122996, 1000.5015520578461, 1000.7024066026366, 1000.6293685863492]}