{"time": [16.480284452438354, 14.805392265319824, 15.278971195220947, 16.353885173797607, 15.275321960449219, 15.801789999008179, 14.287730693817139, 14.47025752067566, 16.146761417388916, 15.350632667541504, 16.941631078720093, 14.874591588973999, 15.086596250534058, 14.871817588806152, 17.6287579536438, 14.939847469329834, 16.25938367843628, 17.264890909194946, 13.592507123947144, 13.987048625946045], "LL": [-37281.766088074066, -37281.76608492167, -37281.76608632576, -37281.76608868227, -37281.766085867974, -37281.76609049598, -37281.766084638846, -37281.766088092976, -37281.76608421738, -37281.766086879965, -37281.7660870068, -37281.76608413261, -37281.76608529214, -37281.7660876483, -37281.76608607412, -37281.76608743232, -37281.76608377955, -37281.766084580064, -37281.76608973061, -37281.7660874852], "epochs": [12.538071065989847, 11.556330570061718, 12.538071065989847, 14.51981156191798, 11.647628090421065, 13.538071065989847, 10.592849578205456, 11.51981156191798, 13.574590074133587, 12.51981156191798, 14.30924296096118, 11.574590074133587, 12.538071065989847, 11.556330570061718, 14.665887594492933, 12.51981156191798, 10.939780155570975, 12.939780155570975, 9.556330570061718, 10.51981156191798]}