{"time": [53.14494705200195, 53.015687227249146, 53.18842577934265, 58.79711055755615, 49.02277112007141, 55.16806197166443, 50.01657962799072, 55.27422785758972, 58.17932748794556, 57.117027759552, 54.331438302993774, 51.400115728378296, 50.86820650100708, 48.47712540626526, 55.66808080673218, 49.77027082443237, 50.54745578765869, 56.91822957992554, 49.822742223739624, 54.8090386390686], "LL": [-37281.76608724827, -37281.76609470118, -37281.76610267626, -37281.76608384146, -37281.766094116116, -37281.76609776679, -37281.766086252035, -37281.76611703031, -37281.766086764976, -37281.76608494934, -37281.76609939556, -37281.766090336096, -37281.76608360258, -37281.76610968596, -37281.76608650007, -37281.76608346948, -37281.766094046725, -37281.76609036898, -37281.76608388921, -37281.7660938808], "epochs": [9.665887594492933, 9.501552057846109, 9.556330570061718, 10.501552057846109, 8.592849578205456, 9.592849578205456, 8.538071065989847, 9.574590074133587, 10.177153708505276, 9.775444618924151, 9.629368586349194, 8.556330570061718, 8.538071065989847, 8.629368586349194, 9.592849578205456, 8.647628090421064, 8.684147098564804, 9.665887594492933, 8.556330570061718, 9.574590074133587]}