{"time": [139.5617949962616, 138.4285533428192, 138.51387929916382, 140.04398012161255, 139.26974821090698, 138.86257243156433, 138.30296421051025, 138.70671439170837, 139.39324569702148, 139.96006035804749, 139.66682815551758, 139.1677644252777, 139.03444743156433, 139.23193621635437, 138.8520073890686, 139.18746900558472, 139.0746579170227, 139.2814905643463, 139.53144192695618, 138.9557933807373], "LL": [-37289.396550569065, -37290.09143357882, -37288.752318101506, -37286.741225871316, -37288.15156336983, -37288.04548045514, -37289.21949659841, -37287.797479713365, -37288.15544677535, -37287.95603515408, -37288.446374853214, -37289.13479568259, -37288.6684233809, -37288.10185509987, -37290.254752515306, -37287.930552230195, -37289.30040866716, -37287.37328341185, -37287.52156150479, -37288.528720989154], "epochs": [200.61110908227732, 200.66588759449292, 200.6841470985648, 200.6841470985648, 200.6293685863492, 200.66588759449292, 200.70240660263667, 200.66588759449292, 200.64762809042105, 200.66588759449292, 200.55633057006173, 200.66588759449292, 200.64762809042105, 200.73892561078043, 200.6841470985648, 200.61110908227732, 200.59284957820546, 200.5745900741336, 200.61110908227732, 200.66588759449292]}