{"time": [112.4937801361084, 112.86654472351074, 114.96340489387512, 112.1034140586853, 113.17519235610962, 113.00302338600159, 112.49428081512451, 112.62120771408081, 112.56175684928894, 112.57089686393738, 113.34428191184998, 111.84468817710876, 114.12955927848816, 112.22582626342773, 111.91379046440125, 111.6914689540863, 111.96364331245422, 112.83982157707214, 114.08767986297607, 112.07607531547546], "LL": [-43715.495472379276, -42887.948615902635, -41983.00280371283, -43244.70716744364, -43155.64476838965, -42404.52050064453, -42008.53475099775, -43246.09772072353, -42707.53299488926, -43311.90885877965, -43023.474553886575, -44005.605306815036, -42245.037592494504, -42794.54730297917, -43318.07812759852, -43561.88813623928, -43401.18276459285, -43410.55454668158, -42390.15464511368, -43150.63564608728], "epochs": [200.46503304970236, 200.51981156191798, 200.46503304970236, 200.6293685863492, 200.8667421392835, 200.48329255377425, 200.46503304970236, 200.55633057006173, 200.51981156191798, 200.6841470985648, 200.00737683964502, 200.61110908227732, 200.6293685863492, 200.51981156191798, 200.79370412299602, 200.06759668407406, 200.59284957820546, 200.53807106598984, 200.48329255377425, 200.46503304970236]}