{"time": [47.307939291000366, 45.30838203430176, 50.580780029296875, 51.64141082763672, 39.901445388793945, 46.460981607437134, 47.60590720176697, 44.87438774108887, 45.269731283187866, 50.03771162033081, 40.64030385017395, 45.11878323554993, 45.31776261329651, 51.52636957168579, 49.71965003013611, 49.09812879562378, 55.12872123718262, 45.73612380027771, 45.4657027721405, 50.306161403656006], "LL": [-37281.76609173186, -37281.7661385794, -37281.76610176246, -37281.76609146688, -37281.76611398059, -37281.76608705956, -37281.766085511845, -37281.766083783645, -37281.766135545615, -37281.76608380852, -37281.766083628834, -37281.76608767884, -37281.76609013178, -37281.76608385507, -37281.76608888179, -37281.766092365484, -37281.76609012131, -37281.766103253496, -37281.76609814124, -37281.76610037515], "epochs": [8.848482635211628, 8.684147098564804, 9.647628090421065, 9.684147098564804, 7.556330570061718, 8.830223131139759, 9.08585618814593, 8.556330570061718, 8.556330570061718, 9.556330570061718, 7.556330570061718, 8.51981156191798, 8.51981156191798, 9.51981156191798, 9.51981156191798, 9.231932220720886, 10.556330570061718, 8.538071065989847, 8.51981156191798, 9.556330570061718]}