{"time": [140.5273585319519, 139.79923248291016, 139.65412783622742, 140.36759519577026, 139.8150336742401, 139.9002230167389, 139.9824242591858, 139.86627173423767, 140.02479481697083, 139.89941811561584, 139.64119791984558, 139.95166087150574, 139.97349882125854, 140.08753108978271, 139.61298751831055, 139.7067620754242, 139.67756533622742, 139.92803049087524, 139.8910105228424, 139.69152426719666], "LL": [-37290.695532105405, -37290.695532105405, -37290.695532105405, -37290.695532105405, -37290.695532105405, -37290.695532105405, -37290.695532105405, -37290.695532105405, -37290.695532105405, -37290.695532105405, -37290.695532105405, -37290.695532105405, -37290.695532105405, -37290.695532105405, -37290.695532105405, -37290.695532105405, -37290.695532105405, -37290.695532105405, -37290.695532105405, -37290.695532105405], "epochs": [200.0, 200.0, 200.0, 200.0, 200.0, 200.0, 200.0, 200.0, 200.0, 200.0, 200.0, 200.0, 200.0, 200.0, 200.0, 200.0, 200.0, 200.0, 200.0, 200.0]}