{"time": [140.251633644104, 139.62304878234863, 139.9616358280182, 139.871013879776, 139.95112586021423, 140.31712198257446, 140.2045488357544, 139.72757697105408, 139.78992533683777, 139.81221532821655, 140.12535619735718, 140.06316137313843, 139.98323035240173, 139.7243890762329, 139.6121563911438, 140.02581310272217, 139.78818607330322, 139.70339846611023, 140.08468198776245, 139.89401173591614], "LL": [-37290.79857147939, -37290.79857147939, -37290.79857147939, -37290.79857147939, -37290.79857147939, -37290.79857147939, -37290.79857147939, -37290.79857147939, -37290.79857147939, -37290.79857147939, -37290.79857147939, -37290.79857147939, -37290.79857147939, -37290.79857147939, -37290.79857147939, -37290.79857147939, -37290.79857147939, -37290.79857147939, -37290.79857147939, -37290.79857147939], "epochs": [200.0, 200.0, 200.0, 200.0, 200.0, 200.0, 200.0, 200.0, 200.0, 200.0, 200.0, 200.0, 200.0, 200.0, 200.0, 200.0, 200.0, 200.0, 200.0, 200.0]}