{"time": [337.25009322166443, 336.5986313819885, 336.5661869049072, 337.25663685798645, 337.37706089019775, 337.45622754096985, 337.3116297721863, 337.7393901348114, 337.2764620780945, 337.0746371746063, 337.113787651062, 337.317485332489, 337.5322759151459, 336.8251392841339, 337.248064994812, 337.3285291194916, 337.5941207408905, 337.3103220462799, 337.5874888896942, 337.2134256362915], "LL": [-37281.76609079353, -37281.76609079353, -37281.76609079353, -37281.76609079353, -37281.76609079353, -37281.76609079353, -37281.76609079353, -37281.76609079353, -37281.76609079353, -37281.76609079353, -37281.76609079353, -37281.76609079353, -37281.76609079353, -37281.76609079353, -37281.76609079353, -37281.76609079353, -37281.76609079353, -37281.76609079353, -37281.76609079353, -37281.76609079353], "epochs": [461.0, 461.0, 461.0, 461.0, 461.0, 461.0, 461.0, 461.0, 461.0, 461.0, 461.0, 461.0, 461.0, 461.0, 461.0, 461.0, 461.0, 461.0, 461.0, 461.0]}