{"time": [332.4285578727722, 331.52120637893677, 333.0637812614441, 332.84320163726807, 333.0320312976837, 332.6463282108307, 333.0624186992645, 333.0092351436615, 332.753977060318, 332.9707922935486, 332.90239095687866, 332.952486038208, 333.4585635662079, 333.09548783302307, 332.933856010437, 333.26870822906494, 333.01629090309143, 333.2722239494324, 333.01382303237915, 333.4208114147186], "LL": [-37281.766085723735, -37281.766085723735, -37281.766085723735, -37281.766085723735, -37281.766085723735, -37281.766085723735, -37281.766085723735, -37281.766085723735, -37281.766085723735, -37281.766085723735, -37281.766085723735, -37281.766085723735, -37281.766085723735, -37281.766085723735, -37281.766085723735, -37281.766085723735, -37281.766085723735, -37281.766085723735, -37281.766085723735, -37281.766085723735], "epochs": [464.0, 464.0, 464.0, 464.0, 464.0, 464.0, 464.0, 464.0, 464.0, 464.0, 464.0, 464.0, 464.0, 464.0, 464.0, 464.0, 464.0, 464.0, 464.0, 464.0]}