{"time": [110.78353476524353, 110.903391122818, 110.58476829528809, 110.63184332847595, 110.455974817276, 110.91142082214355, 110.8162043094635, 110.7202320098877, 110.58910393714905, 110.47909259796143, 110.51524639129639, 110.48716592788696, 110.39107942581177, 110.28802561759949, 110.50017476081848, 110.8778247833252, 110.46407747268677, 110.92124462127686, 110.30193018913269, 110.62585878372192], "LL": [-43744.24650772401, -43744.24650772401, -43744.24650772401, -43744.24650772401, -43744.24650772401, -43744.24650772401, -43744.24650772401, -43744.24650772401, -43744.24650772401, -43744.24650772401, -43744.24650772401, -43744.24650772401, -43744.24650772401, -43744.24650772401, -43744.24650772401, -43744.24650772401, -43744.24650772401, -43744.24650772401, -43744.24650772401, -43744.24650772401], "epochs": [200.0, 200.0, 200.0, 200.0, 200.0, 200.0, 200.0, 200.0, 200.0, 200.0, 200.0, 200.0, 200.0, 200.0, 200.0, 200.0, 200.0, 200.0, 200.0, 200.0]}