{"time": [566.6258959770203, 567.9461679458618, 567.6551997661591, 568.072279214859, 568.5558552742004, 567.7334413528442, 567.2226939201355, 567.8334450721741, 567.9463803768158, 567.9304850101471, 567.3905639648438, 567.2737169265747, 567.171523809433, 567.8677620887756, 568.1594910621643, 566.909371137619, 567.3427202701569, 567.7585022449493, 567.666362285614, 567.2293453216553], "LL": [-39507.24918306467, -39507.24918306467, -39507.24918306467, -39507.24918306467, -39507.24918306467, -39507.24918306467, -39507.24918306467, -39507.24918306467, -39507.24918306467, -39507.24918306467, -39507.24918306467, -39507.24918306467, -39507.24918306467, -39507.24918306467, -39507.24918306467, -39507.24918306467, -39507.24918306467, -39507.24918306467, -39507.24918306467, -39507.24918306467], "epochs": [1000.0, 1000.0, 1000.0, 1000.0, 1000.0, 1000.0, 1000.0, 1000.0, 1000.0, 1000.0, 1000.0, 1000.0, 1000.0, 1000.0, 1000.0, 1000.0, 1000.0, 1000.0, 1000.0, 1000.0]}