{"time": [65.1641435623169, 65.40115809440613, 66.100994348526, 67.66200995445251, 66.82596039772034, 66.7120532989502, 66.40446329116821, 65.42724275588989, 66.13626718521118, 66.59977054595947, 67.43227243423462, 65.74838328361511, 65.95739197731018, 66.04412388801575, 66.69229698181152, 66.00867104530334, 67.41400599479675, 66.98349452018738, 66.19908237457275, 65.93666505813599], "LL": [-37281.766105268354, -37281.766105268354, -37281.766105268354, -37281.766105268354, -37281.766105268354, -37281.766105268354, -37281.766105268354, -37281.766105268354, -37281.766105268354, -37281.766105268354, -37281.766105268354, -37281.766105268354, -37281.766105268354, -37281.766105268354, -37281.766105268354, -37281.766105268354, -37281.766105268354, -37281.766105268354, -37281.766105268354, -37281.766105268354], "epochs": [12.0, 12.0, 12.0, 12.0, 12.0, 12.0, 12.0, 12.0, 12.0, 12.0, 12.0, 12.0, 12.0, 12.0, 12.0, 12.0, 12.0, 12.0, 12.0, 12.0]}