{"time": [66.52964162826538, 68.68529176712036, 69.34168553352356, 69.52561450004578, 69.79702496528625, 70.28932547569275, 70.8598062992096, 69.84449052810669, 69.10991477966309, 70.54083633422852, 69.77702832221985, 68.98825168609619, 69.71467280387878, 70.51618981361389, 71.90951299667358, 72.41709613800049, 70.76223373413086, 72.73385286331177, 71.24809169769287, 73.0865125656128], "LL": [-37281.766105268354, -37281.766105268354, -37281.766105268354, -37281.766105268354, -37281.766105268354, -37281.766105268354, -37281.766105268354, -37281.766105268354, -37281.766105268354, -37281.766105268354, -37281.766105268354, -37281.766105268354, -37281.766105268354, -37281.766105268354, -37281.766105268354, -37281.766105268354, -37281.766105268354, -37281.766105268354, -37281.766105268354, -37281.766105268354], "epochs": [12.0, 12.0, 12.0, 12.0, 12.0, 12.0, 12.0, 12.0, 12.0, 12.0, 12.0, 12.0, 12.0, 12.0, 12.0, 12.0, 12.0, 12.0, 12.0, 12.0]}