{"time": [384.24736046791077, 374.5264239311218, 393.96381545066833, 407.25374388694763, 408.7285647392273, 368.8071074485779, 411.00329852104187, 389.59930539131165, 391.5351665019989, 383.6573977470398, 389.6850299835205, 384.0991415977478, 383.00330090522766, 393.0121717453003, 383.11736941337585, 386.46825885772705, 387.7158377170563, 366.82947993278503, 368.45046520233154, 395.51213002204895], "LL": [-37281.766167851914, -37281.76616684012, -37281.76616788492, -37281.76614538738, -37281.76615394231, -37281.76615036351, -37281.766164487046, -37281.76616469835, -37281.76616538057, -37281.76615461123, -37281.76615168727, -37281.76615824151, -37281.76616059428, -37281.76616378021, -37281.76615644482, -37281.76615617516, -37281.76616487587, -37281.76616146345, -37281.76615534373, -37281.766148960465], "epochs": [873.7999123543805, 852.2198809480335, 899.0877916955776, 926.9825073950991, 931.1973487200088, 836.9094693788117, 935.3434247525837, 884.5077602892305, 890.4347222729431, 870.726874338093, 885.4164627688712, 872.9782346711463, 868.0738049154585, 892.7999123543805, 870.7451338421648, 879.0512726874338, 882.2338677281525, 830.9459883869554, 834.7633933462367, 898.8729503706679]}