{"time": [88.33904933929443, 95.41732954978943, 88.55445671081543, 96.29929161071777, 101.6592845916748, 102.6106390953064, 95.9808361530304, 96.70992159843445, 96.61283040046692, 89.82938957214355, 102.06820964813232, 100.34256196022034, 97.35175776481628, 102.68688488006592, 91.52310824394226, 99.10530400276184, 105.1673014163971, 100.85803580284119, 100.99056005477905, 101.0542254447937], "LL": [-37281.76608330072, -37281.76608321827, -37281.7660836909, -37281.76608321827, -37281.766083218274, -37281.76608321825, -37281.76608321826, -37281.766083218325, -37281.76608340043, -37281.76608325685, -37281.76608321827, -37281.76608321827, -37281.76608321827, -37281.76608321827, -37281.766083727474, -37281.76608321828, -37281.76608321825, -37281.76608321829, -37281.76608321831, -37281.76608321828], "epochs": [15.726874338092966, 17.311178468392786, 15.599057809589883, 16.599057809589883, 17.329437972464657, 17.347697476536524, 16.61731731366175, 16.526019793302407, 16.45725450096774, 15.653836321805489, 17.566811525398958, 17.00076689917101, 16.745133842164837, 17.00076689917101, 15.854690866596052, 16.83643136252418, 17.53029251725522, 16.83643136252418, 16.83643136252418, 16.781652850308575]}