{"time": [958.2821300029755, 962.529717206955, 91.33547353744507, 43.14728307723999, 962.4528229236603, 33.17352485656738, 29.674785137176514, 27.770880699157715, 44.94374632835388, 38.450029373168945, 964.6005816459656, 37.1138391494751, 38.37924361228943, 32.90731453895569, 32.929699182510376, 43.417720556259155, 34.37601637840271, 38.43074607849121, 39.30363464355469, 28.017246961593628], "LL": [-37281.766150378186, -37281.766215721815, -37281.766120973254, -37281.76608826006, -37281.766139791536, -37281.766151365424, -37281.76613001759, -37281.7661181624, -37281.76612036122, -37281.7661071278, -37281.766125125025, -37281.76615009363, -37281.76611073545, -37281.76611623994, -37281.76614820933, -37281.766123384405, -37281.76614543105, -37281.766115529834, -37281.766107983625, -37281.76609931533], "epochs": [200.4467735456305, 200.6841470985648, 18.51981156191798, 8.538071065989847, 200.51981156191798, 6.483292553774239, 5.6476280904210645, 5.46503304970237, 8.738925610780411, 7.556330570061718, 200.64762809042105, 7.519811561917979, 7.538071065989848, 6.483292553774239, 6.483292553774239, 8.592849578205456, 6.519811561917979, 7.538071065989848, 7.592849578205456, 5.519811561917979]}