{"time": [84.95494413375854, 84.56981110572815, 84.61155271530151, 84.75810599327087, 84.85784792900085, 84.98988604545593, 84.769615650177, 84.80569505691528, 84.92476391792297, 84.85830640792847, 85.71456956863403, 85.01461625099182, 84.69917964935303, 85.0124979019165, 84.84037446975708, 85.24909925460815, 84.86548852920532, 85.13816356658936, 84.80671310424805, 84.73550367355347], "LL": [-37285.478648115844, -37285.33153392258, -37285.1322544912, -37285.316450235565, -37285.1419650712, -37285.29521002872, -37285.17229990204, -37285.33133611737, -37285.22493431049, -37285.158476830555, -37285.46734227684, -37285.4476255919, -37285.159363067585, -37285.44401594725, -37285.04284057844, -37285.15563922546, -37285.3759482529, -37285.04667712527, -37285.19370432357, -37285.182229272454], "epochs": [200.64762809042105, 200.64762809042105, 200.66588759449292, 200.6841470985648, 200.6841470985648, 200.73892561078043, 200.73892561078043, 200.72066610670853, 200.939780155571, 200.7571851148523, 200.70240660263667, 200.66588759449292, 200.7571851148523, 200.64762809042105, 200.70240660263667, 200.939780155571, 200.64762809042105, 200.79370412299602, 200.70240660263667, 200.6841470985648]}