{"time": [12.231214046478271, 10.367425918579102, 78.12564492225647, 10.266182661056519, 78.4049825668335, 11.313879013061523, 78.45866131782532, 11.283736944198608, 10.411421298980713, 12.45933198928833, 78.56025838851929, 78.81700015068054, 11.365832328796387, 11.145549297332764, 78.79259133338928, 79.30488538742065, 77.95266890525818, 78.05672836303711, 78.25826120376587, 11.539560556411743], "LL": [-37281.76612239802, -37281.766116703315, -37281.76611625473, -37281.76609753805, -37281.76611617889, -37281.76611112979, -37281.766115513514, -37281.76610609865, -37281.76608966963, -37281.76612129859, -37281.766095008534, -37281.766112520454, -37281.76612473623, -37281.76610566877, -37281.76610073679, -37281.76609255191, -37281.76619417645, -37281.76610071637, -37281.7661113507, -37281.766117056206], "epochs": [9.51981156191798, 7.483292553774239, 200.51981156191798, 7.501552057846109, 200.5745900741336, 10.48329255377424, 200.55633057006173, 10.48329255377424, 7.501552057846109, 9.793704122996019, 200.55633057006173, 200.5745900741336, 9.556330570061718, 10.46503304970237, 200.48329255377425, 200.61110908227732, 200.46503304970236, 200.48329255377425, 200.48329255377425, 7.720666106708542]}