{"time": [80.76393985748291, 89.66477036476135, 71.90906977653503, 84.77629351615906, 95.37135291099548, 63.6535267829895, 98.93109107017517, 78.93995642662048, 90.7559905052185, 74.79179739952087, 75.9498302936554, 92.0405662059784, 91.0501070022583, 73.50032544136047, 101.2885799407959, 101.08904266357422, 87.41371822357178, 66.4275062084198, 77.27099871635437, 99.77696514129639], "LL": [-37281.76608489333, -37281.76608609189, -37281.766109072836, -37281.76608547935, -37281.766084551884, -37281.766084113966, -37281.76609040526, -37281.766133128076, -37281.76609678457, -37281.76608616634, -37281.76608583844, -37281.76608337003, -37281.766143015295, -37281.766110727025, -37281.76608449101, -37281.76608416087, -37281.76608586789, -37281.76608651453, -37281.76608346183, -37281.76611674019], "epochs": [112.98250739509913, 146.31117846839277, 92.51203301318336, 123.80418507833326, 156.0190264032429, 68.90946937881166, 169.27465946024904, 112.78165285030857, 145.58079830551802, 97.49377350911148, 100.89120987473979, 147.78165285030857, 143.74513384216482, 96.76339334623671, 164.74940656611764, 170.32943797246466, 128.96424789102727, 75.83643136252418, 104.67209582587736, 166.79991235438044]}