{"time": [43.01799964904785, 69.98732829093933, 73.33997845649719, 53.830185651779175, 71.70577454566956, 70.40114617347717, 63.13405990600586, 72.41305875778198, 54.90735960006714, 71.69266605377197, 37.276001930236816, 73.1075508594513, 38.38342618942261, 55.98473262786865, 73.42484068870544, 52.56622242927551, 74.22242450714111, 70.10886740684509, 36.80641484260559, 61.12449502944946], "LL": [-37281.7660996936, -37281.766101589186, -37281.76608482548, -37281.76613132403, -37281.76608492998, -37281.766092003745, -37281.76608328116, -37281.76610999073, -37281.76608948221, -37281.76608416523, -37281.76608438321, -37281.76611177351, -37281.76608494941, -37281.76608398681, -37281.76608670773, -37281.766090903875, -37281.76608462534, -37281.76609153955, -37281.76610091588, -37281.766084746974], "epochs": [94.48329255377425, 171.48329255377425, 180.48329255377425, 126.50155205784611, 172.61110908227732, 170.59284957820546, 152.5015520578461, 176.5745900741336, 130.46503304970236, 176.48329255377425, 74.0493371800022, 180.51981156191798, 82.59284957820546, 132.51981156191798, 178.53807106598984, 119.62936858634919, 181.5015520578461, 171.48329255377425, 79.48329255377425, 146.51981156191798]}