{"time": [404.8327398300171, 405.1387462615967, 405.8288733959198, 406.26374912261963, 405.826055765152, 406.1752643585205, 406.4219698905945, 406.5546772480011, 406.07691717147827, 405.79876136779785, 406.00538301467896, 405.97789216041565, 406.1406960487366, 406.2778227329254, 406.00757598876953, 405.526997089386, 406.16771054267883, 406.18568444252014, 405.2747070789337, 403.97572779655457], "LL": [-37281.76615426205, -37281.76615426205, -37281.76615426205, -37281.76615426205, -37281.76615426205, -37281.76615426205, -37281.76615426205, -37281.76615426205, -37281.76615426205, -37281.76615426205, -37281.76615426205, -37281.76615426205, -37281.76615426205, -37281.76615426205, -37281.76615426205, -37281.76615426205, -37281.76615426205, -37281.76615426205, -37281.76615426205, -37281.76615426205], "epochs": [935.0, 935.0, 935.0, 935.0, 935.0, 935.0, 935.0, 935.0, 935.0, 935.0, 935.0, 935.0, 935.0, 935.0, 935.0, 935.0, 935.0, 935.0, 935.0, 935.0]}