{"time": [83.28269791603088, 82.74619650840759, 82.7215039730072, 82.81128215789795, 82.57264065742493, 82.58958768844604, 82.54952931404114, 82.96061635017395, 82.54515218734741, 82.64672207832336, 82.45465993881226, 82.73852133750916, 82.57381772994995, 82.70984601974487, 82.68362259864807, 82.31525707244873, 82.46721720695496, 82.79420304298401, 82.36033225059509, 82.33367609977722], "LL": [-37288.583618586534, -37288.583618586534, -37288.583618586534, -37288.583618586534, -37288.583618586534, -37288.583618586534, -37288.583618586534, -37288.583618586534, -37288.583618586534, -37288.583618586534, -37288.583618586534, -37288.583618586534, -37288.583618586534, -37288.583618586534, -37288.583618586534, -37288.583618586534, -37288.583618586534, -37288.583618586534, -37288.583618586534, -37288.583618586534], "epochs": [200.0, 200.0, 200.0, 200.0, 200.0, 200.0, 200.0, 200.0, 200.0, 200.0, 200.0, 200.0, 200.0, 200.0, 200.0, 200.0, 200.0, 200.0, 200.0, 200.0]}