{"time": [961.5003943443298, 973.4836928844452, 980.8145878314972, 980.7708418369293, 981.2671384811401, 981.6965291500092, 985.6960337162018, 980.3798587322235, 983.324541091919, 986.6589848995209, 982.2184607982635, 987.0533242225647, 983.6322462558746, 987.7356448173523, 988.9366641044617, 988.6317753791809, 990.3038182258606, 993.6185257434845, 992.5346581935883, 998.6931722164154], "LL": [-37281.766184286535, -37281.766184286535, -37281.766184286535, -37281.766184286535, -37281.766184286535, -37281.766184286535, -37281.766184286535, -37281.766184286535, -37281.766184286535, -37281.766184286535, -37281.766184286535, -37281.766184286535, -37281.766184286535, -37281.766184286535, -37281.766184286535, -37281.766184286535, -37281.766184286535, -37281.766184286535, -37281.766184286535, -37281.766184286535], "epochs": [200.0, 200.0, 200.0, 200.0, 200.0, 200.0, 200.0, 200.0, 200.0, 200.0, 200.0, 200.0, 200.0, 200.0, 200.0, 200.0, 200.0, 200.0, 200.0, 200.0]}