{"time": [45.04875135421753, 45.58403658866882, 45.389137983322144, 45.790526151657104, 45.347721099853516, 46.38228964805603, 45.89615082740784, 45.290003299713135, 46.99501991271973, 45.19699168205261, 46.30081057548523, 47.207831144332886, 47.08761262893677, 46.458542823791504, 46.44054627418518, 46.835511207580566, 46.169842004776, 46.515671491622925, 46.371647357940674, 46.94214177131653], "LL": [-37281.76608321829, -37281.76608321829, -37281.76608321829, -37281.76608321829, -37281.76608321829, -37281.76608321829, -37281.76608321829, -37281.76608321829, -37281.76608321829, -37281.76608321829, -37281.76608321829, -37281.76608321829, -37281.76608321829, -37281.76608321829, -37281.76608321829, -37281.76608321829, -37281.76608321829, -37281.76608321829, -37281.76608321829, -37281.76608321829], "epochs": [8.0, 8.0, 8.0, 8.0, 8.0, 8.0, 8.0, 8.0, 8.0, 8.0, 8.0, 8.0, 8.0, 8.0, 8.0, 8.0, 8.0, 8.0, 8.0, 8.0]}