{"time": [0.47431254386901855, 0.511629581451416, 0.46579790115356445, 0.4692506790161133, 0.4637472629547119, 0.4711573123931885, 0.46954774856567383, 0.4673621654510498, 0.47529172897338867, 0.4894747734069824, 0.478104829788208, 0.604015588760376, 0.5913810729980469, 0.4840552806854248, 0.508681058883667, 0.5204057693481445, 0.4796009063720703, 0.5398416519165039, 0.6380846500396729, 0.738093376159668], "LL": [-5236.900014232972, -5236.900014232972, -5236.900014232972, -5236.900014232972, -5236.900014232972, -5236.900014232972, -5236.900014232972, -5236.900014232972, -5236.900014232972, -5236.900014232972, -5236.900014232972, -5236.900014232972, -5236.900014232972, -5236.900014232972, -5236.900014232972, -5236.900014232972, -5236.900014232972, -5236.900014232972, -5236.900014232972, -5236.900014232972], "epochs": [16, 16, 16, 16, 16, 16, 16, 16, 16, 16, 16, 16, 16, 16, 16, 16, 16, 16, 16, 16]}