{"time": [2.7448132038116455, 2.5063140392303467, 2.6982064247131348, 2.745208501815796, 2.6873276233673096, 2.6984996795654297, 2.470104932785034, 2.9427547454833984, 2.716270685195923, 2.8866395950317383, 2.7272346019744873, 2.704336166381836, 2.933875322341919, 2.7240781784057617, 2.6704227924346924, 2.480907440185547, 2.46708607673645, 2.668806552886963, 3.0224742889404297, 2.263942241668701], "LL": [-5236.900013580045, -5236.9000135959695, -5236.900013580155, -5236.900013595305, -5236.900013579014, -5236.9000135796605, -5236.900013578813, -5236.900013578938, -5236.900013578792, -5236.900013580525, -5236.900013578796, -5236.900013703959, -5236.90001359343, -5236.90001357884, -5236.9000136396935, -5236.900013580203, -5236.9000135826855, -5236.900013579849, -5236.9000135794695, -5236.900013586801], "epochs": [13.47695035460993, 12.151891252955082, 13.004137115839242, 13.32919621749409, 12.536052009456263, 13.25531914893617, 11.506501182033096, 14.240543735224586, 13.25531914893617, 14.196217494089835, 13.314420803782506, 12.66903073286052, 12.284869976359339, 13.491725768321512, 12.580378250591016, 11.974586288416075, 11.40307328605201, 12.5951536643026, 12.5951536643026, 10.225768321513002]}