{"time": [2.2024285793304443, 1.9962024688720703, 1.9786150455474854, 2.5741305351257324, 2.6390016078948975, 2.421583652496338, 2.2231006622314453, 2.1894848346710205, 2.8209340572357178, 2.5823822021484375, 2.4043946266174316, 2.8094241619110107, 3.033867835998535, 2.860747814178467, 2.634279251098633, 2.656745195388794, 2.8091328144073486, 2.4680023193359375, 2.3742775917053223, 4.306781053543091], "LL": [-5236.900013583376, -5236.900013681427, -5236.900013581218, -5236.900013578935, -5236.900013598844, -5236.900013580119, -5236.900013580039, -5236.90001357881, -5236.900013578801, -5236.900013605016, -5236.900013590913, -5236.900013600847, -5236.900013579824, -5236.900013578859, -5236.900013640845, -5236.900013578786, -5236.900013595646, -5236.900013643271, -5236.9000135975075, -5236.90001359724], "epochs": [11.09840425531915, 9.999556737588653, 9.950059101654848, 13.405437352245864, 14.207446808510639, 10.53413120567376, 11.14804964539007, 10.761820330969268, 12.098552009456265, 10.643173758865249, 9.860963356973995, 12.346040189125297, 13.831264775413711, 11.860963356973995, 11.771867612293144, 10.801566193853429, 11.53413120567376, 10.81146572104019, 9.7322695035461, 15.682771867612294]}