{"time": [2.4700796604156494, 2.4779410362243652, 2.4913856983184814, 2.496392011642456, 2.533231258392334, 2.5643839836120605, 2.5888612270355225, 2.5946083068847656, 2.6384453773498535, 3.0460853576660156, 3.042370080947876, 3.0325584411621094, 3.0073447227478027, 3.000131368637085, 2.990933895111084, 2.989640474319458, 2.9779398441314697, 2.9696123600006104, 2.9626779556274414, 2.9594805240631104], "LL": [-5236.900013606149, -5236.900013606149, -5236.900013606149, -5236.900013606149, -5236.900013606149, -5236.900013606149, -5236.900013606149, -5236.900013606149, -5236.900013606149, -5236.900013606149, -5236.900013606149, -5236.900013606149, -5236.900013606149, -5236.900013606149, -5236.900013606149, -5236.900013606149, -5236.900013606149, -5236.900013606149, -5236.900013606149, -5236.900013606149], "epochs": [12.0, 12.0, 12.0, 12.0, 12.0, 12.0, 12.0, 12.0, 12.0, 12.0, 12.0, 12.0, 12.0, 12.0, 12.0, 12.0, 12.0, 12.0, 12.0, 12.0]}