{"time": [2.6070303916931152, 3.089613437652588, 2.5965871810913086, 4.414629936218262, 2.6778740882873535, 3.8143701553344727, 3.309907913208008, 4.822891712188721, 3.395510673522949, 2.7847068309783936, 2.9948854446411133, 4.745137691497803, 2.692561388015747, 2.549895763397217, 2.209975481033325, 3.1188042163848877, 3.0912320613861084, 3.105480194091797, 2.637735366821289, 3.4423062801361084], "LL": [-5236.900013645634, -5236.90001358366, -5236.900013580524, -5236.90001357978, -5236.900013586814, -5236.900013612438, -5236.90001360263, -5236.9000135803135, -5236.900013599949, -5236.900013582082, -5236.900013601371, -5236.900013606655, -5236.900013584303, -5236.900013598266, -5236.900013579936, -5236.90001357952, -5236.900013700768, -5236.900013592606, -5236.900013588598, -5236.900013617837], "epochs": [19.802009456264777, 23.66903073286052, 19.74290780141844, 34.270094562647756, 20.442080378250587, 29.44739952718676, 25.52127659574468, 37.639479905437355, 26.122340425531917, 21.388297872340424, 22.994089834515364, 36.87588652482269, 20.580378250591018, 19.388297872340424, 16.698581560283685, 23.654255319148938, 23.40307328605201, 23.55082742316785, 20.122340425531917, 26.462174940898343]}