{"time": [0.975330114364624, 0.7949967384338379, 1.0052549839019775, 0.8067595958709717, 0.9706690311431885, 0.9272215366363525, 0.8114778995513916, 0.8092420101165771, 0.832160234451294, 0.8740379810333252, 0.8152356147766113, 0.8893911838531494, 0.9234871864318848, 0.9694688320159912, 0.9504597187042236, 1.1126158237457275, 0.9982519149780273, 0.9502649307250977, 1.238849401473999, 0.9482331275939941], "LL": [-5236.9000135787865, -5236.900013578783, -5236.900013578788, -5236.900013578817, -5236.900013579227, -5236.90001357878, -5236.900013578786, -5236.900013578787, -5236.900013578802, -5236.9000135788, -5236.9000135787865, -5236.9000135787865, -5236.900013579456, -5236.9000135828555, -5236.900013578779, -5236.90001357878, -5236.900013578787, -5236.900013580267, -5236.900013578794, -5236.9000135791675], "epochs": [9.082742316784868, 7.403073286052009, 9.466903073286051, 7.388297872340425, 8.555555555555554, 8.772458628841607, 7.240543735224586, 7.84160756501182, 7.654255319148936, 7.861111111111111, 7.654255319148936, 8.023640661938533, 8.215721040189123, 7.299645390070921, 7.033687943262411, 8.44739952718676, 7.358747044917257, 7.122340425531915, 9.55082742316785, 7.151891252955083]}