{"time": [4.438241958618164, 5.321326732635498, 5.153964042663574, 5.311971664428711, 4.408112525939941, 4.573931694030762, 5.6296350955963135, 5.206857442855835, 3.88371205329895, 5.649277210235596, 4.39179539680481, 5.2826831340789795, 6.283241033554077, 5.484546184539795, 4.13744330406189, 4.9477219581604, 4.975246429443359, 5.05229926109314, 5.388712644577026, 5.165144205093384], "LL": [5236.900013578894, 5236.90001359714, 5236.900013615247, 5236.900013610241, 5236.900013642959, 5236.900013578852, 5236.90001363866, 5236.9000136021, 5236.900013581269, 5236.900013602068, 5236.900013584952, 5236.900013594356, 5236.900013579437, 5236.9000136184395, 5236.900013636063, 5236.900013714877, 5236.900013669633, 5236.900013742785, 5236.900013611132, 5236.900013644234], "epochs": [34.18617021276596, 40.787234042553195, 40.048463356974, 40.37352245862884, 34.1371158392435, 34.94976359338062, 43.93026004728132, 40.37352245862884, 29.91548463356974, 44.07801418439716, 33.639479905437355, 41.10756501182033, 49.07801418439716, 42.476950354609926, 31.95981087470449, 38.35874704491726, 38.91548463356974, 39.06323877068558, 42.03368794326241, 40.15189125295508]}