{"time": [4.8861167430877686, 5.653369665145874, 4.147192716598511, 4.430844306945801, 4.798837900161743, 4.033365249633789, 4.1860785484313965, 4.196884870529175, 5.095459699630737, 4.227664232254028, 4.268041610717773, 4.314587354660034, 3.847503185272217, 3.7518324851989746, 4.802345275878906, 4.034479379653931, 3.4274113178253174, 3.5846035480499268, 3.8576951026916504, 4.719944477081299], "LL": [-5236.900013590338, -5236.900013605, -5236.900013582543, -5236.900013631561, -5236.900013631969, -5236.90001371011, -5236.900013606919, -5236.900013602054, -5236.900013579245, -5236.900013585788, -5236.900013654342, -5236.900013581393, -5236.900013587881, -5236.900013607286, -5236.9000136125105, -5236.900013665577, -5236.900013597848, -5236.9000136506675, -5236.900013645873, -5236.900013606915], "epochs": [37.93026004728132, 43.94503546099291, 31.62470449172577, 33.97458628841608, 37.15189125295508, 30.5951536643026, 32.03368794326241, 32.19621749408984, 39.314420803782504, 32.28486997635934, 32.491725768321515, 33.01891252955083, 28.757683215130022, 28.29964539007092, 37.10756501182033, 30.974586288416077, 26.122340425531917, 27.240543735224584, 29.28486997635934, 36.28486997635934]}