{"time": [6.701647520065308, 6.7378990650177, 6.662912368774414, 6.638350248336792, 6.604570627212524, 6.555830717086792, 6.543508291244507, 6.510456085205078, 6.531901836395264, 6.473727464675903, 6.431978464126587, 6.412948846817017, 6.378923416137695, 6.355807065963745, 6.33544397354126, 6.313162565231323, 6.281276226043701, 6.246852397918701, 6.226608753204346, 6.22170615196228], "LL": [-5236.900013636106, -5236.900013636106, -5236.900013636106, -5236.900013636106, -5236.900013636106, -5236.900013636106, -5236.900013636106, -5236.900013636106, -5236.900013636106, -5236.900013636106, -5236.900013636106, -5236.900013636106, -5236.900013636106, -5236.900013636106, -5236.900013636106, -5236.900013636106, -5236.900013636106, -5236.900013636106, -5236.900013636106, -5236.900013636106], "epochs": [49.0, 49.0, 49.0, 49.0, 49.0, 49.0, 49.0, 49.0, 49.0, 49.0, 49.0, 49.0, 49.0, 49.0, 49.0, 49.0, 49.0, 49.0, 49.0, 49.0]}