{"time": [5.966645002365112, 6.0140674114227295, 6.019108772277832, 6.033787727355957, 6.025582790374756, 6.025227308273315, 6.026337146759033, 6.019920349121094, 6.009913682937622, 6.01289701461792, 6.012945175170898, 6.0144782066345215, 6.018133878707886, 6.0344061851501465, 6.02770209312439, 6.0120227336883545, 6.00986909866333, 6.014420747756958, 6.0167341232299805, 6.026966571807861], "LL": [5236.9000135827955, 5236.9000135827955, 5236.9000135827955, 5236.9000135827955, 5236.9000135827955, 5236.9000135827955, 5236.9000135827955, 5236.9000135827955, 5236.9000135827955, 5236.9000135827955, 5236.9000135827955, 5236.9000135827955, 5236.9000135827955, 5236.9000135827955, 5236.9000135827955, 5236.9000135827955, 5236.9000135827955, 5236.9000135827955, 5236.9000135827955, 5236.9000135827955], "epochs": [47.0, 47.0, 47.0, 47.0, 47.0, 47.0, 47.0, 47.0, 47.0, 47.0, 47.0, 47.0, 47.0, 47.0, 47.0, 47.0, 47.0, 47.0, 47.0, 47.0]}