{"time": [0.5624597072601318, 0.5700070858001709, 0.5689010620117188, 0.568131685256958, 0.5667636394500732, 0.5686733722686768, 0.5672025680541992, 0.5736813545227051, 0.5729520320892334, 0.5688087940216064, 0.5737433433532715, 0.576521635055542, 0.5739765167236328, 0.5776169300079346, 0.577857494354248, 0.5917375087738037, 0.5889968872070312, 0.5849006175994873, 0.5892012119293213, 0.5935592651367188], "LL": [-5236.9000135787865, -5236.9000135787865, -5236.9000135787865, -5236.9000135787865, -5236.9000135787865, -5236.9000135787865, -5236.9000135787865, -5236.9000135787865, -5236.9000135787865, -5236.9000135787865, -5236.9000135787865, -5236.9000135787865, -5236.9000135787865, -5236.9000135787865, -5236.9000135787865, -5236.9000135787865, -5236.9000135787865, -5236.9000135787865, -5236.9000135787865, -5236.9000135787865], "epochs": [6.0, 6.0, 6.0, 6.0, 6.0, 6.0, 6.0, 6.0, 6.0, 6.0, 6.0, 6.0, 6.0, 6.0, 6.0, 6.0, 6.0, 6.0, 6.0, 6.0]}