{"time": [4727.028813123703, 4751.559676885605, 4665.217039346695, 4602.5568726062775, 4605.791532278061, 4604.9224421978, 4595.414133071899, 4586.960442066193, 4600.495335102081, 4599.595899820328, 4595.806206703186], "LL": [-52646.00740151577, -52646.00740151577, -52646.00740151577, -52646.00740151577, -52646.00740151577, -52646.00740151577, -52646.00740151577, -52646.00740151577, -52646.00740151577, -52646.00740151577, -52646.00740151577], "epochs": [1996, 1996, 1996, 1996, 1996, 1996, 1996, 1996, 1996, 1996, 1996]}