{"time": [2133.058242082596, 2052.187687397003, 2183.6395897865295, 2282.734976053238, 1986.6257419586182, 2086.4308247566223, 2073.9608297348022, 2207.646538257599, 2226.70565032959, 2068.525298833847, 2093.8738729953766, 1938.0253355503082, 2103.585321187973, 2136.2424364089966, 2052.6562390327454, 2006.0171506404877, 2017.8058862686157, 2028.1699304580688, 2195.8062040805817, 2186.925415992737], "LL": [52645.965201087725, 52645.96519683814, 52645.96523166323, 52645.96519925528, 52645.965212282455, 52645.96522758935, 52645.9652069181, 52645.965198050835, 52645.96520478525, 52645.965203727545, 52645.96519520883, 52645.96521365695, 52645.96521649294, 52645.965212502466, 52645.965199987055, 52645.96523872728, 52645.96520626151, 52645.96520949619, 52645.96521154002, 52645.96520605531], "epochs": [167.1807463680537, 163.51478676960264, 173.37912833288112, 181.34213057741164, 156.11908344227118, 167.57644969538515, 165.40379350319415, 179.37912833288112, 184.37912833288112, 167.41612608835064, 170.45312384382015, 158.34213057741164, 172.36679574772464, 173.89709690945415, 168.52711935475915, 163.5260587524357, 165.39146091803764, 166.39146091803764, 180.31746540709864, 176.8837037219742]}