{"time": [662.8311288356781, 712.9499695301056, 632.8910615444183, 728.2303969860077, 684.4174213409424, 656.4187507629395, 724.4148387908936, 682.6458835601807, 674.6664972305298, 729.0158231258392, 642.7825500965118, 617.0845854282379, 640.2142045497894, 634.3577287197113, 708.1782567501068, 646.2881183624268, 609.097395658493, 649.5376749038696, 697.0487492084503, 671.8431739807129], "LL": [-52645.96519301471, -52645.96519300758, -52645.965193018164, -52645.96519304571, -52645.965193012285, -52645.96519306093, -52645.96519300466, -52645.96519303915, -52645.96519301229, -52645.965193007156, -52645.96519303435, -52645.9651930126, -52645.96519300814, -52645.96519301942, -52645.965193031174, -52645.96519300823, -52645.965193020624, -52645.96519303065, -52645.96519310337, -52645.96519301092], "epochs": [21.66065658683373, 20.574328490738225, 19.266013861825716, 21.981303800902744, 24.67298917199023, 20.007029573539203, 21.266013861825712, 23.56093530325827, 23.746984682929234, 20.426337468860222, 23.253681276669212, 21.030634141528747, 20.957699232913203, 19.40167229854722, 20.15395999309375, 22.303011617295216, 19.290679032138716, 21.9330340626002, 17.87243173914116, 20.488000394642725]}