{"time": [4709.0262269973755, 4874.046674013138, 4485.956023693085, 4883.8645033836365, 4521.509052991867, 5175.160341024399, 4974.130097866058, 4818.075285434723, 4565.500319004059, 5063.629044532776, 4658.437161922455, 4435.3101971149445, 4836.958558797836, 5198.112983942032, 4850.37535238266, 4853.4310092926025, 5080.112025022507, 4740.703263998032, 5164.221544981003, 5159.768685102463], "LL": [-52645.965195054785, -52645.965202544896, -52645.965201786115, -52645.96523665747, -52645.96519531415, -52645.96519698671, -52645.96519389642, -52645.96521663032, -52645.96519389151, -52645.96519641562, -52645.9652066815, -52645.96521433593, -52645.965199925675, -52645.96520079182, -52645.96519630862, -52645.965198941754, -52645.96519551561, -52645.965199190265, -52645.9651936341, -52645.965200985265], "epochs": [24.280467651629134, 25.736773302419653, 23.61344745085465, 25.365735145401178, 23.67298917199023, 27.366795747724638, 26.280467651629134, 25.11908344227117, 24.10675085711467, 26.66171718915719, 24.465456428976644, 23.168413782897172, 25.09441827195817, 27.317465407098638, 25.329797992255138, 25.391460918037637, 26.61344745085465, 24.9083688922872, 26.994696988382703, 26.90942949461066]}