{"time": [2368.2049882411957, 2368.642805814743, 2363.0682423114777, 2316.415764808655, 2304.7924213409424, 2305.5792632102966, 2310.0704855918884, 2302.5264563560486, 2303.9168248176575, 2329.0614976882935, 2298.618494987488, 2306.4826340675354, 2304.781013250351, 2302.331615447998, 2302.2542316913605, 2298.732076883316, 2296.488090991974, 2297.04825592041, 2302.897477865219, 2299.4669716358185], "LL": [52645.96519974876, 52645.96519974876, 52645.96519974876, 52645.96519974876, 52645.96519974876, 52645.96519974876, 52645.96519974876, 52645.96519974876, 52645.96519974876, 52645.96519974876, 52645.96519974876, 52645.96519974876, 52645.96519974876, 52645.96519974876, 52645.96519974876, 52645.96519974876, 52645.96519974876, 52645.96519974876, 52645.96519974876, 52645.96519974876], "epochs": [186.0, 186.0, 186.0, 186.0, 186.0, 186.0, 186.0, 186.0, 186.0, 186.0, 186.0, 186.0, 186.0, 186.0, 186.0, 186.0, 186.0, 186.0, 186.0, 186.0]}