{"time": [7869.582743644714, 7826.227458953857, 7677.13125538826, 7677.166879653931, 7678.062361240387, 7669.580313682556, 7665.129923582077, 7659.570088386536, 7660.760746955872, 7671.803270339966, 7649.190914392471, 7659.788801908493, 7671.884412050247, 7681.087027311325, 7680.4199759960175, 7666.453190803528], "LL": [52704.33039290411, 52697.94859166406, 52735.63821009175, 52717.523638721694, 52736.82542622634, 52741.51726598283, 52750.08037373105, 52756.57239242429, 52716.855858803436, 52720.474281749055, 52794.48940498037, 52722.15692528907, 52687.323833218936, 52715.2145827069, 52754.43760732318, 52759.750914264514], "epochs": [1000.2804676516291, 1000.3051328219422, 1000.3174654070987, 1000.2804676516291, 1000.4037935031942, 1000.2804676516291, 1000.2804676516291, 1000.2681350664726, 1000.2928002367856, 1000.3174654070987, 1000.2804676516291, 1000.3174654070987, 1000.2681350664726, 1000.2681350664726, 1000.3051328219422, 1000.3297979922552]}