{"time": [7786.211884737015, 7604.632173299789, 7582.619215488434, 7588.5467965602875, 7581.497621536255, 7576.003023147583, 7574.524702310562, 7572.36594080925, 7580.136296987534, 7575.261017560959, 7573.099825620651, 7575.648584604263, 7581.449825525284, 7577.132700920105, 7576.783648967743, 7574.7957310676575, 7577.208856582642], "LL": [52735.23157872454, 52735.23157872454, 52735.23157872454, 52735.23157872454, 52735.23157872454, 52735.23157872454, 52735.23157872454, 52735.23157872454, 52735.23157872454, 52735.23157872454, 52735.23157872454, 52735.23157872454, 52735.23157872454, 52735.23157872454, 52735.23157872454, 52735.23157872454, 52735.23157872454], "epochs": [1000.0, 1000.0, 1000.0, 1000.0, 1000.0, 1000.0, 1000.0, 1000.0, 1000.0, 1000.0, 1000.0, 1000.0, 1000.0, 1000.0, 1000.0, 1000.0, 1000.0]}