{"time": [3114.631915330887, 3043.2709169387817, 3027.534010410309, 3057.394505739212, 3037.8979024887085, 3008.5914323329926, 3034.820999622345, 3049.35315489769, 3044.640652656555, 3068.8258295059204, 3044.792421102524, 3011.969453573227, 3028.489263534546, 3008.2661623954773, 3054.001344680786, 2992.589949131012, 3045.0868299007416, 3060.3102259635925, 3050.804820537567, 3056.9729313850403], "LL": [52645.965193000826, 52645.965193000826, 52645.965193000826, 52645.965193000826, 52645.965193000826, 52645.965193000826, 52645.965193000826, 52645.965193000826, 52645.965193000826, 52645.965193000826, 52645.965193000826, 52645.965193000826, 52645.965193000826, 52645.965193000826, 52645.965193000826, 52645.965193000826, 52645.965193000826, 52645.965193000826, 52645.965193000826, 52645.965193000826], "epochs": [16.0, 16.0, 16.0, 16.0, 16.0, 16.0, 16.0, 16.0, 16.0, 16.0, 16.0, 16.0, 16.0, 16.0, 16.0, 16.0, 16.0, 16.0, 16.0, 16.0]}