{"time": [4787.659066915512, 4760.494147539139, 4731.826460361481], "LL": [-17286.57995536268, -17286.57995536268, -17286.57995536268], "epochs": [1933, 1933, 1933]}