{"time": [4786.544248342514, 4764.237682342529, 4729.4644656181335, 4712.812420845032, 4712.7443969249725, 4703.783267021179, 4702.5868899822235, 4712.622951507568, 4701.36902141571, 4716.094732284546, 4706.008898258209, 4702.552062034607, 4711.271005630493, 4714.085798740387, 4705.984185218811, 4703.071001291275, 4705.30975818634, 4705.919515371323, 4712.953829050064, 4707.304992675781], "LL": [-17286.57995536268, -17286.57995536268, -17286.57995536268, -17286.57995536268, -17286.57995536268, -17286.57995536268, -17286.57995536268, -17286.57995536268, -17286.57995536268, -17286.57995536268, -17286.57995536268, -17286.57995536268, -17286.57995536268, -17286.57995536268, -17286.57995536268, -17286.57995536268, -17286.57995536268, -17286.57995536268, -17286.57995536268, -17286.57995536268], "epochs": [1933, 1933, 1933, 1933, 1933, 1933, 1933, 1933, 1933, 1933, 1933, 1933, 1933, 1933, 1933, 1933, 1933, 1933, 1933, 1933]}