{"time": [2285.4817276000977, 2324.662831544876, 3527.176198244095, 2313.775564432144, 2292.606266975403, 2274.796799659729, 2480.5256056785583, 2047.584426164627, 2251.981845855713, 15772.327693462372, 2586.735608100891, 2167.0565962791443, 14896.801438808441, 2595.375461101532, 2025.6834287643433, 2259.1205179691315, 2243.650155067444, 41416.68759870529, 1968.8442866802216], "LL": [-17286.566624408064, -17286.566624613126, -17286.566623989034, -17286.566625610474, -17286.566624405485, -17286.56662402293, -17286.566627923246, -17286.566624136856, -17286.566624914616, -17286.566627341956, -17286.566624386982, -17286.566624454725, -17286.56662512211, -17286.566624977757, -17286.56662524891, -17286.566624016206, -17286.566624393487, -1998673.142173655, -17286.566627309337], "epochs": [125.87502729456293, 132.72945629230657, 188.83863454399884, 129.87502729456293, 127.80224179343475, 130.65667079117839, 147.76584904287066, 112.69306354174249, 128.87502729456293, 442.4399155688187, 155.65667079117839, 123.6566707911784, 839.8750272945629, 146.2753475507679, 112.80224179343475, 129.87502729456293, 127.62187932163913, 1000.6930635417425, 105.83863454399884]}