{"time": [1121.5254600048065, 1336.8109726905823, 1453.6558482646942], "LL": [-17286.56662378319, -17286.566623787538, -17286.56662379725], "epochs": [37.35133561394571, 51.98420554625518, 30.549093820510954]}