{"time": [8437.58774805069, 7992.284950256348, 8408.984183311462, 8505.88683962822, 8011.951901435852, 7658.015571117401, 8818.398951768875, 8426.432253360748, 9095.301347494125, 7664.967495441437, 7867.32298207283, 8302.4438829422, 8627.810098171234, 9457.308450222015, 9025.490539312363, 8745.810510158539, 9696.62382030487], "LL": [-17286.56662577181, -17286.566623966257, -17286.566628484274, -17286.566624557257, -17286.566625702704, -17286.56662433971, -17286.566624433806, -17286.566624658757, -17286.566628240576, -17286.56662555288, -17286.566625339, -17286.566624164407, -17286.56662449528, -17286.56662390837, -17286.56662537937, -17286.566624142495, -17286.566624208364], "epochs": [36.765849042870656, 35.1867675958949, 37.131377829536355, 37.765849042870656, 35.09338379794745, 33.69306354174249, 38.98420554625518, 36.91142004512701, 40.43991556881869, 33.765849042870656, 34.69306354174249, 36.6566707911784, 37.765849042870656, 41.6566707911784, 39.765849042870656, 38.56648955528059, 42.6566707911784]}