{"time": [9045.51671409607], "LL": [-17286.56663627421], "epochs": [39.05699104738336]}