{"time": [1202.1732800006866, 1123.3517472743988], "LL": [-17286.566623795516, -17286.566623780993], "epochs": [42.22316034645898, 37.97001237353519]}