{"time": [2327.2916176319122, 5823.299034357071, 2339.352680683136, 2213.4020273685455], "LL": [-17286.566624243955, -17286.566624513936, -17286.566624189392, -17286.566624612573], "epochs": [127.83863454399884, 300.80224179343475, 131.76584904287066, 127.69306354174249]}