{"time": [9116.385074138641, 8924.509979248047, 8908.715819358826, 8851.97536945343, 8938.816222667694, 8837.12466454506, 8846.719312429428, 8836.279211521149, 8880.759838104248, 8831.6909096241, 8915.325160264969, 8794.049124956131, 8909.239025831223, 8880.457324504852, 8861.391785383224, 8844.868154287338], "LL": [-17286.566625259657, -17286.566625259657, -17286.566625259657, -17286.566625259657, -17286.566625259657, -17286.566625259657, -17286.566625259657, -17286.566625259657, -17286.566625259657, -17286.566625259657, -17286.566625259657, -17286.566625259657, -17286.566625259657, -17286.566625259657, -17286.566625259657, -17286.566625259657], "epochs": [38.0, 38.0, 38.0, 38.0, 38.0, 38.0, 38.0, 38.0, 38.0, 38.0, 38.0, 38.0, 38.0, 38.0, 38.0, 38.0]}