{"time": [9116.682399272919], "LL": [-17286.566625259657], "epochs": [38.0]}