{"time": [8534.272927999496, 8473.701975345612, 8495.799278020859, 8483.188503742218, 8471.420521259308, 8461.825399160385, 8459.193364620209, 8480.70529127121, 8483.293805360794, 8488.846093177795, 8481.425465345383, 8485.967529058456, 8487.791460752487, 8472.934290885925, 8473.430063724518, 8475.291158437729, 8480.899019479752], "LL": [-17303.976779791137, -17294.210952736492, -17299.2674268131, -17303.139025658067, -17310.05459917138, -17297.608617143946, -17298.171023350165, -17299.821842986854, -17301.563217384508, -17301.556120626432, -17295.396304176073, -17297.0493649891, -17292.77776487431, -17302.509913446655, -17293.40490166323, -17296.146911789805, -17296.866769376946], "epochs": [1000.7294562923066, 1000.911420045127, 1000.7658490428706, 1000.7658490428706, 1000.8022417934347, 1000.7294562923066, 1000.0205982968193, 1000.0205982968193, 1000.8750272945629, 1000.911420045127, 1000.8386345439989, 1000.7658490428706, 1000.8386345439989, 1000.6930635417425, 1000.8022417934347, 1000.8022417934347, 1000.911420045127]}