{"time": [8662.503009080887], "LL": [-17299.404881019105], "epochs": [1000.8386345439989]}