{"time": [2436.63996219635, 2716.0169608592987, 2647.0327088832855, 2910.8245165348053, 2700.0051732063293, 2153.423192501068], "LL": [-17286.566623784263, -17286.566630817153, -17286.566623820665, -17286.56662379101, -17286.566623785915, -17286.566623784765], "epochs": [219.49370405415243, 248.2025620496397, 252.80224179343475, 249.03959531261373, 241.1123808137419, 175.4573113035883]}