{"time": [3147.3461401462555, 3483.010366678238, 2821.936018705368, 2840.1280434131622, 2780.5338315963745, 3526.4677295684814, 3123.6040692329407, 2883.5303711891174, 3378.6158831119537, 3501.0850710868835, 2486.68292760849, 2815.1268463134766, 2960.266257047653, 2892.5836000442505, 3011.5560722351074, 2638.0153725147247, 2653.2281415462494, 2433.1460785865784, 3113.188905954361, 2893.9122705459595], "LL": [-17286.56662378228, -17286.566623781517, -17286.56662378088, -17286.566623782106, -17286.56662383658, -17286.566623805167, -17286.566623841092, -17286.566623783474, -17286.566623785075, -17286.566623791015, -17286.56662378938, -17286.56662378277, -17286.566623872317, -17286.566623785868, -17286.566623780338, -17286.56662378673, -17286.56662378104, -17286.56662380191, -17286.56662378042, -17286.5666237889], "epochs": [12.9478127956911, 14.911420045127011, 11.838634543998836, 11.930417060921464, 11.694664822767304, 15.056991047383361, 13.202562049639711, 12.09338379794745, 14.656670791178398, 15.056991047383361, 10.240556081228618, 11.894024310357377, 12.367130067690516, 12.275347550767886, 12.568090836305409, 10.876628575587743, 11.058592328408182, 10.14877356430599, 13.2389548002038, 12.185166314870077]}