{"time": [2311.6722214221954, 4086.4195380210876, 2082.263936281204, 2301.545346021652, 2247.6607580184937, 2859.4251248836517, 2069.7280554771423, 2879.940007686615, 2102.0080950260162, 3234.4157376289368, 1873.1980152130127, 2570.4309692382812, 2349.166942834854, 2408.606208086014, 2214.062338113785, 2231.1656312942505, 1974.3782136440277, 2546.7466678619385, 2379.731345653534, 2288.661441087723], "LL": [-17286.566623781488, -17286.566625129934, -17286.566623781764, -17286.566623796436, -17286.566623781273, -17286.566623801762, -17286.56662378121, -17286.566623864976, -17286.56662378098, -17286.566624061426, -17286.56662378174, -17286.566623954193, -17286.566623788476, -17286.56662378215, -17286.56662398662, -17286.566623783096, -17286.566623785526, -17286.566623800343, -17286.56662379549, -17286.56662378062], "epochs": [176.85763155979328, 397.0759880631778, 165.5300968047165, 197.4573113035883, 181.71206055753694, 236.54909382051096, 170.34813305189607, 242.47630831938278, 173.38452580246013, 298.8940243103574, 154.05699104738335, 198.69466482276732, 225.2389548002038, 219.16616929907562, 193.16616929907562, 183.56648955528058, 149.63927505640876, 246.54909382051096, 182.33073731712642, 205.05699104738335]}