{"time": [3587.887609243393, 3540.0940284729004, 3111.1615250110626, 4024.1345813274384], "LL": [-17286.56662378415, -17286.56662381233, -17286.566623781066, -17286.56662378089], "epochs": [14.984205546255186, 14.984205546255186, 13.62027804061431, 17.621879321639128]}