{"time": [8745.115859746933, 8536.173795700073, 8526.226880311966, 8514.432910203934, 8527.129091024399, 8533.441805362701, 8534.019972324371, 8512.676784992218, 8518.75517654419, 8518.137199163437, 8520.891783952713, 8497.777898311615, 8508.000952482224, 8526.0601272583, 8509.622151136398, 8520.528805017471, 8542.132169246674], "LL": [-17302.87425078339, -17302.87425078339, -17302.87425078339, -17302.87425078339, -17302.87425078339, -17302.87425078339, -17302.87425078339, -17302.87425078339, -17302.87425078339, -17302.87425078339, -17302.87425078339, -17302.87425078339, -17302.87425078339, -17302.87425078339, -17302.87425078339, -17302.87425078339, -17302.87425078339], "epochs": [1000.0, 1000.0, 1000.0, 1000.0, 1000.0, 1000.0, 1000.0, 1000.0, 1000.0, 1000.0, 1000.0, 1000.0, 1000.0, 1000.0, 1000.0, 1000.0, 1000.0]}