{"time": [8658.590242624283], "LL": [-17302.87425078339], "epochs": [1000.0]}