{"time": [4394.568205118179, 4385.889011859894, 4310.4311780929565, 4271.658277750015, 4308.86353969574, 4300.909679412842, 4291.518857002258, 4283.759909629822, 4267.264913082123, 4329.81894993782, 4284.757732391357, 4265.433475255966, 4294.785806894302, 4253.116506576538, 4282.167464017868, 4301.522257804871, 4303.170532464981, 4334.948456287384, 4294.550788402557, 4306.082201957703], "LL": [-17286.56662378167, -17286.56662378167, -17286.56662378167, -17286.56662378167, -17286.56662378167, -17286.56662378167, -17286.56662378167, -17286.56662378167, -17286.56662378167, -17286.56662378167, -17286.56662378167, -17286.56662378167, -17286.56662378167, -17286.56662378167, -17286.56662378167, -17286.56662378167, -17286.56662378167, -17286.56662378167, -17286.56662378167, -17286.56662378167], "epochs": [18.0, 18.0, 18.0, 18.0, 18.0, 18.0, 18.0, 18.0, 18.0, 18.0, 18.0, 18.0, 18.0, 18.0, 18.0, 18.0, 18.0, 18.0, 18.0, 18.0]}