{"time": [4499.341932296753, 4470.98157119751, 4327.466216087341], "LL": [-17286.56662378167, -17286.56662378167, -17286.56662378167], "epochs": [18.0, 18.0, 18.0]}