{"time": [4.9209020137786865, 4.298409461975098, 4.305173635482788, 4.242776393890381, 4.301267147064209, 4.261809825897217, 4.29801869392395, 4.267004489898682, 4.296795129776001, 4.302009344100952, 4.331170082092285, 4.223614692687988, 4.288320541381836, 4.364950895309448, 4.270402908325195, 4.322000026702881, 4.25888991355896, 4.2976298332214355, 4.330016136169434, 4.324810266494751], "LL": [-67925.59207508742, -67925.59207508742, -67925.59207508742, -67925.59207508742, -67925.59207508742, -67925.59207508742, -67925.59207508742, -67925.59207508742, -67925.59207508742, -67925.59207508742, -67925.59207508742, -67925.59207508742, -67925.59207508742, -67925.59207508742, -67925.59207508742, -67925.59207508742, -67925.59207508742, -67925.59207508742, -67925.59207508742, -67925.59207508742], "epochs": [123, 123, 123, 123, 123, 123, 123, 123, 123, 123, 123, 123, 123, 123, 123, 123, 123, 123, 123, 123]}