{"time": [1.8242714405059814, 1.1834211349487305, 1.20131254196167, 1.2185189723968506, 1.1875371932983398, 1.2188377380371094, 1.2131946086883545, 1.2196319103240967, 1.2162370681762695, 1.2244126796722412, 1.2215180397033691, 1.1849310398101807, 1.2066895961761475, 1.1942899227142334, 1.209207534790039, 1.1885643005371094, 1.201996088027954, 1.2185964584350586, 1.2133502960205078, 1.19110107421875], "LL": [-67925.58838598875, -67925.58838598875, -67925.58838598875, -67925.58838598875, -67925.58838598875, -67925.58838598875, -67925.58838598875, -67925.58838598875, -67925.58838598875, -67925.58838598875, -67925.58838598875, -67925.58838598875, -67925.58838598875, -67925.58838598875, -67925.58838598875, -67925.58838598875, -67925.58838598875, -67925.58838598875, -67925.58838598875, -67925.58838598875], "epochs": [29, 29, 29, 29, 29, 29, 29, 29, 29, 29, 29, 29, 29, 29, 29, 29, 29, 29, 29, 29]}