{"time": [6.072688579559326, 6.016472339630127, 6.0600035190582275, 5.847387075424194, 6.108173847198486, 5.909596681594849, 6.010286808013916, 6.151551723480225, 6.035807371139526, 6.068477392196655, 6.270924091339111, 5.796402931213379, 5.59909987449646, 5.834612607955933, 5.789201259613037, 5.6937782764434814, 5.884944438934326, 5.858139753341675, 6.111310243606567, 6.0427796840667725], "LL": [-67925.5883859929, -67925.58838651895, -67925.58838599111, -67925.58838621016, -67925.5883859877, -67925.58838603817, -67925.58838599488, -67925.58838599503, -67925.58838598795, -67925.58838598759, -67925.5883859882, -67925.58838636057, -67925.58838600875, -67925.58838599482, -67925.58838599511, -67925.58838604506, -67925.5883860359, -67925.58838598814, -67925.58838598803, -67925.5883859939], "epochs": [20.667168191796364, 20.687146979749897, 20.67715758577313, 19.69713637372666, 20.67715758577313, 19.67715758577313, 19.69713637372666, 20.67715758577313, 20.69713637372666, 19.69713637372666, 21.687146979749897, 19.667168191796364, 17.667168191796364, 19.667168191796364, 18.67715758577313, 18.667168191796364, 19.71711516168019, 19.67715758577313, 20.69713637372666, 20.67715758577313]}