{"time": [8.141424655914307, 7.847208261489868, 8.49560809135437, 8.43153691291809, 8.379303455352783, 7.676155090332031, 7.714251518249512, 8.446929693222046, 8.097790479660034, 8.20863389968872, 8.854575395584106, 7.932377338409424, 7.610843896865845, 8.223475217819214, 8.364172458648682, 9.376516819000244, 8.40354585647583, 7.7343504428863525, 7.909661054611206, 8.158499002456665], "LL": [-67925.58838644017, -67925.58838717836, -67925.5883871442, -67925.58838830442, -67925.58838752432, -67925.58838622434, -67925.58838633753, -67925.58838614073, -67925.58838901937, -67925.58838833247, -67925.58839367973, -67925.58838792023, -67925.58838613711, -67925.5883876404, -67925.58838661482, -67925.58838602123, -67925.58838627672, -67925.58838893942, -67925.58838815571, -67925.58838618555], "epochs": [30.69713637372666, 28.737093949633724, 32.6871469797499, 32.67715758577313, 32.6871469797499, 28.687146979749897, 28.767062131564018, 33.667168191796364, 31.687146979749897, 30.667168191796364, 34.71711516168019, 29.69713637372666, 28.687146979749897, 30.71711516168019, 32.667168191796364, 37.6871469797499, 32.707125767703424, 28.687146979749897, 29.707125767703424, 30.707125767703424]}