{"time": [4.269092082977295, 4.2965967655181885, 4.277486562728882, 4.132622480392456, 4.1067259311676025, 3.859402656555176, 4.948525905609131, 4.062494277954102, 4.351680040359497, 4.027986288070679, 4.538944244384766, 4.464478015899658, 3.845853328704834, 4.366708517074585, 4.1961164474487305, 3.774177074432373, 4.03486180305481, 4.083436489105225, 4.256903886795044, 4.002669095993042], "LL": [-67925.58838624648, -67925.58838676973, -67925.58838601595, -67925.58838603817, -67925.58838613717, -67925.5883865848, -67925.58838607337, -67925.58838666556, -67925.58838628286, -67925.58838620069, -67925.58838612647, -67925.58838606828, -67925.58838622058, -67925.58838622869, -67925.58838606958, -67925.58838616511, -67925.58838649509, -67925.58838605012, -67925.58838611412, -67925.58838620868], "epochs": [11.647189403842834, 11.707125767703426, 11.647189403842834, 10.667168191796364, 10.657178797819599, 9.657178797819599, 15.637200009866069, 10.647189403842834, 11.667168191796364, 10.637200009866069, 13.647189403842834, 12.667168191796364, 9.637200009866069, 11.647189403842834, 11.647189403842834, 9.627210615889304, 10.657178797819599, 10.647189403842834, 11.647189403842834, 10.637200009866069]}