{"time": [126.37937068939209], "LL": [-68294.73657889583], "epochs": [1000.7570727375872]}