{"time": [7.196028232574463, 6.742702007293701, 7.114413738250732, 6.791696548461914, 6.559652805328369, 7.032398223876953, 6.5498974323272705, 6.690954208374023, 6.730275630950928, 6.549747467041016, 6.473461151123047, 7.012506484985352, 7.747169494628906, 6.415005445480347, 6.484023571014404, 6.882855415344238, 7.685570240020752, 7.46842360496521, 7.2392778396606445, 7.0714428424835205], "LL": [-67925.58838700368, -67925.58839025741, -67925.5883866796, -67925.58838679345, -67925.58838659964, -67925.58838714114, -67925.58838827423, -67925.58838743586, -67925.58838906231, -67925.58838818467, -67925.58838660755, -67925.58838610315, -67925.58838671014, -67925.58838644612, -67925.58838731458, -67925.5883869741, -67925.58838908268, -67925.58838806607, -67925.58838686, -67925.58838711522], "epochs": [29.647189403842834, 28.657178797819597, 30.647189403842834, 29.627210615889304, 26.627210615889304, 29.627210615889304, 26.63720000986607, 27.63720000986607, 27.63720000986607, 25.67715758577313, 27.63720000986607, 29.647189403842834, 33.72710455565696, 26.647189403842834, 26.647189403842834, 28.797030313494314, 33.6571787978196, 30.67715758577313, 31.667168191796364, 29.67715758577313]}