{"time": [7.987271308898926, 9.022077560424805, 8.992970943450928, 8.157801628112793, 8.280751943588257, 9.015602588653564, 8.377851724624634, 9.166379451751709, 8.940879106521606, 9.269572019577026, 8.160135507583618, 8.335696697235107, 9.571032524108887, 8.6572904586792, 8.95055866241455, 8.84236478805542, 7.870584964752197, 9.031625747680664, 8.791194915771484, 8.420679807662964], "LL": [67925.58838702623, 67925.58838621245, 67925.58838732642, 67925.5883861634, 67925.5883870896, 67925.58838707919, 67925.58838710458, 67925.58838748114, 67925.58838707888, 67925.58838782401, 67925.58839223548, 67925.58838818199, 67925.58838611559, 67925.58838665535, 67925.58838605488, 67925.58838619599, 67925.58838826863, 67925.58838733389, 67925.58838828359, 67925.58838639861], "epochs": [27.305132821942138, 34.30513282194214, 33.31746540709864, 29.317465407098638, 28.366795747724638, 33.29280023678564, 29.366795747724638, 34.30513282194214, 33.28046765162914, 33.34213057741164, 28.292800236785634, 29.342130577411638, 35.37912833288114, 31.305132821942138, 33.30513282194214, 32.37912833288114, 27.317465407098638, 33.31746540709864, 33.29280023678564, 30.317465407098638]}