{"time": [7.562248229980469, 7.256795167922974, 7.534141778945923, 7.447360515594482, 7.119422912597656, 7.3190813064575195, 6.816490888595581, 6.844860076904297, 7.120830774307251, 7.907671928405762, 6.627749919891357, 7.629483461380005, 6.53804612159729, 6.5178542137146, 7.286383628845215, 7.666032314300537, 7.835809707641602, 7.34082555770874, 7.963147163391113, 6.86297869682312], "LL": [67925.58838920755, 67925.58838631082, 67925.58838695, 67925.58838835807, 67925.58838851971, 67925.58838604571, 67925.58838610788, 67925.58838681119, 67925.58838645257, 67925.58838635785, 67925.58838623257, 67925.58838670967, 67925.58838637309, 67925.58838722573, 67925.58838688389, 67925.58838627541, 67925.58838660612, 67925.58838771743, 67925.5883860079, 67925.58838881925], "epochs": [31.268135066472635, 30.268135066472635, 32.28046765162914, 31.292800236785634, 29.268135066472635, 29.317465407098638, 27.292800236785634, 27.292800236785634, 28.292800236785634, 33.26813506647264, 25.255802481316135, 31.268135066472635, 25.268135066472635, 25.305132821942138, 29.268135066472635, 31.292800236785634, 33.26813506647264, 30.280467651629134, 33.26813506647264, 27.255802481316135]}