{"time": [3.89414119720459, 3.855318069458008, 3.9533987045288086, 3.6781556606292725, 3.704857587814331, 3.7065181732177734, 4.132784128189087, 3.9917638301849365, 3.811211347579956, 3.545278549194336, 4.03344988822937, 3.534381628036499, 4.111238241195679, 4.315074443817139, 3.527707576751709, 4.160240411758423, 4.095005512237549, 3.9878427982330322, 3.653754711151123, 4.061215162277222], "LL": [-67925.58838630834, -67925.588386138, -67925.58838622832, -67925.58838629563, -67925.58838657042, -67925.58838639814, -67925.58838601263, -67925.58838699195, -67925.58838618128, -67925.58838991982, -67925.58838609609, -67925.58838632813, -67925.58838615472, -67925.58838685078, -67925.58838657665, -67925.58838649126, -67925.58838600245, -67925.58838660519, -67925.58838660143, -67925.588386056], "epochs": [13.667168191796364, 13.657178797819599, 14.637200009866069, 12.657178797819599, 12.667168191796364, 12.657178797819599, 15.647189403842834, 14.657178797819599, 13.637200009866069, 11.657178797819599, 14.67715758577313, 11.657178797819599, 14.657178797819599, 16.657178797819597, 11.67715758577313, 15.637200009866069, 14.667168191796364, 14.647189403842834, 11.707125767703426, 15.637200009866069]}