{"time": [6.8094727993011475, 6.740063667297363, 6.6976306438446045, 6.6606175899505615, 6.767989158630371, 6.688174724578857, 6.706792593002319, 6.706546783447266, 6.717688798904419, 6.696103572845459, 6.758583307266235, 6.724764823913574, 6.7576587200164795, 6.707659721374512, 6.8206000328063965, 6.706690311431885, 6.7379469871521, 6.677408695220947, 6.799076557159424, 6.766229629516602], "LL": [-67925.58838605198, -67925.58838605198, -67925.58838605198, -67925.58838605198, -67925.58838605198, -67925.58838605198, -67925.58838605198, -67925.58838605198, -67925.58838605198, -67925.58838605198, -67925.58838605198, -67925.58838605198, -67925.58838605198, -67925.58838605198, -67925.58838605198, -67925.58838605198, -67925.58838605198, -67925.58838605198, -67925.58838605198, -67925.58838605198], "epochs": [30.0, 30.0, 30.0, 30.0, 30.0, 30.0, 30.0, 30.0, 30.0, 30.0, 30.0, 30.0, 30.0, 30.0, 30.0, 30.0, 30.0, 30.0, 30.0, 30.0]}