{"time": [3.449819803237915, 3.4628772735595703, 3.461538791656494, 3.461597204208374, 3.4783427715301514, 3.454578161239624, 3.4732956886291504, 3.472367763519287, 3.4790408611297607, 3.4817326068878174, 3.4487364292144775, 3.472003221511841, 3.668475866317749, 3.479874849319458, 3.4471042156219482, 3.4755330085754395, 3.4546613693237305, 3.4486258029937744, 3.461210250854492, 3.4695942401885986], "LL": [67925.5883859982, 67925.5883859982, 67925.5883859982, 67925.5883859982, 67925.5883859982, 67925.5883859982, 67925.5883859982, 67925.5883859982, 67925.5883859982, 67925.5883859982, 67925.5883859982, 67925.5883859982, 67925.5883859982, 67925.5883859982, 67925.5883859982, 67925.5883859982, 67925.5883859982, 67925.5883859982, 67925.5883859982, 67925.5883859982], "epochs": [19.0, 19.0, 19.0, 19.0, 19.0, 19.0, 19.0, 19.0, 19.0, 19.0, 19.0, 19.0, 19.0, 19.0, 19.0, 19.0, 19.0, 19.0, 19.0, 19.0]}