{"time": [3.6561830043792725, 3.631878614425659, 3.6740124225616455, 3.632357120513916, 3.606020450592041, 3.6639304161071777, 3.645611047744751, 3.626852512359619, 3.6076292991638184, 3.6117849349975586, 3.502638578414917, 3.5722432136535645, 3.616942882537842, 3.5713210105895996, 3.6235334873199463, 3.6194612979888916, 3.627634048461914, 3.6100285053253174, 3.6597719192504883, 3.596189022064209], "LL": [-67925.58838598679, -67925.58838598676, -67925.58838598675, -67925.58838598676, -67925.58838598676, -67925.58838598678, -67925.58838598675, -67925.58838598676, -67925.58838598675, -67925.58838598673, -67925.58838598679, -67925.58838598676, -67925.58838598678, -67925.58838598678, -67925.58838598676, -67925.58838598676, -67925.58838598676, -67925.58838598679, -67925.58838598676, -67925.5883859868], "epochs": [6.255802481316134, 6.255802481316134, 6.255802481316134, 6.243469896159633, 6.231137311003133, 6.255802481316134, 6.255802481316134, 6.255802481316134, 6.255802481316134, 6.243469896159633, 6.243469896159633, 6.243469896159633, 6.2681350664726345, 6.243469896159633, 6.255802481316134, 6.243469896159633, 6.2681350664726345, 6.255802481316134, 6.255802481316134, 6.255802481316134]}