{"time": [20.847172021865845, 20.033742427825928, 20.11538290977478, 18.72609305381775, 20.99358034133911, 17.24070906639099, 19.178480625152588, 18.38226580619812, 18.712684154510498, 17.27961277961731, 18.327296018600464, 20.03785252571106, 18.479019165039062, 20.926854133605957, 18.71494960784912, 19.050952434539795, 17.59064292907715, 18.832515954971313, 17.486528396606445, 20.2851619720459], "LL": [-67925.58839077532, -67925.58838760911, -67925.58838635811, -67925.58838688217, -67925.58838618729, -67925.58838624787, -67925.58838608109, -67925.5883862487, -67925.58838823551, -67925.58838691658, -67925.58838953332, -67925.58839050814, -67925.58838734921, -67925.5883868936, -67925.58838639832, -67925.58838814609, -67925.58838604976, -67925.58838616515, -67925.58838711435, -67925.5883911455], "epochs": [144.39146091803764, 138.29280023678564, 136.40379350319415, 127.32979799225514, 147.29280023678564, 115.29280023678564, 131.45312384382015, 122.32979799225514, 127.28046765162914, 113.39146091803764, 123.31746540709864, 136.41612608835064, 123.35446316256814, 146.29280023678564, 126.67511037663715, 128.32979799225512, 117.42845867350714, 128.30513282194215, 116.37912833288114, 139.45312384382015]}