{"time": [2.40635347366333, 2.3291120529174805, 2.293088436126709, 2.371331214904785, 2.3373985290527344, 2.3746228218078613, 2.3189761638641357, 2.3568458557128906, 2.29766583442688, 2.2877800464630127, 2.340198278427124, 2.3244752883911133, 2.3496108055114746, 2.342900037765503, 2.372084856033325, 2.342299461364746, 2.3995561599731445, 2.349454164505005, 2.349578619003296, 2.326949119567871], "LL": [-67925.5883859868, -67925.58838598679, -67925.5883859869, -67925.58838598678, -67925.58838598692, -67925.58838598678, -67925.58838598679, -67925.58838598676, -67925.5883859868, -67925.58838598679, -67925.58838598678, -67925.58838598739, -67925.58838598675, -67925.58838598727, -67925.58838598746, -67925.58838598679, -67925.58838598686, -67925.58838598762, -67925.58838598678, -67925.58838598723], "epochs": [5.67715758577313, 5.647189403842834, 5.647189403842834, 5.667168191796364, 5.647189403842834, 5.667168191796364, 5.647189403842834, 5.67715758577313, 5.627210615889303, 5.647189403842834, 5.647189403842834, 5.657178797819599, 5.627210615889303, 5.637200009866069, 5.697136373726661, 5.67715758577313, 5.7271045556569575, 5.647189403842834, 5.647189403842834, 5.647189403842834]}