{"time": [7.554829359054565, 8.594132661819458, 6.952594518661499, 8.21541953086853, 7.715543746948242, 7.694708347320557, 8.118324041366577, 6.729406833648682, 7.336508750915527, 8.151462078094482, 8.433401346206665, 8.554642677307129, 8.39174509048462, 8.377097368240356, 8.189233303070068, 9.387761354446411, 7.868748664855957, 7.754248142242432, 7.750499486923218, 8.81583046913147], "LL": [-67925.5883861739, -67925.5883862216, -67925.58838633628, -67925.58838630444, -67925.58838631217, -67925.58838664182, -67925.5883867559, -67925.58838712322, -67925.5883867429, -67925.58838624209, -67925.58838608766, -67925.58838604973, -67925.58838600824, -67925.58838674058, -67925.58838684317, -67925.58838650894, -67925.58838628953, -67925.58838655698, -67925.58838622848, -67925.58838747641], "epochs": [49.64718940384283, 58.6571787978196, 44.667168191796364, 55.63720000986607, 51.63720000986607, 51.6571787978196, 54.63720000986607, 42.667168191796364, 48.63720000986607, 55.667168191796364, 57.64718940384283, 58.64718940384283, 57.627210615889304, 57.64718940384283, 55.627210615889304, 65.64718940384283, 53.627210615889304, 51.667168191796364, 51.627210615889304, 59.67715758577313]}