{"time": [19.51527500152588, 20.214476585388184, 21.100663661956787, 17.279529333114624, 19.786020517349243, 18.16415786743164, 17.089261770248413, 18.472403049468994], "LL": [-67925.58838615673, -67925.58838962579, -67925.58838897117, -67925.58838818662, -67925.58838671773, -67925.5883877895, -67925.58838830586, -67925.58838680212], "epochs": [144.67715758577313, 152.69713637372666, 158.67715758577313, 126.70712576770342, 147.63720000986606, 135.64718940384284, 128.64718940384284, 137.86695607133169]}