{"time": [8.970036745071411, 8.531321287155151, 8.450236320495605, 8.338513851165771, 8.213396072387695, 8.817403316497803, 8.222690343856812, 9.056530237197876, 9.388963222503662, 8.442820310592651, 7.856273412704468, 9.281094074249268, 9.161246538162231, 7.5719733238220215, 8.476222038269043, 8.555260419845581, 7.617239713668823, 8.673419952392578, 9.049593448638916, 9.446297645568848], "LL": [-67925.5883876621, -67925.58838636379, -67925.58838648176, -67925.58838694349, -67925.58838631304, -67925.58838640046, -67925.5883863687, -67925.5883870436, -67925.58838670421, -67925.58838712524, -67925.58838651699, -67925.58838666878, -67925.58838600974, -67925.58838783762, -67925.58838672639, -67925.58838720513, -67925.58838629167, -67925.58838715746, -67925.58838722609, -67925.58838617931], "epochs": [50.26813506647264, 48.26813506647264, 47.25580248131614, 46.20647214069013, 46.21880472584663, 50.26813506647264, 46.24346989615963, 51.26813506647264, 55.25580248131614, 46.25580248131614, 42.25580248131614, 54.25580248131614, 52.26813506647264, 39.25580248131614, 46.28046765162914, 48.21880472584663, 40.25580248131614, 48.25580248131614, 51.26813506647264, 54.24346989615963]}