{"time": [18.855449438095093, 18.203368425369263, 19.808664560317993, 19.77105164527893, 21.916839599609375, 21.73188328742981, 19.976802587509155, 21.55290699005127, 17.34576916694641, 18.622418880462646, 19.627482891082764, 17.757983684539795, 16.277335166931152, 18.076738834381104, 16.40981650352478, 19.220274925231934, 19.561582326889038, 19.865119218826294, 21.086695671081543, 18.891239166259766], "LL": [67925.58838611917, 67925.58838807058, 67925.58838706923, 67925.5883871027, 67925.58838859241, 67925.58838819037, 67925.58838976783, 67925.58838804475, 67925.58838771097, 67925.58838746429, 67925.58838979181, 67925.58838729709, 67925.58838899189, 67925.5883889872, 67925.58838701174, 67925.58838697798, 67925.58838852507, 67925.58838797788, 67925.5883861377, 67925.5883877373], "epochs": [136.30513282194215, 130.32979799225512, 143.25580248131615, 145.26813506647264, 162.26813506647264, 159.41612608835064, 146.29280023678564, 161.31746540709864, 128.25580248131615, 137.36679574772464, 145.29280023678564, 127.46545642897664, 115.36679574772464, 132.28046765162912, 117.32979799225514, 140.26813506647264, 144.26813506647264, 143.29280023678564, 155.26813506647264, 137.31746540709864]}