{"time": [20.481276512145996, 20.01539182662964, 20.30140709877014, 20.3206627368927, 20.314717054367065, 20.418696403503418, 20.19817852973938, 20.53881072998047, 20.41741919517517, 20.379128217697144, 20.530430555343628, 20.424434185028076, 20.343043565750122, 20.15595579147339, 20.40378189086914, 20.50734806060791, 20.264743328094482, 20.229748725891113, 20.2745201587677, 20.4765682220459], "LL": [-67925.58838743386, -67925.58838743386, -67925.58838743386, -67925.58838743386, -67925.58838743386, -67925.58838743386, -67925.58838743386, -67925.58838743386, -67925.58838743386, -67925.58838743386, -67925.58838743386, -67925.58838743386, -67925.58838743386, -67925.58838743386, -67925.58838743386, -67925.58838743386, -67925.58838743386, -67925.58838743386, -67925.58838743386, -67925.58838743386], "epochs": [151.0, 151.0, 151.0, 151.0, 151.0, 151.0, 151.0, 151.0, 151.0, 151.0, 151.0, 151.0, 151.0, 151.0, 151.0, 151.0, 151.0, 151.0, 151.0, 151.0]}