{"time": [1.5419714450836182, 1.5518040657043457, 1.5710959434509277, 1.5508062839508057, 1.5654897689819336, 1.589148998260498, 1.5861120223999023, 1.570256233215332, 1.5917084217071533, 1.566694974899292, 1.5483617782592773, 1.567091941833496, 1.5746822357177734, 1.5509464740753174, 1.5419549942016602, 1.554673433303833, 1.5587339401245117, 1.5751099586486816, 1.546973705291748, 1.5471553802490234], "LL": [-67925.58838598678, -67925.58838598678, -67925.58838598678, -67925.58838598678, -67925.58838598678, -67925.58838598678, -67925.58838598678, -67925.58838598678, -67925.58838598678, -67925.58838598678, -67925.58838598678, -67925.58838598678, -67925.58838598678, -67925.58838598678, -67925.58838598678, -67925.58838598678, -67925.58838598678, -67925.58838598678, -67925.58838598678, -67925.58838598678], "epochs": [8.0, 8.0, 8.0, 8.0, 8.0, 8.0, 8.0, 8.0, 8.0, 8.0, 8.0, 8.0, 8.0, 8.0, 8.0, 8.0, 8.0, 8.0, 8.0, 8.0]}