{"time": [1.2705411911010742, 1.2908854484558105, 1.2646379470825195, 1.278036117553711, 1.2880938053131104, 1.2850873470306396, 1.2576169967651367, 1.2723228931427002, 1.2684013843536377, 1.274787187576294, 1.2674615383148193, 1.2714638710021973, 1.2813584804534912, 1.2887721061706543, 1.2827951908111572, 1.2772738933563232, 1.2785017490386963, 1.2907190322875977, 1.2638068199157715, 1.26655912399292], "LL": [67925.58838598679, 67925.58838598679, 67925.58838598679, 67925.58838598679, 67925.58838598679, 67925.58838598679, 67925.58838598679, 67925.58838598679, 67925.58838598679, 67925.58838598679, 67925.58838598679, 67925.58838598679, 67925.58838598679, 67925.58838598679, 67925.58838598679, 67925.58838598679, 67925.58838598679, 67925.58838598679, 67925.58838598679, 67925.58838598679], "epochs": [8.0, 8.0, 8.0, 8.0, 8.0, 8.0, 8.0, 8.0, 8.0, 8.0, 8.0, 8.0, 8.0, 8.0, 8.0, 8.0, 8.0, 8.0, 8.0, 8.0]}