{"time": [1581.346589565277, 1499.8228430747986, 1624.4710886478424, 1461.959549188614, 1399.479130268097, 1384.1852836608887, 1493.0705280303955, 1699.4122731685638, 1496.4813435077667, 1477.372214794159, 1411.402318239212, 1463.4525394439697, 1433.729257106781, 1529.1124579906464, 1346.5932059288025, 1470.4110026359558, 1450.1972517967224, 1560.7606489658356, 1591.5450971126556, 1362.6351749897003], "LL": [52645.965193531934, 52645.96519932527, 52645.96519663799, 52645.965204337306, 52645.96524233841, 52645.965218205034, 52645.96522118026, 52645.965197952624, 52645.96519817184, 52645.96520162787, 52645.96520189017, 52645.965195944766, 52645.965195524375, 52645.965242721555, 52645.96522845648, 52645.96520600287, 52645.96521623491, 52645.96519629798, 52645.96521540231, 52645.96521678904], "epochs": [107.32979799225514, 103.32979799225514, 105.86009915398466, 100.79843622820215, 92.52711935475915, 88.53945193991564, 105.28046765162914, 106.29173963446217, 101.56411711022865, 100.47778901413315, 99.28046765162914, 98.9453666477567, 99.09441827195818, 101.71210813210665, 93.8960363071307, 101.31746540709864, 99.67511037663715, 109.29280023678564, 98.26707446414918, 94.28046765162914]}