{"time": [1454.0007824897766, 1406.4688050746918, 1372.0598933696747, 1344.754783630371, 1372.9536490440369, 1340.256749868393, 1375.236660003662, 1350.876727104187, 1374.0857498645782, 1352.6623365879059, 1420.4015970230103, 1349.2894480228424, 1412.804982662201, 1381.3978567123413, 1347.4805994033813, 1374.2662529945374, 1334.1170253753662, 1347.6828079223633, 1349.7898931503296, 1423.9648344516754], "LL": [-52645.96519300497, -52645.965193144926, -52645.965193047065, -52645.96519310583, -52645.96519302882, -52645.96519317993, -52645.96519303459, -52645.96519304856, -52645.965193019365, -52645.965193028, -52645.96519303889, -52645.965193034666, -52645.96519304357, -52645.9651930111, -52645.96519316984, -52645.96519306757, -52645.96519302964, -52645.965193086384, -52645.96519304161, -52645.96519302014], "epochs": [101.93409466492366, 98.46439582665317, 97.79843622820215, 95.69977554695015, 97.79843622820215, 93.46439582665317, 96.8713711368177, 95.9823644032262, 97.29067903213871, 94.93409466492366, 102.56093530325828, 95.41506548602717, 100.70998692745974, 97.8220407961917, 95.92176207976716, 98.06975310164516, 93.63811262116765, 94.86009915398466, 94.55072392274869, 102.0070295735392]}