{"time": [7757.930681467056, 7706.098972320557, 7687.271686553955, 7673.245758533478, 7712.2913200855255, 7688.873038768768, 7685.457149267197, 7673.759762048721, 7708.655976057053, 7704.886032104492, 7693.612893104553, 7713.205776691437, 7667.508997440338, 7651.33177781105, 7708.917176246643, 7673.03332567215], "LL": [58078.859707360076, 58052.28432874332, 58265.92349867351, 58128.48790130759, 58092.505314781214, 57782.42125535565, 57990.25335205439, 58341.61994147718, 57987.471810061805, 57631.866979196944, 57636.99595565383, 58055.85104391697, 57883.15881619725, 58414.845368709226, 57706.500610055045, 58175.9466367696], "epochs": [1000.2434698961597, 1000.2558024813161, 1000.2558024813161, 1000.2681350664726, 1000.2558024813161, 1000.3051328219422, 1000.2681350664726, 1000.2434698961597, 1000.2558024813161, 1000.2434698961597, 1000.2558024813161, 1000.2804676516291, 1000.2434698961597, 1000.2804676516291, 1000.2681350664726, 1000.2804676516291]}