{"time": [1701.2644636631012, 1703.7417600154877, 1701.9873237609863, 1707.6672139167786, 1701.0343959331512, 1688.2999205589294, 1665.1947486400604, 1658.6900281906128, 1658.6301002502441, 1653.5908167362213, 1653.6115305423737, 1655.6390748023987, 1661.6541159152985, 1666.110891342163, 1662.9400997161865, 1656.8306894302368, 1654.5662198066711, 1656.9534299373627, 1656.9722034931183, 1654.519971370697], "LL": [-52645.96519300094, -52645.96519300094, -52645.96519300094, -52645.96519300094, -52645.96519300094, -52645.96519300094, -52645.96519300094, -52645.96519300094, -52645.96519300094, -52645.96519300094, -52645.96519300094, -52645.96519300094, -52645.96519300094, -52645.96519300094, -52645.96519300094, -52645.96519300094, -52645.96519300094, -52645.96519300094, -52645.96519300094, -52645.96519300094], "epochs": [123.0, 123.0, 123.0, 123.0, 123.0, 123.0, 123.0, 123.0, 123.0, 123.0, 123.0, 123.0, 123.0, 123.0, 123.0, 123.0, 123.0, 123.0, 123.0, 123.0]}