{"time": [7849.879417181015, 7663.069539785385, 7628.049375534058, 7638.434884786606, 7628.764705181122, 7632.049797773361, 7632.880623102188, 7632.21897149086, 7632.852208375931, 7637.532693862915, 7642.730356216431, 7639.964763879776, 7634.401654243469, 7624.484351158142, 7626.394603729248, 7638.195960044861], "LL": [58113.290346678696, 58113.290346678696, 58113.290346678696, 58113.290346678696, 58113.290346678696, 58113.290346678696, 58113.290346678696, 58113.290346678696, 58113.290346678696, 58113.290346678696, 58113.290346678696, 58113.290346678696, 58113.290346678696, 58113.290346678696, 58113.290346678696, 58113.290346678696], "epochs": [1000.0, 1000.0, 1000.0, 1000.0, 1000.0, 1000.0, 1000.0, 1000.0, 1000.0, 1000.0, 1000.0, 1000.0, 1000.0, 1000.0, 1000.0, 1000.0]}