{"time": [6149.622938871384, 6168.587682008743, 6002.588525295258, 6034.826686143875, 6015.745023727417, 6049.0198719501495, 6020.349354982376, 6025.011469602585, 6061.31688785553, 6036.333162069321, 6012.168858289719, 6033.314659118652, 6015.110302686691, 6035.953368902206, 6036.8795001506805, 6032.25665640831, 6010.271658182144, 5997.910672903061, 6016.8172516822815, 6041.207014799118], "LL": [52645.965196541045, 52645.965196541045, 52645.965196541045, 52645.965196541045, 52645.965196541045, 52645.965196541045, 52645.965196541045, 52645.965196541045, 52645.965196541045, 52645.965196541045, 52645.965196541045, 52645.965196541045, 52645.965196541045, 52645.965196541045, 52645.965196541045, 52645.965196541045, 52645.965196541045, 52645.965196541045, 52645.965196541045, 52645.965196541045], "epochs": [32.0, 32.0, 32.0, 32.0, 32.0, 32.0, 32.0, 32.0, 32.0, 32.0, 32.0, 32.0, 32.0, 32.0, 32.0, 32.0, 32.0, 32.0, 32.0, 32.0]}