{"time": [3246.0303082466125, 3139.7546424865723, 3059.793613433838, 3189.258700609207, 3163.6278352737427, 3211.8243811130524, 3173.555006980896, 3418.5496792793274, 3224.5900695323944, 3066.9382557868958, 3313.4535319805145, 3512.0672991275787, 3356.7779202461243, 3411.6656363010406, 3213.4994356632233, 3073.863614797592, 3267.181323289871, 3268.2787215709686, 3349.74765086174, 3467.3296926021576], "LL": [52645.96523568562, 52645.96521908799, 52645.96525075574, 52645.965215792756, 52645.96520025703, 52645.96519602639, 52645.96519674009, 52645.96521535515, 52645.96520964188, 52645.965222327264, 52645.96522239717, 52645.96520779495, 52645.965205037995, 52645.965195293065, 52645.9652037601, 52645.965200782695, 52645.965210622286, 52645.965195470526, 52645.96519763407, 52645.965211614], "epochs": [402.40379350319415, 393.2804676516291, 376.63811262116764, 404.44079125866364, 402.41612608835067, 406.49012159928964, 405.3297979922551, 425.84776656882815, 404.66277779148066, 391.34213057741164, 417.55178452507215, 437.90942949461066, 426.50245418444615, 437.31746540709867, 405.50245418444615, 389.44079125866364, 417.3667957477246, 413.45312384382015, 431.2681350664726, 444.3297979922551]}