{"time": [1588.8901863098145, 1375.2848906517029, 1648.4757976531982, 1398.9968783855438, 1551.4539744853973, 1372.1960308551788, 1384.9012126922607, 1496.4493899345398, 2034.0001020431519, 1319.0933756828308, 1526.3928694725037, 1359.472002506256, 1339.6575772762299, 1366.490656375885, 1351.4012479782104, 1738.9572932720184, 1572.4410984516144, 1354.3425495624542, 1497.0744214057922, 1581.6248438358307], "LL": [52645.965193010445, 52645.96519300773, 52645.96519300423, 52645.96519316808, 52645.96519352622, 52645.96519372233, 52645.96519316259, 52645.96519300752, 52645.965193002485, 52645.965193367534, 52645.96519303537, 52645.9651930091, 52645.96519355893, 52645.9651930054, 52645.965193216, 52645.96519300194, 52645.965193075564, 52645.96519309948, 52645.96519300555, 52645.9651930225], "epochs": [8.45312384382014, 7.305132821942136, 8.63705201884419, 7.477789014133142, 8.255802481316135, 7.317465407098636, 7.379128332881139, 8.329797992255136, 11.268135066472635, 7.2804676516291345, 8.354463162568138, 7.465456428976642, 7.3667957477246375, 7.4531238438201415, 7.477789014133142, 9.588782280541647, 8.588782280541647, 7.403793503194139, 8.255802481316135, 8.65044520632415]}