{"time": [1461.3611402511597, 1645.9736549854279, 1638.8269679546356, 1590.2594215869904, 1711.7329981327057, 1583.5998141765594, 1602.387841463089, 1519.070093870163, 1598.7714076042175, 1428.5841326713562, 2092.7534358501434, 1592.831461906433, 1738.070763349533, 1603.0899684429169, 1737.5990312099457, 2374.338807582855, 1956.9792354106903, 1737.5172979831696, 1584.7381410598755, 1937.765433549881], "LL": [-52645.96519375631, -52645.965193007934, -52645.9651930261, -52645.96519300212, -52645.96519300719, -52645.96519300277, -52645.96519301976, -52645.96519300547, -52645.96519319864, -52645.96519539143, -52645.96519305421, -52645.96519303111, -52645.96519300064, -52645.96519302625, -52645.96519300289, -52645.96519316803, -52645.965193719814, -52645.96519300043, -52645.96519311733, -52645.96519302949], "epochs": [6.477789014133142, 7.490121599289643, 7.638112621167648, 7.490121599289643, 8.131416027427669, 7.576449695385147, 7.65044520632415, 7.292800236785635, 7.539451939915645, 6.638112621167649, 10.354463162568138, 7.514786769602644, 8.403793503194139, 7.65044520632415, 8.341069975088178, 11.945366647756703, 9.601114865698147, 8.490121599289644, 7.564117110228647, 9.490121599289644]}