{"time": [3186.523178577423, 2912.418905735016, 2835.869395971298, 2626.8738973140717, 2919.9764466285706, 2971.6446805000305, 2887.153757572174, 2950.997087240219, 2849.22190618515, 3136.34455370903, 3219.829803466797, 2826.6008393764496, 2982.1521923542023, 3009.1850266456604, 2939.790441274643, 2779.323914051056, 2840.3656334877014, 2846.5075669288635, 2992.6964399814606, 2719.0527606010437], "LL": [-52645.96520290062, -52645.96522161789, -52645.96523477152, -52645.96522993708, -52645.96519574335, -52645.9651946414, -52645.96521250339, -52645.965196309466, -52645.965211043316, -52645.96521379466, -52645.9652065848, -52645.9651941997, -52645.965215086355, -52645.9652067118, -52645.965201292136, -52645.96520919194, -52645.96519678958, -52645.96520280402, -52645.965202333166, -52645.965218777186], "epochs": [349.30407221961866, 334.60111486569815, 322.68744296179364, 302.39146091803764, 339.53945193991564, 345.5271193547592, 330.66277779148066, 337.68744296179364, 332.40379350319415, 370.4284586735071, 375.66277779148066, 330.3667957477246, 349.40379350319415, 306.3523419579212, 343.4284586735071, 317.60111486569815, 332.34213057741164, 327.5764496953851, 325.3780677305577, 303.8354339836717]}