{"time": [8108.41722035408, 8120.673407077789, 8099.549655199051, 8100.778489589691, 8104.233069419861, 8089.262455940247, 8109.596800327301, 8111.964777708054, 8119.303744316101, 8105.327149629593, 8104.134766101837, 8112.6254966259, 8093.729334831238, 8098.321298122406, 8116.418121814728], "LL": [-52648.92135578243, -52663.754659622944, -52675.76345794305, -52658.881231994426, -52655.30742395941, -52663.06503509537, -52664.648622897344, -52649.940778896016, -52701.07432542059, -52684.43965508664, -52655.662453717545, -52676.26211305523, -52648.650127227054, -52661.60704844899, -52666.27343903425], "epochs": [1000.4037935031942, 1000.4284586735071, 1000.3791283328811, 1000.4037935031942, 1000.4037935031942, 1000.4777890141331, 1000.4777890141331, 1000.5024541844462, 1000.4531238438201, 1000.4284586735071, 1000.4284586735071, 1000.4284586735071, 1000.4777890141331, 1000.4284586735071, 1000.4531238438201]}