{"time": [8210.875052928925, 8107.690651655197, 8050.907309055328, 8055.861877918243, 8038.311822652817, 8051.64413022995, 8051.869134426117, 8050.070743560791, 8035.72522854805, 8037.2201998233795, 8026.37508225441, 8045.7616930007935, 8050.1677186489105, 8053.449079990387, 8051.025768280029, 8058.532371759415], "LL": [-52669.6247762656, -52669.6247762656, -52669.6247762656, -52669.6247762656, -52669.6247762656, -52669.6247762656, -52669.6247762656, -52669.6247762656, -52669.6247762656, -52669.6247762656, -52669.6247762656, -52669.6247762656, -52669.6247762656, -52669.6247762656, -52669.6247762656, -52669.6247762656], "epochs": [1000.0, 1000.0, 1000.0, 1000.0, 1000.0, 1000.0, 1000.0, 1000.0, 1000.0, 1000.0, 1000.0, 1000.0, 1000.0, 1000.0, 1000.0, 1000.0]}