{"time": [1682.0420455932617, 1677.4722695350647, 1668.3809740543365, 1659.1433181762695, 1625.7460207939148, 1637.7960946559906, 1639.6767406463623, 1639.1089823246002, 1651.9355473518372, 1627.4843728542328, 1641.7242176532745, 1621.4737567901611, 1635.5127892494202, 1616.1339716911316, 1625.7729940414429, 1660.4580223560333, 1648.9773020744324, 1631.7310855388641, 1647.6268994808197, 1656.4401602745056], "LL": [-52645.96519365205, -52645.96519365205, -52645.96519365205, -52645.96519365205, -52645.96519365205, -52645.96519365205, -52645.96519365205, -52645.96519365205, -52645.96519365205, -52645.96519365205, -52645.96519365205, -52645.96519365205, -52645.96519365205, -52645.96519365205, -52645.96519365205, -52645.96519365205, -52645.96519365205, -52645.96519365205, -52645.96519365205, -52645.96519365205], "epochs": [7.0, 7.0, 7.0, 7.0, 7.0, 7.0, 7.0, 7.0, 7.0, 7.0, 7.0, 7.0, 7.0, 7.0, 7.0, 7.0, 7.0, 7.0, 7.0, 7.0]}