{"time": [529.0516047477722, 529.7160532474518, 531.742133140564, 531.2736663818359, 531.3836486339569, 529.1354877948761, 531.8930253982544, 528.5800998210907, 529.6574943065643, 529.200856924057, 530.7709381580353, 530.58673620224, 526.9613420963287, 531.6452286243439, 532.1438672542572, 532.3334503173828, 529.4881978034973, 527.5491554737091, 527.2872562408447, 525.9603853225708], "LL": [39279.635574933185, 39309.10880347497, 39307.3187811804, 38759.49220755785, 39023.10443563049, 39123.109212847026, 39236.47503239557, 39409.36482407437, 39373.379747194755, 39439.444226796295, 39033.686589326506, 39260.70783140583, 39468.68693251229, 38927.521473509514, 39100.25254386671, 39310.02092457329, 38987.408079221655, 39219.05555232784, 39313.97473728279, 39426.69462565897], "epochs": [1000.6111090822774, 1000.6111090822774, 1000.7024066026366, 1000.5563305700617, 1000.647628090421, 1000.6841470985648, 1000.9215206514991, 1000.793704122996, 1000.519811561918, 1000.7571851148523, 1000.3919950334149, 1000.4650330497024, 1000.5563305700617, 1000.4832925537743, 1000.7389256107804, 1000.6701603184458, 1000.0128181718585, 1000.793704122996, 1000.6111090822774, 1000.1041156922179]}