{"time": [24.83324694633484, 23.222395658493042, 24.347130060195923, 24.305206537246704, 24.834094285964966, 22.63101053237915, 26.047739505767822, 22.267292261123657, 22.94609570503235, 23.062471866607666, 23.759748935699463, 23.900286436080933, 22.352357625961304, 24.887918949127197, 22.154716730117798, 22.7105610370636, 22.387744426727295, 24.150421142578125, 26.530675172805786, 23.234268188476562], "LL": [-37281.76608324986, -37281.766083292074, -37281.7660832381, -37281.76608327093, -37281.76608326983, -37281.76608323359, -37281.766083324575, -37281.76608330342, -37281.76608324194, -37281.766083240305, -37281.76608323806, -37281.766083252274, -37281.766083588685, -37281.766083234186, -37281.766083261464, -37281.76608329819, -37281.76608339694, -37281.76608324471, -37281.76608339146, -37281.766083273134], "epochs": [16.51981156191798, 15.51981156191798, 16.51981156191798, 14.738925610780411, 15.684147098564804, 12.629368586349194, 19.57459007413359, 13.538071065989847, 11.866742139283497, 13.684147098564804, 16.51981156191798, 15.51981156191798, 13.51981156191798, 16.592849578205456, 12.611109082277325, 13.51981156191798, 14.501552057846109, 15.629368586349194, 20.556330570061718, 15.51981156191798]}