{"time": [80.68802785873413, 73.81712341308594, 75.26395916938782, 77.0438666343689, 69.70246052742004, 71.84992098808289, 77.71355390548706, 74.63718128204346, 69.93567776679993, 71.6961019039154, 78.68376660346985, 73.86586093902588, 78.26579570770264, 76.03521680831909, 71.68649172782898, 76.53471899032593, 72.30711030960083, 71.89118814468384, 69.7215085029602, 72.6249852180481], "LL": [37281.76608500534, 37281.766091181205, 37281.76608950244, 37281.76610173601, 37281.76613296453, 37281.76609003471, 37281.766087283424, 37281.76608601068, 37281.76609831455, 37281.766094017556, 37281.76611809062, 37281.76608441706, 37281.766085647454, 37281.76608572592, 37281.7660865495, 37281.766105324175, 37281.76609819932, 37281.76608808862, 37281.76608836138, 37281.7660936516], "epochs": [96.72066610670853, 88.1041156922178, 89.61110908227732, 92.64762809042107, 82.66588759449293, 86.59284957820546, 93.64762809042107, 88.59284957820546, 83.64762809042107, 84.79370412299602, 94.64762809042107, 88.59284957820546, 92.73892561078041, 90.68414709856481, 85.66588759449293, 92.95803965964285, 85.77544461892415, 85.0493371800022, 84.55633057006172, 86.70240660263667]}