{"time": [55.18438267707825, 55.066099405288696, 49.02813768386841, 46.78665328025818, 55.248807430267334, 52.38430047035217, 51.385268688201904, 53.359405755996704, 57.86431407928467, 54.85267615318298, 48.44867444038391, 48.53430247306824, 47.87573218345642, 48.347946882247925, 54.28678107261658, 52.89936184883118, 50.68196630477905, 53.319655656814575, 56.70020365715027, 58.41743779182434], "LL": [37281.76611013571, 37281.76608805389, 37281.76613272789, 37281.76609153436, 37281.7661215127, 37281.766144254594, 37281.766101161076, 37281.76609081329, 37281.76608611602, 37281.76609276521, 37281.76609458725, 37281.76609897981, 37281.76610504545, 37281.76611372003, 37281.766088812416, 37281.76614753434, 37281.76609355986, 37281.76614754913, 37281.766101782625, 37281.76608387265], "epochs": [64.62936858634919, 65.64762809042107, 55.68414709856481, 54.61110908227732, 67.59284957820546, 61.53807106598985, 60.629368586349194, 61.79370412299602, 70.59284957820546, 67.51981156191798, 56.50155205784611, 57.59284957820546, 56.519811561917976, 57.53807106598985, 62.15889420443341, 60.70240660263667, 59.57459007413359, 62.775444618924155, 71.55633057006172, 71.53807106598984]}