{"time": [23.905675649642944, 23.39017343521118, 24.456753730773926, 23.43882155418396, 25.533135175704956, 25.70482850074768, 24.844923496246338, 21.374817848205566, 25.2267484664917, 24.738914728164673, 22.9219331741333, 22.961698055267334], "LL": [-37281.766083251656, -37281.76608322483, -37281.76608334071, -37281.76608330786, -37281.76608323247, -37281.76608324192, -37281.766083234135, -37281.7660836998, -37281.76608325089, -37281.766083392424, -37281.76608334164, -37281.76608324881], "epochs": [12.684147098564804, 14.538071065989847, 14.665887594492933, 14.611109082277325, 17.57459007413359, 19.538071065989847, 12.231932220720886, 11.611109082277325, 18.538071065989847, 17.538071065989847, 13.556330570061718, 14.538071065989847]}