{"time": [62.043022871017456, 61.432533740997314, 61.69054436683655, 61.29390072822571, 61.42768669128418, 61.610228300094604, 61.89488220214844, 61.67625188827515, 61.669995069503784, 61.55761361122131, 61.244115352630615, 61.6107497215271, 61.73814344406128, 62.17156100273132, 61.51319193840027, 61.48167109489441, 61.60451579093933, 61.54627442359924, 61.80200695991516, 61.39736223220825], "LL": [-37281.766083268325, -37281.766083268325, -37281.766083268325, -37281.766083268325, -37281.766083268325, -37281.766083268325, -37281.766083268325, -37281.766083268325, -37281.766083268325, -37281.766083268325, -37281.766083268325, -37281.766083268325, -37281.766083268325, -37281.766083268325, -37281.766083268325, -37281.766083268325, -37281.766083268325, -37281.766083268325, -37281.766083268325, -37281.766083268325], "epochs": [69.0, 69.0, 69.0, 69.0, 69.0, 69.0, 69.0, 69.0, 69.0, 69.0, 69.0, 69.0, 69.0, 69.0, 69.0, 69.0, 69.0, 69.0, 69.0, 69.0]}