{"time": [528.1249339580536, 528.0780191421509, 528.2819335460663, 528.2250714302063, 528.0627899169922, 528.1886353492737, 528.2706263065338, 528.1737010478973, 528.3041923046112, 528.5476403236389, 528.2258291244507, 528.6871674060822, 528.3813142776489, 528.2564897537231, 528.9216701984406, 527.697830915451, 528.2362639904022, 528.1134040355682, 528.3245234489441, 528.6162776947021], "LL": [39419.9083503619, 39419.9083503619, 39419.9083503619, 39419.9083503619, 39419.9083503619, 39419.9083503619, 39419.9083503619, 39419.9083503619, 39419.9083503619, 39419.9083503619, 39419.9083503619, 39419.9083503619, 39419.9083503619, 39419.9083503619, 39419.9083503619, 39419.9083503619, 39419.9083503619, 39419.9083503619, 39419.9083503619, 39419.9083503619], "epochs": [1000.0, 1000.0, 1000.0, 1000.0, 1000.0, 1000.0, 1000.0, 1000.0, 1000.0, 1000.0, 1000.0, 1000.0, 1000.0, 1000.0, 1000.0, 1000.0, 1000.0, 1000.0, 1000.0, 1000.0]}