{"time": [116.1460509300232, 114.34881615638733, 113.69922041893005, 115.87426328659058, 114.75941848754883, 114.2855851650238, 113.33001041412354, 115.59440779685974, 115.52498531341553, 114.6647789478302, 114.23721837997437, 114.49295020103455, 113.84691524505615, 114.2242784500122, 114.8006341457367, 114.34397435188293, 114.39516592025757, 115.28957629203796, 113.77527642250061, 116.4263665676117], "LL": [37281.766089241886, 37281.766089241886, 37281.766089241886, 37281.766089241886, 37281.766089241886, 37281.766089241886, 37281.766089241886, 37281.766089241886, 37281.766089241886, 37281.766089241886, 37281.766089241886, 37281.766089241886, 37281.766089241886, 37281.766089241886, 37281.766089241886, 37281.766089241886, 37281.766089241886, 37281.766089241886, 37281.766089241886, 37281.766089241886], "epochs": [22.0, 22.0, 22.0, 22.0, 22.0, 22.0, 22.0, 22.0, 22.0, 22.0, 22.0, 22.0, 22.0, 22.0, 22.0, 22.0, 22.0, 22.0, 22.0, 22.0]}