{"time": [33.986958265304565, 33.340227365493774, 32.50857448577881, 33.66400933265686, 27.954401969909668, 33.37480711936951, 32.557583808898926, 32.79964876174927, 32.87043857574463, 32.75584602355957, 32.460644245147705, 28.401355028152466, 27.92099642753601, 33.60348415374756, 32.30791878700256, 31.734789609909058, 32.31365489959717, 32.73284316062927, 32.540406703948975, 33.35519075393677], "LL": [37281.76608321832, 37281.76608321829, 37281.76608321825, 37281.76608321828, 37281.766083232375, 37281.766083218245, 37281.76608321827, 37281.76608321829, 37281.766083218245, 37281.76608321826, 37281.76608321828, 37281.76608335648, 37281.76608325532, 37281.76608321826, 37281.766083218245, 37281.76608321825, 37281.76608321825, 37281.7660832183, 37281.76608321857, 37281.766083218325], "epochs": [6.592849578205456, 6.501552057846109, 6.501552057846109, 6.702406602636673, 5.574590074133587, 6.556330570061718, 6.665887594492934, 6.6476280904210645, 6.519811561917979, 6.519811561917979, 6.501552057846109, 5.665887594492934, 5.538071065989848, 6.611109082277325, 6.483292553774239, 6.501552057846109, 6.501552057846109, 6.556330570061718, 6.501552057846109, 6.556330570061718]}