{"time": [523.2103044986725, 522.5488064289093, 522.6727199554443, 523.1872928142548, 523.09992146492, 522.6177728176117, 522.8317859172821, 522.6099648475647, 522.9400813579559, 522.9247922897339, 522.4031195640564, 523.5263707637787, 522.812126159668, 522.2928931713104, 521.9394822120667, 521.7431299686432, 521.7448272705078, 521.5506019592285, 522.8299558162689, 521.3326170444489], "LL": [37281.7662409591, 37281.7662409591, 37281.7662409591, 37281.7662409591, 37281.7662409591, 37281.7662409591, 37281.7662409591, 37281.7662409591, 37281.7662409591, 37281.7662409591, 37281.7662409591, 37281.7662409591, 37281.7662409591, 37281.7662409591, 37281.7662409591, 37281.7662409591, 37281.7662409591, 37281.7662409591, 37281.7662409591, 37281.7662409591], "epochs": [1000.0, 1000.0, 1000.0, 1000.0, 1000.0, 1000.0, 1000.0, 1000.0, 1000.0, 1000.0, 1000.0, 1000.0, 1000.0, 1000.0, 1000.0, 1000.0, 1000.0, 1000.0, 1000.0, 1000.0]}