{"time": [44.17393732070923, 42.99752354621887, 43.319992780685425, 43.30629515647888, 43.45904016494751, 43.000914573669434, 43.87612700462341, 43.02292466163635, 42.66057467460632, 43.55827593803406, 42.392415285110474, 43.12455677986145, 42.771912813186646, 43.591208934783936, 42.87632131576538, 42.60132884979248, 42.9571099281311, 42.78666567802429, 42.58673596382141, 42.682915449142456], "LL": [37281.766083218296, 37281.766083218296, 37281.766083218296, 37281.766083218296, 37281.766083218296, 37281.766083218296, 37281.766083218296, 37281.766083218296, 37281.766083218296, 37281.766083218296, 37281.766083218296, 37281.766083218296, 37281.766083218296, 37281.766083218296, 37281.766083218296, 37281.766083218296, 37281.766083218296, 37281.766083218296, 37281.766083218296, 37281.766083218296], "epochs": [8.0, 8.0, 8.0, 8.0, 8.0, 8.0, 8.0, 8.0, 8.0, 8.0, 8.0, 8.0, 8.0, 8.0, 8.0, 8.0, 8.0, 8.0, 8.0, 8.0]}