{"time": [4.112207, 4.037061, 4.107238, 4.037522, 4.097722, 4.093388, 4.087916, 4.06593, 4.022623, 4.09543, 4.142317, 4.107141, 4.101581, 4.008886, 4.082218, 4.129043, 4.060641, 4.042141, 4.000938, 4.057541], "LL": [-67925.59207508742, -67925.59207508742, -67925.59207508742, -67925.59207508742, -67925.59207508742, -67925.59207508742, -67925.59207508742, -67925.59207508742, -67925.59207508742, -67925.59207508742, -67925.59207508742, -67925.59207508742, -67925.59207508742, -67925.59207508742, -67925.59207508742, -67925.59207508742, -67925.59207508742, -67925.59207508742, -67925.59207508742, -67925.59207508742], "epochs": [123, 123, 123, 123, 123, 123, 123, 123, 123, 123, 123, 123, 123, 123, 123, 123, 123, 123, 123, 123]}