{"time": [4.209443, 4.199736, 4.166507, 4.164843, 4.175808, 4.119625, 4.202486, 4.150363, 4.169529, 4.172477, 4.139387, 4.162936, 4.154399, 4.144134, 4.177272, 4.198949, 4.171633, 4.160223, 4.175756, 4.193665], "LL": [-67925.59207508742, -67925.59207508742, -67925.59207508742, -67925.59207508742, -67925.59207508742, -67925.59207508742, -67925.59207508742, -67925.59207508742, -67925.59207508742, -67925.59207508742, -67925.59207508742, -67925.59207508742, -67925.59207508742, -67925.59207508742, -67925.59207508742, -67925.59207508742, -67925.59207508742, -67925.59207508742, -67925.59207508742, -67925.59207508742], "epochs": [123, 123, 123, 123, 123, 123, 123, 123, 123, 123, 123, 123, 123, 123, 123, 123, 123, 123, 123, 123]}