{"time": [3.452580690383911, 3.351785659790039, 3.633302688598633, 3.5108211040496826, 3.6063802242279053, 3.461169719696045, 34.08240056037903, 33.90185046195984, 3.808093786239624, 3.501021146774292, 3.6310083866119385, 3.262887716293335, 3.4105725288391113, 3.411301851272583, 3.680131196975708, 33.88389325141907, 3.3387231826782227, 3.6020703315734863, 3.7151713371276855, 3.372579336166382], "LL": [-67925.58838674452, -67925.5883916341, -67925.5883870252, -67925.58838613734, -67925.58838695614, -67925.58838642202, -67925.588390815, -67925.58839842668, -67925.58838633046, -67925.58838650641, -67925.58838772491, -67925.58838695989, -67925.58838762085, -67925.58838758992, -67925.58838610748, -67925.58839085489, -67925.58838947162, -67925.58838752015, -67925.58838777796, -67925.58838684416], "epochs": [7.292800236785635, 6.329797992255136, 8.292800236785634, 7.292800236785635, 8.268135066472635, 7.2681350664726345, 200.34213057741164, 200.28046765162912, 9.329797992255136, 7.2804676516291345, 8.305132821942136, 6.2681350664726345, 7.255802481316134, 7.2804676516291345, 8.342130577411638, 200.26813506647264, 6.292800236785635, 8.280467651629134, 8.379128332881137, 7.255802481316134]}