{"time": [5.173492193222046, 5.290597438812256, 5.08504319190979, 4.441982269287109, 4.6488940715789795, 4.535016059875488, 4.422237157821655, 4.541458368301392, 4.250562906265259, 4.99012565612793, 4.3079893589019775, 4.341833591461182, 4.206579208374023, 4.671871662139893, 4.422083854675293, 4.5236406326293945, 4.5489888191223145, 4.892881393432617, 4.270994663238525, 4.260978698730469], "LL": [-67925.58838606132, -67925.58838638231, -67925.58838612151, -67925.58838601332, -67925.58838665436, -67925.58838601416, -67925.58838632975, -67925.58838612607, -67925.5883860319, -67925.58838607559, -67925.58838616102, -67925.58838624855, -67925.5883863531, -67925.58838607489, -67925.58838614284, -67925.58838610552, -67925.5883863167, -67925.58838622655, -67925.5883860725, -67925.58838668799], "epochs": [15.305132821942136, 17.268135066472635, 15.305132821942136, 11.255802481316135, 13.280467651629134, 11.292800236785634, 11.268135066472635, 12.243469896159633, 10.280467651629134, 14.280467651629134, 11.255802481316135, 11.243469896159633, 10.268135066472635, 13.268135066472635, 12.255802481316135, 12.292800236785634, 12.268135066472635, 15.268135066472635, 10.317465407098636, 11.268135066472635]}