{"time": [3.5109620094299316, 3.4551923274993896, 3.499143362045288, 3.4809741973876953, 3.6039841175079346, 3.4707491397857666, 3.5264086723327637, 3.3964173793792725, 3.37908673286438, 3.491091012954712, 3.322010040283203, 3.4376628398895264, 3.4169490337371826, 3.4396908283233643, 3.4986400604248047, 3.353562593460083, 3.4023375511169434, 3.5989742279052734, 3.210627555847168, 3.3368022441864014], "LL": [-67925.58838601642, -67925.58838600549, -67925.58838599388, -67925.58838608045, -67925.58838622802, -67925.58838598887, -67925.58838598747, -67925.58838629215, -67925.58838598727, -67925.58838599472, -67925.5883859913, -67925.58838608429, -67925.5883859877, -67925.58838601735, -67925.5883861407, -67925.58838598832, -67925.58838630636, -67925.58838598916, -67925.58838642185, -67925.58838606515], "epochs": [7.317465407098636, 7.2681350664726345, 7.255802481316134, 7.2681350664726345, 8.268135066472635, 7.2681350664726345, 7.292800236785635, 7.243469896159633, 7.255802481316134, 7.2804676516291345, 7.243469896159633, 7.2681350664726345, 7.255802481316134, 7.255802481316134, 7.2681350664726345, 7.243469896159633, 7.243469896159633, 8.268135066472635, 6.243469896159633, 7.243469896159633]}