{"time": [3.485675811767578, 3.764941930770874, 3.9219353199005127, 3.9502108097076416, 3.797414779663086, 4.109819412231445, 3.995516061782837, 4.007805824279785, 3.936866521835327, 3.8285317420959473, 3.7096810340881348, 3.7058117389678955, 3.7644805908203125, 3.7472574710845947, 3.649693489074707, 3.8826582431793213, 3.5787692070007324, 3.7780911922454834, 3.754209280014038, 3.6470935344696045], "LL": [-67925.58838693931, -67925.58838642146, -67925.58838761756, -67925.58838757873, -67925.58838645602, -67925.58839036975, -67925.58838988798, -67925.5883881007, -67925.58838620906, -67925.58838974459, -67925.5883872908, -67925.5883869888, -67925.58838817239, -67925.58838688894, -67925.58838675999, -67925.58838648746, -67925.5883870668, -67925.58838762422, -67925.58838876916, -67925.58838676273], "epochs": [7.255802481316134, 8.292800236785634, 8.477789014133142, 9.292800236785634, 8.280467651629134, 11.255802481316135, 10.317465407098636, 10.292800236785634, 9.292800236785634, 8.305132821942136, 8.280467651629134, 8.292800236785634, 8.280467651629134, 8.305132821942136, 7.2681350664726345, 9.268135066472635, 7.2804676516291345, 8.268135066472635, 8.292800236785634, 8.280467651629134]}