{"time": [137.84664344787598, 137.82699036598206, 137.79128575325012, 137.99619150161743, 137.47698378562927, 137.58366322517395, 137.39106941223145, 137.94102835655212, 138.11065244674683, 137.90517163276672, 138.6070408821106, 138.84998488426208, 138.46471428871155, 139.03260684013367, 138.56583738327026, 137.69538235664368, 138.40346312522888, 138.73473596572876, 138.99713039398193, 138.8665657043457], "LL": [-68350.29112565752, -68335.10294179409, -68329.76598533551, -68335.3646312892, -68354.4292704487, -68351.20119752028, -68338.90773026348, -68347.44116014328, -68348.08977960088, -68346.04029502814, -68355.07734445625, -68349.71197347183, -68351.55572041014, -68339.86102410713, -68337.70113825072, -68350.50022432285, -68347.82751197804, -68344.00566946993, -68346.78868089031, -68353.02680710072], "epochs": [1000.2804676516291, 1000.2681350664726, 1000.2681350664726, 1000.3421305774116, 1000.2928002367856, 1000.2928002367856, 1000.2681350664726, 1000.2804676516291, 1000.2681350664726, 1000.2558024813161, 1000.2928002367856, 1000.2558024813161, 1000.2558024813161, 1000.2681350664726, 1000.3297979922552, 1000.2434698961597, 1000.2804676516291, 1000.2928002367856, 1000.2681350664726, 1000.3051328219422]}