{"time": [28.01800274848938, 27.923121690750122, 27.86181926727295, 28.022849321365356, 28.015509366989136, 28.342894315719604, 28.234490871429443, 28.062299489974976, 28.1658992767334, 28.234577178955078, 28.04554057121277, 28.35662007331848, 28.95261549949646, 28.409714221954346, 28.064215660095215, 28.04291868209839, 28.00173807144165, 28.37048077583313, 28.473854064941406, 28.175645112991333], "LL": [-69773.45078561759, -70076.75623068771, -69974.28332398938, -70127.67025266787, -70062.49496519974, -69984.69156170989, -69917.41089549479, -70166.8329206919, -70018.27801407536, -69952.25286645569, -70090.61657940409, -69912.26673919025, -69704.46276861674, -69807.07599963067, -70183.53959799439, -70232.16189888361, -70074.76405727924, -70034.3425215837, -69942.09299268898, -70112.1783951393], "epochs": [200.24346989615964, 200.28046765162912, 200.28046765162912, 200.41612608835064, 200.29280023678564, 200.25580248131615, 200.24346989615964, 200.31746540709864, 200.24346989615964, 200.28046765162912, 200.28046765162912, 200.26813506647264, 200.4520632414967, 200.29280023678564, 200.29280023678564, 200.28046765162912, 200.29280023678564, 200.28046765162912, 200.25580248131615, 200.30513282194215]}