{"time": [15.542386770248413, 15.830579042434692, 15.67398715019226, 15.314311981201172, 15.45400857925415, 15.569445371627808, 15.493558168411255, 15.683826923370361, 15.606180191040039, 15.552376985549927, 15.670798778533936, 15.603426694869995, 15.37717056274414, 15.696454048156738, 15.422863721847534, 15.809589385986328, 15.93324613571167, 15.84402585029602, 15.525501251220703, 15.709742069244385], "LL": [-67925.58838600764, -67925.58838629231, -67925.58838603241, -67925.58838603333, -67925.5883860315, -67925.58838602656, -67925.58838601447, -67925.58838602652, -67925.58838601397, -67925.58838603174, -67925.58838602628, -67925.58838603224, -67925.58838786405, -67925.58838605857, -67925.58838754821, -67925.58838602377, -67925.58838600841, -67925.58838602091, -67925.58838906615, -67925.58839045913], "epochs": [85.32979799225514, 87.35446316256814, 86.42845867350714, 83.39146091803764, 85.36679574772464, 84.49012159928964, 84.35446316256814, 85.45312384382014, 86.36679574772464, 84.39146091803764, 86.32979799225514, 85.37912833288114, 85.31746540709864, 86.51478676960264, 84.36679574772464, 86.35446316256814, 88.34213057741164, 87.32979799225514, 84.39146091803764, 85.53945193991564]}