{"time": [7.88680362701416, 7.6992645263671875, 6.942078590393066, 7.0066869258880615, 7.009449481964111, 6.9656147956848145, 7.190522193908691, 7.008637428283691, 6.463424444198608, 7.26987886428833, 7.138530492782593, 7.163357734680176, 6.715384244918823, 6.922531604766846, 6.996707439422607, 6.191628932952881, 6.554505348205566, 6.89971137046814, 6.902357578277588, 6.385478973388672], "LL": [-67925.58838638366, -67925.58838619977, -67925.58838655644, -67925.58838721298, -67925.58838638476, -67925.58838613455, -67925.58838662514, -67925.58838610482, -67925.58838618765, -67925.58838849979, -67925.58838745557, -67925.58838621204, -67925.58838656834, -67925.58838809152, -67925.58838640522, -67925.58838649081, -67925.58838862533, -67925.58838807089, -67925.58838638807, -67925.5883878985], "epochs": [34.26813506647264, 32.29280023678564, 27.268135066472635, 27.268135066472635, 28.292800236785634, 27.292800236785634, 29.342130577411638, 28.24346989615963, 25.280467651629134, 30.255802481316135, 28.255802481316135, 30.255802481316135, 26.255802481316135, 27.255802481316135, 28.280467651629134, 23.280467651629134, 26.255802481316135, 28.255802481316135, 28.292800236785634, 25.280467651629134]}