{"time": [15.913463354110718, 15.896460771560669, 16.016350984573364, 15.757239580154419, 15.71964144706726, 16.014267921447754, 15.608581781387329, 15.861851215362549, 16.009419441223145, 15.98511266708374, 15.749781608581543, 15.839820861816406, 15.824852466583252, 15.744443655014038, 16.056509494781494, 16.03216004371643, 15.881071329116821, 16.358748197555542, 15.977666854858398, 16.018750190734863], "LL": [-67925.58838600792, -67925.58838600309, -67925.58838887277, -67925.5883930968, -67925.58838759323, -67925.58838601563, -67925.58839154507, -67925.58838601684, -67925.58838603052, -67925.58838618748, -67925.58838675702, -67925.58839120076, -67925.58838600572, -67925.58838602284, -67925.5883893669, -67925.58838601237, -67925.58838604696, -67925.58838601106, -67925.58838600412, -67925.58838765905], "epochs": [87.36679574772464, 86.44079125866364, 87.42845867350714, 84.53945193991564, 85.35446316256814, 86.41612608835064, 84.39146091803764, 85.39146091803764, 87.31746540709864, 86.34213057741164, 85.39146091803764, 86.35446316256814, 86.31746540709864, 85.35446316256814, 87.40379350319414, 86.44079125866364, 86.39146091803764, 87.58878228054165, 86.32979799225514, 85.46545642897664]}