{"time": [13.930047035217285, 14.92188310623169, 14.068733930587769, 14.907963514328003, 14.723562002182007, 14.939673662185669, 14.332310914993286, 14.439479351043701, 15.676719188690186, 14.773561239242554, 15.984267711639404, 15.898342370986938, 14.97101640701294, 14.571589469909668, 15.047484636306763, 14.03271222114563, 13.866612911224365, 14.578934907913208, 15.976737976074219, 15.345081567764282], "LL": [-67925.58839056079, -67925.5883903139, -67925.58838707925, -67925.58838890905, -67925.58838792276, -67925.58838736833, -67925.58838817965, -67925.58838755068, -67925.58838625399, -67925.58838694349, -67925.58838689441, -67925.58838718178, -67925.58838655258, -67925.58838960179, -67925.58838622672, -67925.58839005016, -67925.58838897668, -67925.58838641024, -67925.58838837336, -67925.5883879556], "epochs": [73.40379350319414, 81.47778901413315, 74.39146091803764, 81.35446316256814, 79.50245418444615, 81.49012159928964, 77.34213057741164, 77.44079125866364, 85.63811262116765, 79.40379350319414, 88.32979799225514, 87.45312384382014, 79.39146091803764, 77.40379350319414, 80.62578003601115, 73.35446316256814, 71.39146091803764, 76.57644969538515, 85.46545642897664, 83.35446316256814]}