{"time": [3.8475606441497803, 3.7208666801452637, 3.714763641357422, 3.7512924671173096, 3.724198818206787, 3.6839170455932617, 3.705383539199829, 3.7621192932128906, 3.7573585510253906, 3.8348772525787354, 3.803164005279541, 3.769585371017456, 3.790994882583618, 3.671940326690674, 3.7269086837768555, 3.7306463718414307, 3.664855480194092, 3.695502281188965, 3.7180960178375244, 3.667531967163086], "LL": [-67925.58838600972, -67925.58838598884, -67925.58838599642, -67925.58838599213, -67925.58838599248, -67925.58838598792, -67925.58838598756, -67925.58838598998, -67925.58838611697, -67925.58838600639, -67925.58838602957, -67925.58838598964, -67925.58838598813, -67925.58838615978, -67925.58838599408, -67925.58838599526, -67925.58838598843, -67925.58838603445, -67925.58838610728, -67925.58838605242], "epochs": [7.329797992255137, 7.2681350664726345, 7.2804676516291345, 7.2681350664726345, 7.2681350664726345, 7.255802481316134, 7.2804676516291345, 7.2804676516291345, 7.2681350664726345, 7.317465407098636, 8.255802481316135, 8.243469896159633, 8.255802481316135, 7.255802481316134, 7.2681350664726345, 8.243469896159633, 7.243469896159633, 7.2681350664726345, 7.255802481316134, 7.243469896159633]}