{"time": [165.05917406082153, 3.6389522552490234, 3.579557418823242, 3.5712592601776123, 165.45177364349365, 165.22530603408813, 165.58436465263367, 3.6105339527130127, 165.94915652275085, 3.620368003845215, 165.39317846298218, 165.25027894973755, 165.6851806640625, 3.587885856628418, 165.89058876037598, 165.4489245414734, 165.63189888000488, 165.63737082481384, 165.73982048034668, 165.44015312194824], "LL": [-67925.58838818496, -67925.58838661316, -67925.58838692745, -67925.58838608454, -67925.58839157644, -67925.58840417712, -67925.58838800906, -67925.58839001817, -67925.58839153066, -67925.58838770736, -67925.58839317283, -67925.58838685506, -67925.58838817371, -67925.58838664273, -67925.58839283521, -67925.58839011226, -67925.58838777206, -67925.58841121633, -67925.58838931471, -67925.58839543238], "epochs": [1000.2681350664726, 7.292800236785635, 7.255802481316134, 7.2804676516291345, 1000.2558024813161, 1000.2804676516291, 1000.2681350664726, 7.292800236785635, 1000.2434698961597, 7.2681350664726345, 1000.2434698961597, 1000.2558024813161, 1000.2558024813161, 7.2681350664726345, 1000.2928002367856, 1000.2558024813161, 1000.2681350664726, 1000.3051328219422, 1000.2928002367856, 1000.2804676516291]}