{"time": [3.775649070739746, 3.74314022064209, 3.8151676654815674, 3.7026755809783936, 3.634577512741089, 4.009178876876831, 3.948613405227661, 3.8521721363067627, 3.702888011932373, 3.7461516857147217, 4.056504726409912, 3.931851625442505, 3.622652292251587, 3.6079540252685547, 3.7901804447174072, 3.751028060913086, 3.7916221618652344, 3.604231834411621, 3.837407350540161, 3.7576589584350586], "LL": [-67925.58838670127, -67925.58838718009, -67925.58838689407, -67925.58838754299, -67925.58838842821, -67925.58838715064, -67925.58838792892, -67925.5883902135, -67925.58838943888, -67925.58838858084, -67925.5883867545, -67925.58838735805, -67925.58838621636, -67925.58838797915, -67925.5883862786, -67925.58838621136, -67925.58838705283, -67925.58838703402, -67925.5883893584, -67925.58838876274], "epochs": [9.268135066472635, 9.255802481316135, 9.280467651629134, 8.280467651629134, 8.292800236785634, 10.292800236785634, 10.268135066472635, 9.280467651629134, 8.280467651629134, 9.255802481316135, 10.317465407098636, 10.255802481316135, 8.243469896159633, 8.255802481316135, 9.280467651629134, 9.292800236785634, 9.292800236785634, 8.255802481316135, 10.268135066472635, 9.280467651629134]}