{"time": [14.805155277252197, 15.665476560592651, 15.807064056396484, 16.03921627998352, 14.459268808364868, 15.482234001159668, 14.426970720291138, 14.889449834823608, 14.200490236282349, 15.574255228042603, 15.34395432472229, 15.149528503417969, 14.878910541534424, 16.087913036346436, 16.362829208374023, 15.227715015411377, 15.690526247024536, 14.188548564910889, 15.99385929107666, 15.156665325164795], "LL": [-67925.5883879625, -67925.58838841309, -67925.58838772672, -67925.5883883386, -67925.58838793715, -67925.58838671865, -67925.5883873642, -67925.58838885864, -67925.58838718016, -67925.5883887018, -67925.58838840181, -67925.58838731537, -67925.58838655766, -67925.58838671741, -67925.58838798938, -67925.58838877006, -67925.58838877919, -67925.58838868696, -67925.58838742095, -67925.58838680801], "epochs": [76.39146091803764, 82.39146091803764, 82.47778901413315, 85.32979799225514, 73.39146091803764, 80.86009915398466, 72.35446316256814, 76.35446316256814, 72.30513282194214, 80.49012159928964, 79.44079125866364, 77.41612608835064, 75.39146091803764, 84.41612608835064, 86.46545642897664, 77.53945193991564, 81.34213057741164, 70.42845867350714, 85.44079125866364, 77.36679574772464]}