{"time": [18.152024745941162, 18.270668745040894, 18.118078470230103, 18.087358713150024, 18.09321618080139, 18.181275844573975, 18.1238055229187, 18.24029016494751, 18.053545236587524, 18.04864239692688, 18.30952024459839, 18.1636860370636, 18.066361665725708, 18.273788452148438, 18.193283557891846, 18.146270275115967, 18.246460676193237, 18.128211736679077, 18.157079696655273, 18.17148756980896], "LL": [-67925.58838600892, -67925.58838600892, -67925.58838600892, -67925.58838600892, -67925.58838600892, -67925.58838600892, -67925.58838600892, -67925.58838600892, -67925.58838600892, -67925.58838600892, -67925.58838600892, -67925.58838600892, -67925.58838600892, -67925.58838600892, -67925.58838600892, -67925.58838600892, -67925.58838600892, -67925.58838600892, -67925.58838600892, -67925.58838600892], "epochs": [111.0, 111.0, 111.0, 111.0, 111.0, 111.0, 111.0, 111.0, 111.0, 111.0, 111.0, 111.0, 111.0, 111.0, 111.0, 111.0, 111.0, 111.0, 111.0, 111.0]}