{"time": [17.98552680015564, 17.947782039642334, 17.971038103103638, 17.910745859146118, 17.99838876724243, 18.076154470443726, 18.02337646484375, 17.98843741416931, 17.962468147277832, 17.868141889572144, 17.96319317817688, 18.012364864349365, 17.98266291618347, 17.838332414627075, 17.840059757232666, 17.848172664642334, 17.945228338241577, 18.014212369918823, 18.00587296485901, 17.93302607536316], "LL": [-67925.58839020197, -67925.58839020197, -67925.58839020197, -67925.58839020197, -67925.58839020197, -67925.58839020197, -67925.58839020197, -67925.58839020197, -67925.58839020197, -67925.58839020197, -67925.58839020197, -67925.58839020197, -67925.58839020197, -67925.58839020197, -67925.58839020197, -67925.58839020197, -67925.58839020197, -67925.58839020197, -67925.58839020197, -67925.58839020197], "epochs": [99.0, 99.0, 99.0, 99.0, 99.0, 99.0, 99.0, 99.0, 99.0, 99.0, 99.0, 99.0, 99.0, 99.0, 99.0, 99.0, 99.0, 99.0, 99.0, 99.0]}