{"time": [19.771090030670166, 19.55857801437378, 19.533581495285034, 19.40887427330017, 19.54864764213562, 19.57954430580139, 19.772147178649902, 19.705662965774536, 19.648924827575684, 19.607144117355347, 19.66288423538208, 19.647931337356567, 19.793930053710938, 19.68751358985901, 19.7109112739563, 19.36642599105835, 19.45991849899292, 19.49925947189331, 19.67873454093933, 19.618069648742676], "LL": [-67925.58838600892, -67925.58838600892, -67925.58838600892, -67925.58838600892, -67925.58838600892, -67925.58838600892, -67925.58838600892, -67925.58838600892, -67925.58838600892, -67925.58838600892, -67925.58838600892, -67925.58838600892, -67925.58838600892, -67925.58838600892, -67925.58838600892, -67925.58838600892, -67925.58838600892, -67925.58838600892, -67925.58838600892, -67925.58838600892], "epochs": [111.0, 111.0, 111.0, 111.0, 111.0, 111.0, 111.0, 111.0, 111.0, 111.0, 111.0, 111.0, 111.0, 111.0, 111.0, 111.0, 111.0, 111.0, 111.0, 111.0]}