{"time": [16.646002054214478, 16.601988315582275, 16.62716269493103, 16.688663959503174, 16.627285718917847, 16.65305185317993, 16.712878227233887, 16.574048280715942, 16.642678022384644, 16.791762351989746, 16.675663709640503, 16.77480459213257, 16.638564109802246, 16.664939403533936, 16.526300191879272, 16.468976974487305, 16.394336462020874, 16.34895944595337, 16.435452222824097, 16.241230964660645], "LL": [-67925.58839020197, -67925.58839020197, -67925.58839020197, -67925.58839020197, -67925.58839020197, -67925.58839020197, -67925.58839020197, -67925.58839020197, -67925.58839020197, -67925.58839020197, -67925.58839020197, -67925.58839020197, -67925.58839020197, -67925.58839020197, -67925.58839020197, -67925.58839020197, -67925.58839020197, -67925.58839020197, -67925.58839020197, -67925.58839020197], "epochs": [99.0, 99.0, 99.0, 99.0, 99.0, 99.0, 99.0, 99.0, 99.0, 99.0, 99.0, 99.0, 99.0, 99.0, 99.0, 99.0, 99.0, 99.0, 99.0, 99.0]}