{"time": [140.55485343933105, 140.63855838775635, 141.33217096328735, 141.372549533844, 142.0321352481842, 141.0456085205078, 141.53777551651, 140.62506866455078, 140.42198944091797, 140.31284141540527, 141.26976323127747, 140.7828061580658, 141.32666444778442, 141.272882938385, 141.22159814834595, 140.48340916633606, 140.10164833068848, 140.3318064212799, 141.30777144432068, 141.01474356651306], "LL": [-68366.05967523286, -68366.05967523286, -68366.05967523286, -68366.05967523286, -68366.05967523286, -68366.05967523286, -68366.05967523286, -68366.05967523286, -68366.05967523286, -68366.05967523286, -68366.05967523286, -68366.05967523286, -68366.05967523286, -68366.05967523286, -68366.05967523286, -68366.05967523286, -68366.05967523286, -68366.05967523286, -68366.05967523286, -68366.05967523286], "epochs": [1000.0, 1000.0, 1000.0, 1000.0, 1000.0, 1000.0, 1000.0, 1000.0, 1000.0, 1000.0, 1000.0, 1000.0, 1000.0, 1000.0, 1000.0, 1000.0, 1000.0, 1000.0, 1000.0, 1000.0]}