{"time": [28.052029848098755, 28.171260356903076, 28.089398622512817, 28.269912242889404, 28.38262438774109, 28.27886700630188, 28.1169695854187, 28.332486391067505, 28.05944299697876, 27.939823865890503, 28.27027177810669, 28.40015983581543, 28.35424828529358, 28.398332118988037, 28.326879024505615, 28.380772590637207, 28.261581897735596, 28.432791233062744, 28.503390073776245, 28.651674032211304], "LL": [-70414.00259039074, -70414.00259039074, -70414.00259039074, -70414.00259039074, -70414.00259039074, -70414.00259039074, -70414.00259039074, -70414.00259039074, -70414.00259039074, -70414.00259039074, -70414.00259039074, -70414.00259039074, -70414.00259039074, -70414.00259039074, -70414.00259039074, -70414.00259039074, -70414.00259039074, -70414.00259039074, -70414.00259039074, -70414.00259039074], "epochs": [200.0, 200.0, 200.0, 200.0, 200.0, 200.0, 200.0, 200.0, 200.0, 200.0, 200.0, 200.0, 200.0, 200.0, 200.0, 200.0, 200.0, 200.0, 200.0, 200.0]}