{"time": [1.9244606494903564, 1.918238878250122, 1.9127540588378906, 1.9147307872772217, 1.9078960418701172, 1.9208192825317383, 1.9145164489746094, 1.9291291236877441, 1.9380440711975098, 1.9201157093048096, 1.9197626113891602, 1.9529519081115723, 1.9619617462158203, 1.9170253276824951, 1.9252266883850098, 1.950749158859253, 1.9245247840881348, 1.9139721393585205, 1.9126472473144531, 1.9223170280456543], "LL": [-67925.58838709522, -67925.58838709522, -67925.58838709522, -67925.58838709522, -67925.58838709522, -67925.58838709522, -67925.58838709522, -67925.58838709522, -67925.58838709522, -67925.58838709522, -67925.58838709522, -67925.58838709522, -67925.58838709522, -67925.58838709522, -67925.58838709522, -67925.58838709522, -67925.58838709522, -67925.58838709522, -67925.58838709522, -67925.58838709522], "epochs": [11.0, 11.0, 11.0, 11.0, 11.0, 11.0, 11.0, 11.0, 11.0, 11.0, 11.0, 11.0, 11.0, 11.0, 11.0, 11.0, 11.0, 11.0, 11.0, 11.0]}