{"time": [1.9744882583618164, 1.925278902053833, 1.9537811279296875, 1.9656741619110107, 1.9700202941894531, 1.965113639831543, 1.9507904052734375, 1.9319236278533936, 1.9448328018188477, 1.9551310539245605, 1.9833567142486572, 1.9414620399475098, 1.9506676197052002, 1.9457106590270996, 1.9715707302093506, 1.9797451496124268, 1.9476006031036377, 1.8903965950012207, 1.9640347957611084, 1.9716134071350098], "LL": [-67925.58838709522, -67925.58838709522, -67925.58838709522, -67925.58838709522, -67925.58838709522, -67925.58838709522, -67925.58838709522, -67925.58838709522, -67925.58838709522, -67925.58838709522, -67925.58838709522, -67925.58838709522, -67925.58838709522, -67925.58838709522, -67925.58838709522, -67925.58838709522, -67925.58838709522, -67925.58838709522, -67925.58838709522, -67925.58838709522], "epochs": [11.0, 11.0, 11.0, 11.0, 11.0, 11.0, 11.0, 11.0, 11.0, 11.0, 11.0, 11.0, 11.0, 11.0, 11.0, 11.0, 11.0, 11.0, 11.0, 11.0]}