{"time": [11.36199951171875, 11.534494161605835, 11.499651432037354, 11.55006456375122, 11.671621084213257, 11.676568508148193, 11.357849836349487, 11.694603443145752, 11.656217336654663, 11.65977954864502, 11.441420078277588, 11.565871238708496, 11.519315958023071, 11.53954792022705, 11.293391942977905, 11.414026737213135, 11.412298202514648, 11.601767301559448, 11.314034938812256, 11.276002168655396], "LL": [-67925.58838598676, -67925.58838598742, -67925.58838598679, -67925.58838598676, -67925.58838598675, -67925.58838598676, -67925.5883859868, -67925.58838598675, -67925.58838598705, -67925.58838598676, -67925.58838598678, -67925.5883859869, -67925.58838598675, -67925.58838598676, -67925.58838598676, -67925.58838598676, -67925.58838598678, -67925.58838598676, -67925.58838598679, -67925.58838598675], "epochs": [20.37661248550922, 20.265619219100714, 20.573933848013226, 20.253286633944214, 20.536936092543723, 20.536936092543723, 20.37661248550922, 20.869915891769235, 20.462940581604723, 20.734257455047732, 20.240954048787714, 20.67259452926523, 20.228621463631214, 20.450607996448223, 20.265619219100714, 20.302616974570217, 20.290284389413717, 20.314949559726717, 20.302616974570217, 20.216288878474714]}