{"time": [14.872629165649414, 14.828813076019287, 15.61297082901001, 15.557297706604004, 15.814651489257812, 14.828656911849976, 14.495487928390503, 15.433857202529907, 14.886433601379395, 15.588338375091553, 14.986051559448242, 14.740937232971191, 15.263394832611084, 14.864546775817871, 15.610615015029907, 15.261933326721191, 14.977778911590576, 14.776807069778442, 15.332905054092407, 14.550382614135742], "LL": [-67925.58838825415, -67925.58838744568, -67925.58838657444, -67925.58838614516, -67925.58838668595, -67925.58838669604, -67925.58838658994, -67925.5883863246, -67925.58838604631, -67925.58838612423, -67925.58838629084, -67925.58838643, -67925.58838599516, -67925.58838610187, -67925.58838743687, -67925.58838651159, -67925.58838736023, -67925.58838676695, -67925.5883863819, -67925.58839603903], "epochs": [43.83291813629974, 46.42594282613522, 52.49993833707423, 52.32728214488321, 51.82058555114324, 46.45060799644823, 42.277951804257214, 50.43827541129172, 46.31494955972671, 52.524603507387226, 47.647929358952226, 44.29028438941371, 47.684927114421725, 45.31494955972671, 55.240954048787714, 49.573933848013226, 46.35194731519621, 42.36427990035271, 51.48760575191773, 44.179291123005214]}