{"time": [18.629395008087158, 23.786569356918335, 3.421722888946533, 3.207821846008301, 4.016629219055176, 3.3104751110076904, 24.28117609024048, 3.2041525840759277, 23.720581769943237, 3.2912354469299316, 3.3326327800750732, 3.487921714782715, 2.9818594455718994, 5.2586753368377686, 3.9116992950439453, 23.89656639099121, 23.894590854644775, 23.878756046295166, 3.206263542175293, 4.110929012298584], "LL": [-67925.58839908014, -67925.58839064492, -67925.58839617218, -67925.58839306238, -67925.58839087021, -67925.58839561486, -67925.5883936612, -67925.58839019878, -67925.58839711286, -67925.5883981522, -67925.58838978031, -67925.58839225478, -67925.58840295821, -67925.5883937354, -67925.58839712915, -67925.58839925758, -67925.58839743803, -67925.58839465036, -67925.58838845894, -67925.58839233471], "epochs": [151.28046765162912, 200.25580248131615, 11.243469896159633, 8.268135066472635, 17.268135066472635, 10.255802481316135, 200.26813506647264, 9.255802481316135, 200.25580248131615, 10.243469896159633, 10.255802481316135, 11.255802481316135, 7.218804725846632, 28.255802481316135, 15.280467651629134, 200.25580248131615, 200.25580248131615, 200.24346989615964, 9.243469896159633, 17.292800236785634]}