{"time": [3.137376308441162, 11.617249488830566, 2.816465139389038, 20.829772472381592, 9.618324995040894, 10.093763589859009, 20.417563676834106, 3.363675832748413, 4.699156045913696, 4.551579475402832, 18.40834069252014, 5.08202052116394, 16.37557077407837, 8.88583493232727, 12.67515754699707, 20.77336621284485, 20.719022512435913, 20.58430242538452, 3.438488006591797, 14.816873550415039], "LL": [-67925.58839830053, -67925.58838904946, -67925.58838865883, -67925.58839896927, -67925.5883874592, -67925.58839923175, -67925.58839435673, -67925.58839638528, -67925.58838929201, -67925.5883941521, -67925.58840645927, -67925.58838990908, -67925.58839919796, -67925.58838758279, -67925.58838701839, -67925.58839849045, -67925.58839183617, -67925.5883903859, -67925.58839237003, -67925.58839904406], "epochs": [10.243469896159633, 101.24346989615964, 7.255802481316134, 200.25580248131615, 79.24346989615964, 84.24346989615964, 200.26813506647264, 12.280467651629134, 28.255802481316135, 25.255802481316135, 176.24346989615964, 31.255802481316135, 155.23113731100312, 72.29280023678564, 112.29280023678564, 200.25580248131615, 200.25580248131615, 200.25580248131615, 13.255802481316135, 135.25580248131615]}