{"time": [20.582274198532104, 20.698694229125977, 22.85544729232788, 22.485073566436768, 23.21934223175049, 20.644519090652466, 22.699460744857788, 21.677785396575928, 22.809388399124146, 19.9353506565094, 21.7596595287323, 21.63524889945984, 21.315994262695312, 20.88520836830139, 20.460451126098633, 21.618087768554688, 21.185084104537964, 19.730060815811157, 23.31090807914734, 21.636069297790527], "LL": [-67925.58839135317, -67925.58838734294, -67925.58838899054, -67925.58838607518, -67925.588388795, -67925.58838698719, -67925.58838804814, -67925.58838637917, -67925.5883863293, -67925.5883863793, -67925.58838695513, -67925.58838905348, -67925.58838641022, -67925.58838689682, -67925.58838632301, -67925.58838877828, -67925.58838630051, -67925.58838712513, -67925.58838636994, -67925.58838701843], "epochs": [98.31494955972671, 102.29028438941371, 124.9943023456577, 121.9943023456577, 122.35194731519621, 93.57393384801323, 119.30261697457021, 112.24095404878771, 122.9943023456577, 90.31494955972671, 115.9943023456577, 110.9943023456577, 109.9203068347187, 100.38894507066573, 95.32728214488321, 107.33961473003971, 110.9696371753447, 88.45060799644823, 123.43827541129173, 109.27795180425721]}