{"time": [22.184108018875122, 11.012556314468384, 10.580081939697266, 9.976194620132446, 22.259576320648193, 22.06536865234375, 22.283777952194214, 22.050966501235962, 22.224107265472412, 22.16055154800415, 22.063878774642944, 21.83091378211975, 11.263275146484375, 22.263232707977295, 22.02549719810486, 22.249022006988525, 22.143799543380737, 22.111934423446655, 22.129677295684814, 22.059546947479248], "LL": [-67925.58839370299, -67925.58839199344, -67925.58839094771, -67925.58839500255, -67925.58839165825, -67925.58838943168, -67925.5883933185, -67925.58839402326, -67925.58839600958, -67925.58839566908, -67925.58839348324, -67925.58839320092, -67925.5883899615, -67925.58839593311, -67925.5883945862, -67925.58839227274, -67925.58839218301, -67925.58839020786, -67925.58839357983, -67925.58839954864], "epochs": [200.32979799225512, 87.32979799225514, 82.31746540709864, 75.39146091803764, 200.41612608835064, 200.30513282194215, 200.37912833288112, 200.34213057741164, 200.32979799225512, 200.37912833288112, 200.36679574772464, 200.39146091803764, 89.31746540709864, 200.37912833288112, 200.31746540709864, 200.40379350319415, 200.34213057741164, 200.32979799225512, 200.35446316256815, 200.36679574772464]}