{"time": [7.105681657791138, 7.2451348304748535, 6.504687309265137, 6.494570970535278, 7.45597243309021, 6.682033538818359, 6.558629751205444, 7.338585376739502, 6.398638725280762, 6.511221647262573, 6.724997282028198, 7.654217004776001, 6.93483567237854, 6.648538827896118, 6.973710775375366, 6.7110278606414795, 6.8945472240448, 7.503216981887817, 6.764650583267212, 6.4303812980651855], "LL": [-67925.58838725767, -67925.5883866459, -67925.5883883741, -67925.58838912932, -67925.58838614025, -67925.58838622364, -67925.58838615348, -67925.58838668701, -67925.5883889678, -67925.58838645424, -67925.58838648148, -67925.58838623865, -67925.58838603966, -67925.58838625679, -67925.58838628218, -67925.58838620002, -67925.58838671874, -67925.58838623368, -67925.58838770272, -67925.58838618969], "epochs": [49.26813506647264, 51.24346989615963, 43.24346989615963, 42.29280023678564, 54.25580248131614, 46.25580248131614, 44.24346989615963, 52.25580248131614, 42.26813506647264, 44.24346989615963, 46.25580248131614, 55.26813506647264, 47.26813506647264, 45.26813506647264, 48.24346989615963, 45.26813506647264, 47.25580248131614, 52.24346989615963, 46.25580248131614, 42.24346989615963]}