{"time": [20.593645572662354, 20.48601770401001, 20.501795053482056, 20.642232418060303, 20.524457693099976, 20.572599172592163, 20.53514051437378, 20.610323667526245, 20.608222246170044, 20.567264080047607, 20.529160976409912, 20.606322526931763, 20.583352088928223, 20.604873180389404, 20.640745878219604, 20.551368713378906, 20.718820571899414, 20.793118000030518, 20.673760652542114, 20.700783491134644], "LL": [-67925.58839664454, -67925.58839664454, -67925.58839664454, -67925.58839664454, -67925.58839664454, -67925.58839664454, -67925.58839664454, -67925.58839664454, -67925.58839664454, -67925.58839664454, -67925.58839664454, -67925.58839664454, -67925.58839664454, -67925.58839664454, -67925.58839664454, -67925.58839664454, -67925.58839664454, -67925.58839664454, -67925.58839664454, -67925.58839664454], "epochs": [200.0, 200.0, 200.0, 200.0, 200.0, 200.0, 200.0, 200.0, 200.0, 200.0, 200.0, 200.0, 200.0, 200.0, 200.0, 200.0, 200.0, 200.0, 200.0, 200.0]}