{"time": [17.176288604736328, 17.206555604934692, 17.154751777648926, 17.23308563232422, 17.236353158950806, 17.10218334197998, 17.137142419815063, 17.23756742477417, 17.104432344436646, 17.199130296707153, 17.220738410949707, 17.306371450424194, 17.231054544448853, 17.17844533920288, 17.16743564605713, 17.05309748649597, 17.13469171524048, 17.218864917755127, 16.988269090652466, 17.124104022979736], "LL": [-67925.58838743386, -67925.58838743386, -67925.58838743386, -67925.58838743386, -67925.58838743386, -67925.58838743386, -67925.58838743386, -67925.58838743386, -67925.58838743386, -67925.58838743386, -67925.58838743386, -67925.58838743386, -67925.58838743386, -67925.58838743386, -67925.58838743386, -67925.58838743386, -67925.58838743386, -67925.58838743386, -67925.58838743386, -67925.58838743386], "epochs": [151.0, 151.0, 151.0, 151.0, 151.0, 151.0, 151.0, 151.0, 151.0, 151.0, 151.0, 151.0, 151.0, 151.0, 151.0, 151.0, 151.0, 151.0, 151.0, 151.0]}