{"time": [1.0539875030517578, 1.01265287399292, 1.0153007507324219, 1.0292224884033203, 1.0109827518463135, 1.0320088863372803, 1.029358148574829, 1.0357697010040283, 1.0167906284332275, 1.0141410827636719, 1.0357961654663086, 1.0250003337860107, 1.04250168800354, 1.0302367210388184, 1.0337762832641602, 1.054311990737915, 1.0298590660095215, 1.0245287418365479, 1.0346455574035645, 1.0375468730926514], "LL": [-67925.58838598676, -67925.58838598676, -67925.58838598676, -67925.58838598676, -67925.58838598676, -67925.58838598676, -67925.58838598676, -67925.58838598676, -67925.58838598676, -67925.58838598676, -67925.58838598676, -67925.58838598676, -67925.58838598676, -67925.58838598676, -67925.58838598676, -67925.58838598676, -67925.58838598676, -67925.58838598676, -67925.58838598676, -67925.58838598676], "epochs": [8.0, 8.0, 8.0, 8.0, 8.0, 8.0, 8.0, 8.0, 8.0, 8.0, 8.0, 8.0, 8.0, 8.0, 8.0, 8.0, 8.0, 8.0, 8.0, 8.0]}