{"time": [22.75259280204773, 22.671101570129395, 22.7214298248291, 22.705543279647827, 22.73615264892578, 22.760947942733765, 22.707930088043213, 22.749898195266724, 22.790360689163208, 22.812079906463623, 22.686495304107666, 22.727455854415894, 22.789227724075317, 22.88395380973816, 22.74186134338379, 22.837617874145508, 22.77184534072876, 22.769152641296387, 22.756404399871826, 22.819838762283325], "LL": [-67925.58839793273, -67925.58839793273, -67925.58839793273, -67925.58839793273, -67925.58839793273, -67925.58839793273, -67925.58839793273, -67925.58839793273, -67925.58839793273, -67925.58839793273, -67925.58839793273, -67925.58839793273, -67925.58839793273, -67925.58839793273, -67925.58839793273, -67925.58839793273, -67925.58839793273, -67925.58839793273, -67925.58839793273, -67925.58839793273], "epochs": [200.0, 200.0, 200.0, 200.0, 200.0, 200.0, 200.0, 200.0, 200.0, 200.0, 200.0, 200.0, 200.0, 200.0, 200.0, 200.0, 200.0, 200.0, 200.0, 200.0]}