{"time": [3.3390777111053467, 2.7719619274139404, 2.8017919063568115, 2.755505084991455, 2.736438035964966, 2.739577054977417, 2.7426342964172363, 2.762834072113037, 2.7651543617248535, 2.7723495960235596, 2.7557382583618164, 2.7405378818511963, 2.7383601665496826, 2.7339353561401367, 2.720130205154419, 2.6756229400634766, 2.7014241218566895, 2.7649645805358887, 2.7285914421081543, 2.7026407718658447], "LL": [-45585.28287078431, -45585.28287078431, -45585.28287078431, -45585.28287078431, -45585.28287078431, -45585.28287078431, -45585.28287078431, -45585.28287078431, -45585.28287078431, -45585.28287078431, -45585.28287078431, -45585.28287078431, -45585.28287078431, -45585.28287078431, -45585.28287078431, -45585.28287078431, -45585.28287078431, -45585.28287078431, -45585.28287078431, -45585.28287078431], "epochs": [114, 114, 114, 114, 114, 114, 114, 114, 114, 114, 114, 114, 114, 114, 114, 114, 114, 114, 114, 114]}