{"time": [1.33953857421875, 0.809333324432373, 0.7543072700500488, 1.298570156097412, 0.7651059627532959, 0.730104923248291, 0.7229962348937988, 0.7362229824066162, 0.7467207908630371, 0.7317667007446289, 0.7373340129852295, 0.745305061340332, 0.7282323837280273, 0.7699358463287354, 0.7304296493530273, 0.7275786399841309, 0.7373862266540527, 0.7434203624725342, 0.7323486804962158, 0.7420108318328857], "LL": [-45585.281445696884, -45585.281445696884, -45585.281445696884, -45585.281445696884, -45585.281445696884, -45585.281445696884, -45585.281445696884, -45585.281445696884, -45585.281445696884, -45585.281445696884, -45585.281445696884, -45585.281445696884, -45585.281445696884, -45585.281445696884, -45585.281445696884, -45585.281445696884, -45585.281445696884, -45585.281445696884, -45585.281445696884, -45585.281445696884], "epochs": [29, 29, 29, 29, 29, 29, 29, 29, 29, 29, 29, 29, 29, 29, 29, 29, 29, 29, 29, 29]}