{"time": [87.06178832054138, 87.13728594779968, 87.4263551235199, 88.06003165245056, 87.26458501815796, 87.272469997406, 86.77257084846497, 87.18877577781677, 87.42079186439514, 86.79772400856018, 87.20274114608765, 87.75081896781921, 87.94825077056885, 87.50048851966858, 87.37252759933472, 88.28807997703552, 87.83495163917542, 87.38506388664246, 87.07391786575317, 87.52427506446838], "LL": [45892.42831699891, 45922.421468829205, 45837.59334538468, 45878.1321969063, 45916.80262835421, 45815.654307748926, 45891.992051608795, 45850.110303967405, 45845.20996937369, 45930.71560908893, 45925.53253723853, 45822.63725330566, 45882.3243748213, 45924.05271831836, 45931.01403845429, 45816.14981491262, 45872.734101563285, 45783.823908656785, 45915.14919051262, 45820.136892450384], "epochs": [1000.5380710659898, 1000.5928495782055, 1000.519811561918, 1000.5380710659898, 1000.4832925537743, 1000.8667421392835, 1000.5563305700617, 1000.519811561918, 1000.5015520578461, 1000.5015520578461, 1000.5015520578461, 1000.5380710659898, 1000.519811561918, 1000.5015520578461, 1000.4650330497024, 1000.4832925537743, 1000.5015520578461, 1000.4832925537743, 1000.6111090822774, 1000.5928495782055]}