{"time": [4.57286262512207, 5.295933246612549, 4.6230995655059814, 4.961474180221558, 4.677859783172607, 5.00061297416687, 4.404485464096069, 4.36644434928894, 5.0341925621032715, 4.981123685836792, 4.706966876983643, 4.652473449707031, 5.090235948562622, 4.9443519115448, 4.49767804145813, 4.860684633255005, 4.618716716766357, 4.809860467910767, 4.5687596797943115, 4.89974045753479], "LL": [45585.2814462648, 45585.28144575164, 45585.2814461217, 45585.281445696615, 45585.28144582247, 45585.281445718545, 45585.281446968016, 45585.28144617713, 45585.28144663256, 45585.28144595639, 45585.28144748794, 45585.28144623234, 45585.28144575352, 45585.2814463938, 45585.28144598611, 45585.281445754445, 45585.28144775407, 45585.28144582028, 45585.28144809821, 45585.281445899054], "epochs": [28.50155205784611, 34.519811561917976, 28.46503304970237, 30.611109082277324, 28.50155205784611, 32.48329255377424, 26.51981156191798, 26.46503304970237, 32.50155205784611, 31.51981156191798, 30.50155205784611, 28.556330570061718, 33.48329255377424, 32.48329255377424, 27.50155205784611, 30.50155205784611, 29.538071065989847, 31.46503304970237, 28.51981156191798, 32.50155205784611]}