{"time": [2.938356637954712, 2.598951816558838, 2.581418991088867, 2.6495063304901123, 2.800408363342285, 2.5949034690856934, 2.7656118869781494, 2.7849838733673096, 2.6723997592926025, 2.735750913619995, 2.6919286251068115, 2.8352577686309814, 2.9794232845306396, 2.786500930786133, 2.548792600631714, 2.9601261615753174, 2.746884822845459, 2.713686227798462, 2.5895771980285645, 2.7755208015441895], "LL": [45585.281447802365, 45585.281445695015, 45585.28144643868, 45585.28144576633, 45585.28144597986, 45585.281447293375, 45585.28144862297, 45585.2814457864, 45585.281446047244, 45585.28144587292, 45585.28144586408, 45585.28144567008, 45585.28144568417, 45585.28144700171, 45585.28144608689, 45585.28144586037, 45585.281445824374, 45585.281445941335, 45585.281446171786, 45585.281445888955], "epochs": [14.556330570061718, 12.48329255377424, 11.51981156191798, 12.556330570061718, 13.538071065989847, 12.48329255377424, 13.538071065989847, 13.629368586349194, 12.51981156191798, 13.501552057846109, 13.501552057846109, 14.501552057846109, 14.556330570061718, 13.538071065989847, 12.46503304970237, 15.51981156191798, 13.501552057846109, 13.556330570061718, 12.501552057846109, 13.556330570061718]}