{"time": [4.091052293777466, 3.9714953899383545, 4.032604932785034, 4.23402738571167, 4.247672080993652, 4.012418031692505, 4.295818090438843, 4.181689023971558, 3.8559987545013428, 3.9769797325134277, 3.9575235843658447, 4.1663079261779785, 3.934753894805908, 4.094415903091431, 4.1667985916137695, 3.8736677169799805, 4.113230466842651, 4.103607177734375, 4.093892574310303, 4.159356117248535], "LL": [-45585.28144567143, -45585.28144580064, -45585.28144566753, -45585.28144566855, -45585.28144566506, -45585.28144573145, -45585.2814456668, -45585.28144575521, -45585.28144618208, -45585.28144569685, -45585.28144567464, -45585.28144571146, -45585.28144567172, -45585.281445761524, -45585.28144566526, -45585.28144572303, -45585.28144571958, -45585.28144575382, -45585.28144586702, -45585.28144578563], "epochs": [19.611109082277324, 18.629368586349194, 19.57459007413359, 20.538071065989847, 21.556330570061718, 20.556330570061718, 22.538071065989847, 20.611109082277324, 18.556330570061718, 19.538071065989847, 19.538071065989847, 20.538071065989847, 19.538071065989847, 20.556330570061718, 21.538071065989847, 17.592849578205456, 20.538071065989847, 20.556330570061718, 20.57459007413359, 20.57459007413359]}