{"time": [4.018300771713257, 3.9563207626342773, 3.987640619277954, 3.9618616104125977, 3.9829587936401367, 3.982619285583496, 3.941594362258911, 3.979395866394043, 3.9745142459869385, 3.972843885421753, 3.8822989463806152, 3.9413719177246094, 3.8287007808685303, 3.871054172515869, 3.855937957763672, 3.980257749557495, 3.9659857749938965, 3.9608681201934814, 3.9605700969696045, 3.9490528106689453], "LL": [-45585.281445674314, -45585.281445674314, -45585.281445674314, -45585.281445674314, -45585.281445674314, -45585.281445674314, -45585.281445674314, -45585.281445674314, -45585.281445674314, -45585.281445674314, -45585.281445674314, -45585.281445674314, -45585.281445674314, -45585.281445674314, -45585.281445674314, -45585.281445674314, -45585.281445674314, -45585.281445674314, -45585.281445674314, -45585.281445674314], "epochs": [26.0, 26.0, 26.0, 26.0, 26.0, 26.0, 26.0, 26.0, 26.0, 26.0, 26.0, 26.0, 26.0, 26.0, 26.0, 26.0, 26.0, 26.0, 26.0, 26.0]}