{"time": [1.9580881595611572, 1.957136631011963, 1.9418728351593018, 1.9489753246307373, 1.9127554893493652, 1.9281234741210938, 1.931044340133667, 1.9498636722564697, 1.9415192604064941, 1.9396085739135742, 1.9468626976013184, 1.9239976406097412, 1.9301912784576416, 1.9237959384918213, 1.9538488388061523, 1.9261128902435303, 1.924839973449707, 1.9310827255249023, 1.9161913394927979, 1.9259247779846191], "LL": [45585.28144814976, 45585.28144814976, 45585.28144814976, 45585.28144814976, 45585.28144814976, 45585.28144814976, 45585.28144814976, 45585.28144814976, 45585.28144814976, 45585.28144814976, 45585.28144814976, 45585.28144814976, 45585.28144814976, 45585.28144814976, 45585.28144814976, 45585.28144814976, 45585.28144814976, 45585.28144814976, 45585.28144814976, 45585.28144814976], "epochs": [15.0, 15.0, 15.0, 15.0, 15.0, 15.0, 15.0, 15.0, 15.0, 15.0, 15.0, 15.0, 15.0, 15.0, 15.0, 15.0, 15.0, 15.0, 15.0, 15.0]}