{"time": [12.48727536201477, 12.394609689712524, 11.833246946334839, 13.57693886756897, 11.752361297607422, 12.688171625137329, 13.291127920150757, 12.678292751312256, 12.731166124343872, 12.837768077850342, 11.602351188659668, 13.05129861831665, 13.005268573760986, 13.678178548812866, 13.120421886444092, 10.77582836151123, 14.331617593765259, 14.217395782470703, 13.786306619644165, 12.811105012893677], "LL": [-45585.28144597797, -45585.281445758184, -45585.28144735892, -45585.28144606774, -45585.28144627075, -45585.281447116824, -45585.28144588067, -45585.281446319656, -45585.28144600946, -45585.28144654089, -45585.281446209156, -45585.28144601994, -45585.28144644699, -45585.28144738459, -45585.28144579572, -45585.281446405315, -45585.28144570238, -45585.28144645364, -45585.28144805401, -45585.28144654458], "epochs": [121.68414709856481, 122.53807106598984, 114.64762809042107, 136.55633057006173, 113.92152065149911, 126.59284957820546, 134.55633057006173, 126.59284957820546, 125.72066610670853, 125.59284957820546, 113.53807106598984, 127.61110908227732, 127.53807106598984, 135.51981156191798, 124.72066610670853, 100.62936858634919, 133.66588759449292, 133.5745900741336, 129.81196362706788, 116.72066610670853]}