{"time": [5.075100660324097, 5.104233741760254, 4.668975114822388, 4.352240562438965, 4.642123460769653, 5.489772319793701, 5.2141032218933105, 4.839930057525635, 4.984468460083008, 4.784281015396118, 4.593987464904785, 4.652118444442749, 4.648041486740112, 4.691623687744141, 4.629942178726196, 5.164748191833496, 4.783696174621582, 5.079724311828613, 4.839483737945557, 5.4016032218933105], "LL": [-45585.281445758126, -45585.28144717674, -45585.28144618703, -45585.2814459959, -45585.281445918, -45585.28144614051, -45585.28144684402, -45585.281445919434, -45585.28144596944, -45585.28144594826, -45585.28144583089, -45585.281445944325, -45585.28144594447, -45585.28144611752, -45585.28144581177, -45585.281445835455, -45585.281445748165, -45585.28144603632, -45585.281445960216, -45585.28144572269], "epochs": [39.519811561917976, 39.48329255377424, 34.46503304970237, 30.48329255377424, 34.50155205784611, 44.48329255377424, 41.46503304970237, 36.48329255377424, 38.48329255377424, 35.48329255377424, 33.46503304970237, 34.46503304970237, 34.50155205784611, 34.48329255377424, 33.519811561917976, 40.48329255377424, 35.519811561917976, 39.48329255377424, 36.519811561917976, 43.50155205784611]}