{"time": [2.1962718963623047, 2.188502550125122, 2.163315534591675, 2.2017431259155273, 2.235785722732544, 2.2071571350097656, 2.186840057373047, 2.2032816410064697, 2.192066192626953, 2.1822900772094727, 2.2260661125183105, 2.2082388401031494, 2.1873209476470947, 2.2343075275421143, 2.248572587966919, 2.191291093826294, 2.2144739627838135, 2.462463855743408, 2.180543899536133, 2.2221174240112305], "LL": [-45585.281445802524, -45585.281445665336, -45585.28144566586, -45585.28144566565, -45585.28144566505, -45585.28144566521, -45585.28144566507, -45585.28144566512, -45585.28144566507, -45585.28144566927, -45585.281445700275, -45585.281445670174, -45585.28144566503, -45585.281445690016, -45585.28144567102, -45585.28144566795, -45585.281445665394, -45585.28144568713, -45585.281445666515, -45585.28144566528], "epochs": [5.46503304970237, 5.483292553774239, 5.46503304970237, 5.483292553774239, 5.574590074133587, 5.483292553774239, 5.483292553774239, 5.483292553774239, 5.46503304970237, 5.46503304970237, 5.483292553774239, 5.483292553774239, 5.483292553774239, 5.556330570061718, 5.538071065989848, 5.46503304970237, 5.483292553774239, 5.46503304970237, 5.483292553774239, 5.483292553774239]}