{"time": [1.669710397720337, 1.667128086090088, 1.6616945266723633, 1.6503827571868896, 1.6689393520355225, 1.647014856338501, 1.6873176097869873, 1.6695668697357178, 1.6717655658721924, 1.6291511058807373, 1.629870891571045, 1.6859116554260254, 1.6793689727783203, 1.6694459915161133, 1.6347379684448242, 1.6756622791290283, 1.6615383625030518, 1.6722898483276367, 1.6600658893585205, 1.6648895740509033], "LL": [45585.281445665045, 45585.28144567063, 45585.28144566506, 45585.28144567105, 45585.281445707595, 45585.28144566576, 45585.28144566809, 45585.28144566541, 45585.28144566522, 45585.2814456652, 45585.28144566809, 45585.28144566548, 45585.281445666864, 45585.281445665045, 45585.28144576531, 45585.28144566512, 45585.28144566575, 45585.2814456717, 45585.28144566579, 45585.2814456663], "epochs": [5.501552057846109, 5.501552057846109, 5.501552057846109, 5.483292553774239, 5.501552057846109, 5.501552057846109, 5.519811561917979, 5.501552057846109, 5.501552057846109, 5.46503304970237, 5.483292553774239, 5.501552057846109, 5.538071065989848, 5.501552057846109, 5.46503304970237, 5.501552057846109, 5.501552057846109, 5.501552057846109, 5.519811561917979, 5.519811561917979]}