{"time": [14.562947750091553, 14.274646043777466, 14.343503713607788, 14.325241565704346, 14.447388887405396, 14.475548505783081, 14.460563898086548, 14.43065333366394, 14.44306468963623, 14.433964014053345, 14.508693933486938, 14.54384970664978, 14.476494073867798, 14.474968194961548, 14.438936233520508, 14.506533145904541, 14.565009117126465, 14.460399866104126, 14.434733867645264, 14.455270051956177], "LL": [-45585.28144589134, -45585.28144589134, -45585.28144589134, -45585.28144589134, -45585.28144589134, -45585.28144589134, -45585.28144589134, -45585.28144589134, -45585.28144589134, -45585.28144589134, -45585.28144589134, -45585.28144589134, -45585.28144589134, -45585.28144589134, -45585.28144589134, -45585.28144589134, -45585.28144589134, -45585.28144589134, -45585.28144589134, -45585.28144589134], "epochs": [148.0, 148.0, 148.0, 148.0, 148.0, 148.0, 148.0, 148.0, 148.0, 148.0, 148.0, 148.0, 148.0, 148.0, 148.0, 148.0, 148.0, 148.0, 148.0, 148.0]}