{"time": [14.538092613220215, 14.569505214691162, 14.560818910598755, 14.47468090057373, 14.538106203079224, 14.44959545135498, 14.56535029411316, 14.489895820617676, 14.499191284179688, 14.299835681915283, 14.335680961608887, 14.52428126335144, 14.533172369003296, 14.528090000152588, 14.589954614639282, 14.538573026657104, 14.536372661590576, 14.655161619186401, 14.520941734313965, 14.508851051330566], "LL": [45585.28144595369, 45585.28144595369, 45585.28144595369, 45585.28144595369, 45585.28144595369, 45585.28144595369, 45585.28144595369, 45585.28144595369, 45585.28144595369, 45585.28144595369, 45585.28144595369, 45585.28144595369, 45585.28144595369, 45585.28144595369, 45585.28144595369, 45585.28144595369, 45585.28144595369, 45585.28144595369, 45585.28144595369, 45585.28144595369], "epochs": [152.0, 152.0, 152.0, 152.0, 152.0, 152.0, 152.0, 152.0, 152.0, 152.0, 152.0, 152.0, 152.0, 152.0, 152.0, 152.0, 152.0, 152.0, 152.0, 152.0]}