{"time": [1.0823800563812256, 1.073791265487671, 1.079003095626831, 1.1025562286376953, 1.0746028423309326, 1.0714619159698486, 1.0771398544311523, 1.0662755966186523, 1.0695111751556396, 1.0852174758911133, 1.0531797409057617, 1.0756168365478516, 1.0559604167938232, 1.0676813125610352, 1.0722649097442627, 1.0652885437011719, 1.053300142288208, 1.0615994930267334, 1.0674948692321777, 1.0876216888427734], "LL": [-45585.281445665045, -45585.281445665045, -45585.281445665045, -45585.281445665045, -45585.281445665045, -45585.281445665045, -45585.281445665045, -45585.281445665045, -45585.281445665045, -45585.281445665045, -45585.281445665045, -45585.281445665045, -45585.281445665045, -45585.281445665045, -45585.281445665045, -45585.281445665045, -45585.281445665045, -45585.281445665045, -45585.281445665045, -45585.281445665045], "epochs": [8.0, 8.0, 8.0, 8.0, 8.0, 8.0, 8.0, 8.0, 8.0, 8.0, 8.0, 8.0, 8.0, 8.0, 8.0, 8.0, 8.0, 8.0, 8.0, 8.0]}