{"time": [26275.7973279953, 25077.85542345047, 25090.799711942673, 25078.642508745193, 25053.036272764206, 25062.322355747223], "LL": [-87913.83348120592, -87913.83348120592, -87913.83348120592, -87913.83348120592, -87913.83348120592, -87913.83348120592], "epochs": [11920, 11920, 11920, 11920, 11920, 11920]}