{"time": [3242.4873344898224, 3233.202868938446, 3049.6862568855286, 3159.398784160614, 3150.5243780612946, 3125.2007722854614, 3091.583305835724, 3112.8843042850494, 3131.784696340561, 3096.805302619934, 3118.1037545204163, 3098.949433326721, 3166.3019411563873, 3090.6545610427856, 3133.4264771938324, 3163.130168914795, 3185.2619326114655, 3128.109563589096, 3075.9749040603638, 3045.182546377182], "LL": [-87913.6571207486, -87913.65710956958, -87913.65711005437, -87913.65710874714, -87913.6571080738, -87913.65710973868, -87913.65710910443, -87913.65710891059, -87913.65711045038, -87913.65710842436, -87913.65711121456, -87913.65710867329, -87913.65710793012, -87913.65711482095, -87913.65710979053, -87913.6571100712, -87913.65710869113, -87913.65711006465, -87913.65711203446, -87913.6571124959], "epochs": [219.2841078801722, 228.3016779407889, 216.38952824387243, 229.3016779407889, 230.3016779407889, 229.2841078801722, 225.3016779407889, 229.3016779407889, 230.2841078801722, 227.37195818325574, 228.2841078801722, 227.3016779407889, 234.2841078801722, 224.37195818325574, 231.3368180620223, 233.2841078801722, 234.3368180620223, 229.3192480014056, 224.3016779407889, 223.3016779407889]}