{"time": [2001.8293299674988, 1951.7487449645996, 1940.739356994629, 1882.4315712451935, 1915.4906306266785, 1912.7728261947632, 1856.174860239029, 1934.4165995121002, 1886.7700016498566, 1850.368664264679, 1883.3306765556335, 1877.4671120643616, 1918.0247354507446, 1848.005385875702, 1835.7227172851562, 1840.1163620948792, 1879.7033247947693, 1878.5576763153076, 1796.5018470287323, 1946.6767876148224], "LL": [-87913.65710705753, -87913.65710779953, -87913.65710714563, -87913.65710912127, -87913.65710721852, -87913.65710731006, -87913.65710788709, -87913.65710714713, -87913.65710723556, -87913.65710764207, -87913.65710738783, -87913.65710772699, -87913.65710715904, -87913.65710718937, -87913.65710720478, -87913.65710820464, -87913.6571071549, -87913.65710721893, -87913.65710719545, -87913.65710711066], "epochs": [17.496442062725116, 18.058684002459806, 18.07625406307652, 16.37195818325573, 19.058684002459806, 18.63849600281121, 18.058684002459806, 18.58429236580866, 17.514012123341825, 18.058684002459806, 21.058684002459806, 17.093824123693224, 23.37195818325573, 18.37195818325573, 18.058684002459806, 16.496442062725116, 18.07625406307652, 18.496442062725116, 18.023543881226388, 17.512518668189404]}