{"time": [23134.796714305878, 23982.34357190132, 22038.47600722313, 24394.53659248352, 24213.62019586563, 20651.17397093773, 23456.51290869713], "LL": [-87913.65722129279, -87913.65732750147, -87913.65739476295, -87913.65711677074, -87913.65715182986, -87913.65759768002, -87913.65716001835], "epochs": [31.37195818325573, 33.37195818325573, 30.319248001405604, 33.35438812263902, 33.40709830448915, 28.37195818325573, 32.38952824387244]}