{"time": [3691.804500579834, 3510.774176120758, 3457.646043777466, 3421.7032990455627, 3404.2773094177246, 3403.9025115966797, 3411.578243970871, 3419.392828464508, 3419.1969726085663, 3425.6104328632355, 3416.769784927368, 3396.680636882782, 3397.181896686554, 3420.1324717998505, 3456.289559841156, 3393.0959165096283, 3403.1780819892883, 3394.9311966896057, 3446.643526315689, 3412.7106235027313], "LL": [-87913.65711017605, -87913.65711017605, -87913.65711017605, -87913.65711017605, -87913.65711017605, -87913.65711017605, -87913.65711017605, -87913.65711017605, -87913.65711017605, -87913.65711017605, -87913.65711017605, -87913.65711017605, -87913.65711017605, -87913.65711017605, -87913.65711017605, -87913.65711017605, -87913.65711017605, -87913.65711017605, -87913.65711017605, -87913.65711017605], "epochs": [257.0, 257.0, 257.0, 257.0, 257.0, 257.0, 257.0, 257.0, 257.0, 257.0, 257.0, 257.0, 257.0, 257.0, 257.0, 257.0, 257.0, 257.0, 257.0, 257.0]}