{"time": [7994.366002321243, 7603.405766963959, 7379.185825586319, 7354.531064987183, 7355.936851739883, 7388.328259944916, 7391.624054670334, 7356.216648340225, 7352.790870189667, 7362.918087482452, 7373.816430091858, 7380.737740516663, 7367.142568588257, 7405.3498685359955, 7356.096353769302, 7347.195982456207, 7381.62030673027, 7373.476764678955, 7352.77218079567, 7345.9325749874115], "LL": [-93150.68560207119, -93150.68560207119, -93150.68560207119, -93150.68560207119, -93150.68560207119, -93150.68560207119, -93150.68560207119, -93150.68560207119, -93150.68560207119, -93150.68560207119, -93150.68560207119, -93150.68560207119, -93150.68560207119, -93150.68560207119, -93150.68560207119, -93150.68560207119, -93150.68560207119, -93150.68560207119, -93150.68560207119, -93150.68560207119], "epochs": [1000.0, 1000.0, 1000.0, 1000.0, 1000.0, 1000.0, 1000.0, 1000.0, 1000.0, 1000.0, 1000.0, 1000.0, 1000.0, 1000.0, 1000.0, 1000.0, 1000.0, 1000.0, 1000.0, 1000.0]}