{"time": [27716.263196229935, 27117.171974420547, 27325.30837416649, 27277.874792575836, 27400.609377622604, 27162.92029929161], "LL": [-87913.6571802124, -87913.6571802124, -87913.6571802124, -87913.6571802124, -87913.6571802124, -87913.6571802124], "epochs": [37.0, 37.0, 37.0, 37.0, 37.0, 37.0]}