{"time": [7793.583434343338, 8958.7011282444, 8290.783768177032, 8220.518137693405, 8426.980333805084, 8532.78232216835, 8923.744814395905, 10246.252742290497, 7536.469099998474, 8913.230824708939, 6538.356691837311, 7548.425766706467, 8295.709976911545, 8978.42210483551, 8902.00379037857, 7475.264251232147, 7188.223968029022, 9041.307165622711, 8121.997310638428, 8929.974924564362], "LL": [-87913.65723786906, -87913.65714609691, -87913.65718800861, -87913.65722875501, -87913.65719881006, -87913.65716806438, -87913.65719654992, -87913.65712877866, -87913.65725383464, -87913.65714420174, -87913.6571616411, -87913.65740422806, -87913.65719761842, -87913.65719113918, -87913.65725981686, -87913.65719021451, -87913.65713788966, -87913.65712968627, -87913.65718941724, -87913.65712615452], "epochs": [9.512518668189404, 11.494948607572695, 10.63550909250637, 10.459808486339277, 10.705789334973206, 10.899060001757006, 11.442238425722568, 13.058684002459808, 9.38952824387244, 11.530088728806113, 8.03962048669068, 9.477378546955986, 10.58279891065624, 11.40709830448915, 11.40709830448915, 9.565228850039531, 8.899060001757006, 11.617939031889659, 10.38952824387244, 11.442238425722568]}