{"time": [6727.884202241898, 6579.388336896896, 6470.297455787659, 6827.594027996063, 6497.5534818172455, 6764.822175502777, 6745.671688556671, 6750.646874189377, 6639.277475118637, 6547.154553413391, 6268.520377397537, 6940.52033829689, 6368.742324113846, 6454.944966077805, 6523.860785484314, 6533.443510770798, 6742.405119419098, 6563.284292221069, 6604.98602604866, 6423.016246080399], "LL": [-87913.6574497621, -87913.65776825625, -87913.65731252635, -87913.65730665295, -87913.65734701202, -87913.65722221379, -87913.65732278393, -87913.65748846397, -87913.65744734561, -87913.65754105606, -87913.65736834325, -87913.65737299257, -87913.6573457494, -87913.65746635497, -87913.65783467378, -87913.65726753279, -87913.65750112566, -87913.65730404001, -87913.65732282218, -87913.65763871977], "epochs": [727.4246683651058, 733.4070983044892, 736.3192480014056, 780.4246683651058, 724.4598084863393, 781.3719581832557, 759.4422384257225, 739.6882192743565, 752.4070983044892, 744.4070983044892, 696.4422384257225, 748.8463498199069, 724.3719581832557, 729.4246683651058, 738.4246683651058, 740.3895282438724, 742.6706492137398, 741.4246683651058, 721.6530791531231, 736.3192480014056]}