{"time": [8562.248278617859, 8018.121633052826, 7968.664504528046, 7913.805703639984, 7971.8832924366, 7903.14432144165, 7929.400406122208, 7940.989284276962, 7934.567249059677, 7921.121720314026, 7907.112066745758, 7900.042745351791, 7919.548288106918, 7921.691284418106, 7942.015689134598, 7921.111255407333, 7947.525067090988, 7970.550040006638, 7915.879458904266, 7912.8964829444885], "LL": [-88541.88638916217, -88622.79485707488, -88539.15941819873, -88509.54392560963, -88606.54209734967, -88622.22756329551, -88554.47457875742, -88540.97062507622, -88528.78739896666, -88624.68624417314, -88605.12168981327, -88587.5585159406, -88577.18513788137, -88451.95321267782, -88574.89616285654, -88489.61026368296, -88542.29779692457, -88488.2152105062, -88498.97461107973, -88512.7924734316], "epochs": [1000.5652288500396, 1000.5652288500396, 1000.5827989106563, 1000.5652288500396, 1000.5652288500396, 1000.6003689712729, 1000.5652288500396, 1000.5652288500396, 1000.5652288500396, 1000.5652288500396, 1000.5652288500396, 1000.530088728806, 1000.5652288500396, 1000.6003689712729, 1000.5652288500396, 1000.5476587894228, 1000.6003689712729, 1000.5652288500396, 1000.5652288500396, 1000.4246683651058]}