{"time": [6415.690020561218, 7034.706240415573, 6643.935030937195, 6478.902247428894, 6858.374016284943, 6961.8568234443665, 6907.517601490021, 6595.541730880737, 7496.707404136658, 5550.09050321579, 5537.105551481247, 6845.244653701782, 6772.932449102402, 6718.848951339722, 5870.100995540619, 6569.015140295029, 6019.750193595886, 6840.768477201462, 6954.996079206467, 6754.277191877365], "LL": [-87913.65742340825, -87913.65744887672, -87913.65746016218, -87913.65720245452, -87913.65730857769, -87913.65768149968, -87913.65749095814, -87913.65764958036, -87913.65737521028, -87913.65728982007, -87913.65730470506, -87913.65739511713, -87913.65736761315, -87913.65736746464, -87913.65747049738, -87913.6573632931, -87913.65764178333, -87913.65735278458, -87913.65755630202, -87913.65726833869], "epochs": [589.6003689712729, 700.4949486075727, 611.9869103048405, 642.6003689712729, 710.4949486075727, 733.4070983044892, 708.5476587894228, 674.4773785469561, 778.6179390318896, 507.63550909250637, 510.6003689712729, 674.7936396380568, 681.6706492137398, 679.5652288500396, 586.3719581832557, 676.4422384257225, 584.5652288500396, 705.4949486075727, 707.6003689712729, 700.4070983044892]}