{"time": [7974.591455698013, 7549.047576904297, 7382.947768449783, 7343.821365356445, 7343.652905702591, 7350.361355543137, 7347.4445559978485, 7377.45059800148, 7356.728359460831, 7341.907355546951, 7347.083407878876, 7354.318430185318, 7341.263491868973, 7327.927976608276, 7389.121202468872, 7342.573575019836, 7364.163717746735, 7387.137397289276, 7344.79669713974, 7364.01438331604], "LL": [-88718.49741952728, -88759.7649328277, -88709.65754446639, -88723.9004925602, -88704.36623424414, -88797.05063626495, -88775.27081154699, -88707.57396647536, -88685.60938020225, -88708.06195603474, -88685.19770656139, -88726.91200637269, -88734.0679447007, -88762.62991163765, -88782.85883260351, -88716.3024079063, -88641.50936724052, -88794.15721169123, -88730.85037639554, -88798.13045932601], "epochs": [1000.5652288500396, 1000.5652288500396, 1000.4949486075727, 1000.4598084863393, 1000.530088728806, 1000.530088728806, 1000.4598084863393, 1000.5652288500396, 1000.530088728806, 1000.4949486075727, 1000.4598084863393, 1000.530088728806, 1000.4949486075727, 1000.530088728806, 1000.6003689712729, 1000.5652288500396, 1000.4598084863393, 1000.4598084863393, 1000.4598084863393, 1000.4598084863393]}