{"time": [9033.905832529068, 8142.310156345367, 8147.775874614716, 8965.615111589432, 10238.419867038727, 8922.315281867981, 8737.571268081665, 7427.184961080551, 8224.448452711105, 7448.058305263519, 9756.740558862686, 8878.086260557175, 8667.388064861298, 9573.10674905777, 8897.176232099533, 8752.049030065536, 8857.95154595375, 10183.770463466644, 9393.250420570374], "LL": [-87913.65714643676, -87913.65715473452, -87913.65726077216, -87913.65712840651, -87913.65711475519, -87913.6571380595, -87913.65720999271, -87913.65738343593, -87913.65728500107, -87913.6572274041, -87913.6571460536, -87913.65712408409, -87913.65717316237, -87913.65714080381, -87913.65716634282, -87913.65720452834, -87913.65716676011, -87913.65713929318, -87913.65716976074], "epochs": [11.477378546955986, 10.40709830448915, 10.38952824387244, 11.547658789422822, 13.336818062022314, 11.547658789422822, 11.336818062022314, 9.40709830448915, 10.530088728806113, 9.459808486339277, 12.742422911359043, 11.530088728806113, 11.180180971624353, 12.40709830448915, 11.336818062022314, 11.354388122639023, 11.459808486339277, 13.268031274707898, 12.336818062022314]}