{"time": [8008.6282250881195, 7572.980100393295, 7393.736789703369, 7385.957925319672, 7399.512438058853, 7375.97330904007, 7360.526398897171, 7445.534316301346, 7386.542960882187, 7402.008020401001, 7368.058287143707, 7384.299472570419, 7385.738073587418, 7386.2108743190765, 7380.060312747955, 7391.066890954971, 7372.831284284592, 7406.360882997513, 7394.899703741074, 7369.388934612274], "LL": [-88758.78057738359, -88758.78057738359, -88758.78057738359, -88758.78057738359, -88758.78057738359, -88758.78057738359, -88758.78057738359, -88758.78057738359, -88758.78057738359, -88758.78057738359, -88758.78057738359, -88758.78057738359, -88758.78057738359, -88758.78057738359, -88758.78057738359, -88758.78057738359, -88758.78057738359, -88758.78057738359, -88758.78057738359, -88758.78057738359], "epochs": [1000.0, 1000.0, 1000.0, 1000.0, 1000.0, 1000.0, 1000.0, 1000.0, 1000.0, 1000.0, 1000.0, 1000.0, 1000.0, 1000.0, 1000.0, 1000.0, 1000.0, 1000.0, 1000.0, 1000.0]}