{"time": [8533.930853843689, 8100.800655603409, 7956.138266086578, 7936.044043064117, 7960.614643335342, 7937.863331794739, 7911.317460536957, 7938.411083221436, 7933.206480979919, 7969.807489156723, 7963.10560131073, 7907.0456647872925, 7896.332378864288, 7920.295705795288, 7939.005788803101, 7969.993047952652, 7946.399906396866, 7962.192028045654, 7965.68142747879, 7956.374345064163], "LL": [-88604.3125480589, -88604.3125480589, -88604.3125480589, -88604.3125480589, -88604.3125480589, -88604.3125480589, -88604.3125480589, -88604.3125480589, -88604.3125480589, -88604.3125480589, -88604.3125480589, -88604.3125480589, -88604.3125480589, -88604.3125480589, -88604.3125480589, -88604.3125480589, -88604.3125480589, -88604.3125480589, -88604.3125480589, -88604.3125480589], "epochs": [1000.0, 1000.0, 1000.0, 1000.0, 1000.0, 1000.0, 1000.0, 1000.0, 1000.0, 1000.0, 1000.0, 1000.0, 1000.0, 1000.0, 1000.0, 1000.0, 1000.0, 1000.0, 1000.0, 1000.0]}