{"time": [11456.996193170547, 11204.595511674881, 11216.515410423279, 11116.254682302475, 11217.904807567596, 11120.86383342743, 11244.925200462341, 11075.850806236267, 11153.93427681923, 11261.769965171814, 11104.202192544937, 11175.642684221268, 11110.780803203583, 11128.201115369797, 11153.217004776001], "LL": [-87913.65714465544, -87913.65714465544, -87913.65714465544, -87913.65714465544, -87913.65714465544, -87913.65714465544, -87913.65714465544, -87913.65714465544, -87913.65714465544, -87913.65714465544, -87913.65714465544, -87913.65714465544, -87913.65714465544, -87913.65714465544, -87913.65714465544], "epochs": [14.0, 14.0, 14.0, 14.0, 14.0, 14.0, 14.0, 14.0, 14.0, 14.0, 14.0, 14.0, 14.0, 14.0, 14.0]}