{"time": [17.580116987228394, 14.782769680023193, 14.96334719657898, 14.750503301620483, 14.6579749584198, 14.755913496017456, 15.183366775512695, 14.769792318344116, 14.757137537002563, 14.947880983352661, 14.950294733047485], "LL": [-37281.76608342323, -37281.76608342323, -37281.76608342323, -37281.76608342323, -37281.76608342323, -37281.76608342323, -37281.76608342323, -37281.76608342323, -37281.76608342323, -37281.76608342323, -37281.76608342323], "epochs": [71, 71, 71, 71, 71, 71, 71, 71, 71, 71, 71]}