{"time": [122.71986699104309, 120.06251406669617, 119.8031644821167, 120.09406042098999, 120.09177899360657, 120.35288000106812, 120.09439539909363, 119.87915873527527, 119.95193147659302, 120.08199286460876, 120.06277346611023, 119.91131234169006, 119.77256107330322, 119.82269144058228, 120.5446572303772, 119.62331104278564, 119.51113438606262, 119.8456768989563, 119.67145490646362, 119.89408302307129], "LL": [-37281.7783115481, -37281.7783115481, -37281.7783115481, -37281.7783115481, -37281.7783115481, -37281.7783115481, -37281.7783115481, -37281.7783115481, -37281.7783115481, -37281.7783115481, -37281.7783115481, -37281.7783115481, -37281.7783115481, -37281.7783115481, -37281.7783115481, -37281.7783115481, -37281.7783115481, -37281.7783115481, -37281.7783115481, -37281.7783115481], "epochs": [809, 809, 809, 809, 809, 809, 809, 809, 809, 809, 809, 809, 809, 809, 809, 809, 809, 809, 809, 809]}