{"time": [100.1640477180481, 84.02850437164307, 89.84413647651672, 89.87571167945862, 104.31633853912354, 97.91188526153564, 100.27900862693787, 105.57212615013123, 89.63412714004517, 94.68510580062866, 93.12867879867554, 90.4725730419159, 90.43280410766602, 95.58554244041443, 91.41239643096924, 97.02697896957397, 91.04070043563843, 91.95132398605347, 80.37584829330444, 94.86993074417114], "LL": [37281.76608708388, 37281.7660971828, 37281.76609349617, 37281.76608352748, 37281.76608343288, 37281.76608826577, 37281.76608806468, 37281.76608759301, 37281.7661202441, 37281.766122535606, 37281.76610149848, 37281.76608693576, 37281.76608612419, 37281.76609251186, 37281.76609081364, 37281.76608861161, 37281.76608362003, 37281.766091702455, 37281.76609085312, 37281.766085099625], "epochs": [19.57459007413359, 16.556330570061718, 17.738925610780413, 17.647628090421065, 20.592849578205456, 19.140634700361538, 19.629368586349194, 20.77544461892415, 17.592849578205456, 18.538071065989847, 18.538071065989847, 17.665887594492933, 17.556330570061718, 18.70240660263667, 17.866742139283495, 18.976299163714714, 17.592849578205456, 17.556330570061718, 15.538071065989847, 18.592849578205456]}