{"time": [56.094314098358154, 58.624659061431885, 57.62734031677246, 57.35438060760498, 57.38464951515198, 57.23762607574463, 57.05073881149292, 58.684585094451904, 58.630654096603394, 56.82477879524231, 59.019354820251465, 59.08668375015259, 60.02808737754822, 59.3646342754364, 56.6729199886322, 58.3333683013916, 57.94212341308594, 53.046178579330444, 54.745991468429565, 56.701717138290405], "LL": [-37281.76608331238, -37281.76608323186, -37281.766084305236, -37281.76608324505, -37281.76608329941, -37281.76608323442, -37281.76608333568, -37281.76608330601, -37281.76608322795, -37281.76608354416, -37281.766083672206, -37281.7660833751, -37281.766083562194, -37281.766083225186, -37281.76608325956, -37281.76608322798, -37281.76608350629, -37281.76608341043, -37281.766083273236, -37281.766083556795], "epochs": [58.885001643355366, 64.06759668407406, 60.81196362706789, 62.73892561078041, 62.70240660263667, 61.79370412299602, 62.70240660263667, 63.83022313113976, 63.73892561078041, 60.75718511485228, 63.79370412299602, 64.06759668407406, 64.90326114742723, 64.75718511485228, 59.866742139283495, 63.81196362706789, 62.77544461892415, 54.90326114742724, 57.67016031844575, 61.866742139283495]}