{"time": [86.48986864089966, 85.94936728477478, 85.94756293296814, 86.26257514953613, 86.06687331199646, 86.09033155441284, 86.08330130577087, 86.17599606513977, 86.05035185813904, 86.15193152427673, 86.0326817035675, 86.14950323104858, 85.92565584182739, 86.16515707969666, 86.23682188987732, 86.09725022315979, 85.94590973854065, 85.79116773605347, 85.93171381950378, 85.9660861492157], "LL": [37281.76608473553, 37281.76608473553, 37281.76608473553, 37281.76608473553, 37281.76608473553, 37281.76608473553, 37281.76608473553, 37281.76608473553, 37281.76608473553, 37281.76608473553, 37281.76608473553, 37281.76608473553, 37281.76608473553, 37281.76608473553, 37281.76608473553, 37281.76608473553, 37281.76608473553, 37281.76608473553, 37281.76608473553, 37281.76608473553], "epochs": [102.0, 102.0, 102.0, 102.0, 102.0, 102.0, 102.0, 102.0, 102.0, 102.0, 102.0, 102.0, 102.0, 102.0, 102.0, 102.0, 102.0, 102.0, 102.0, 102.0]}