{"time": [83.63534092903137, 68.30369067192078, 82.46289682388306, 85.82941961288452, 81.05573034286499, 92.24119162559509, 76.84024620056152, 83.54845690727234, 78.56477093696594, 86.73142385482788, 78.7146327495575, 89.72694659233093, 81.58963632583618, 87.96680021286011, 91.50593614578247, 84.86683249473572, 83.15315318107605, 81.26637578010559, 82.94267320632935, 85.32749533653259], "LL": [37281.76608573262, 37281.76608861827, 37281.76609623805, 37281.766086300115, 37281.766083586765, 37281.7660981266, 37281.7661111847, 37281.76609542551, 37281.76608412265, 37281.766084520015, 37281.76608483398, 37281.766085063864, 37281.76608437118, 37281.76610009594, 37281.76611441661, 37281.76608637542, 37281.766085172516, 37281.7661519306, 37281.76610839527, 37281.76608377934], "epochs": [168.61110908227732, 137.53807106598984, 168.55633057006173, 176.55633057006173, 164.72066610670853, 188.79370412299602, 157.48329255377425, 171.5015520578461, 160.48329255377425, 174.77544461892415, 160.53807106598984, 183.61110908227732, 167.5015520578461, 181.48329255377425, 187.66588759449292, 174.51981156191798, 170.5015520578461, 166.5015520578461, 169.59284957820546, 175.55633057006173]}