{"time": [521.831704378128, 525.615469455719, 525.1403555870056, 525.4157590866089, 525.591222524643, 519.8539650440216, 525.4127490520477, 521.0312266349792, 524.769861459732, 524.7361268997192, 525.3217515945435, 525.4257864952087, 512.0169758796692, 524.7096276283264, 495.6502573490143, 521.3106505870819, 504.91861176490784, 505.75532603263855, 525.3516647815704, 525.1816079616547], "LL": [37281.76616471326, 37281.766276493996, 37281.76617172221, 37281.766196994206, 37281.76676785832, 37281.766156697886, 37281.76636374857, 37281.76615433233, 37281.76637016739, 37281.7662208838, 37281.76621913859, 37281.76635915892, 37281.76616753475, 37281.76622257442, 37281.76616023568, 37281.76615997416, 37281.76616499141, 37281.76616018158, 37281.76620855622, 37281.76637362126], "epochs": [993.6841470985648, 1000.793704122996, 1000.7754446189242, 1000.793704122996, 1000.8302231311397, 990.0493371800022, 1000.7206661067086, 990.9075338713801, 1000.5380710659898, 1000.6293685863492, 1000.6841470985648, 1000.067596684074, 975.1223751962897, 1000.5745900741335, 943.7389256107804, 993.5928495782055, 961.647628090421, 963.6658875944929, 1000.939780155571, 1000.1406347003615]}