{"time": [92.14162874221802, 79.63301134109497, 77.91035723686218, 91.72329139709473, 63.85884213447571, 69.50997757911682, 82.15300345420837, 78.54968190193176, 86.21305561065674, 78.26154661178589, 82.62001657485962, 92.41081738471985, 78.881192445755, 77.27732801437378, 95.31625723838806, 82.37889647483826, 44.10888624191284, 62.8267982006073, 90.0917809009552, 74.85841250419617], "LL": [-37281.76608394088, -37281.76608431949, -37281.76608509124, -37281.76608374169, -37281.76608491987, -37281.76608379523, -37281.76608384758, -37281.76608595251, -37281.766085226576, -37281.76612589566, -37281.76609376862, -37281.766083835355, -37281.76608606206, -37281.766092455866, -37281.766083490584, -37281.766084855466, -37281.76608436921, -37281.766084359064, -37281.76608424739, -37281.76608460918], "epochs": [169.51981156191798, 145.48329255377425, 140.5015520578461, 169.5745900741336, 110.48329255377425, 122.48329255377425, 148.59284957820546, 141.55633057006173, 158.5015520578461, 139.6293685863492, 151.46503304970236, 170.5015520578461, 140.53807106598984, 139.48329255377425, 172.939780155571, 149.55633057006173, 64.77544461892415, 106.55633057006172, 164.53807106598984, 133.46503304970236]}