{"time": [40.26512670516968, 40.253324031829834, 38.242883920669556, 37.862060546875, 34.25948143005371, 33.451311349868774, 39.045624017715454, 33.582611083984375, 38.77203822135925, 39.93302845954895, 38.832613945007324, 39.53963589668274, 38.856831789016724, 39.94235706329346, 38.11531949043274, 39.916327238082886, 39.03839445114136, 39.42378783226013, 39.24402713775635, 37.75208115577698], "LL": [-37281.76608321826, -37281.76608321838, -37281.76608321826, -37281.76608321836, -37281.76608343493, -37281.76608342637, -37281.76608321829, -37281.76608419178, -37281.766083218274, -37281.76608321829, -37281.76608321826, -37281.766083218274, -37281.76608321858, -37281.766083218274, -37281.766083218274, -37281.76608321833, -37281.76608321826, -37281.76608321828, -37281.76608321825, -37281.76608321827], "epochs": [6.6293685863491945, 6.738925610780411, 6.483292553774239, 6.483292553774239, 5.519811561917979, 5.538071065989848, 6.6476280904210645, 5.592849578205456, 6.519811561917979, 6.538071065989848, 6.556330570061718, 6.592849578205456, 6.538071065989848, 6.75718511485228, 6.501552057846109, 6.483292553774239, 6.483292553774239, 6.483292553774239, 6.428514041558632, 6.483292553774239]}