{"time": [467.7103633880615, 509.96848368644714, 515.3975677490234, 517.370126247406, 515.727561712265, 482.4888668060303, 514.6060571670532, 508.65428471565247, 503.67371678352356, 518.5850896835327, 471.38102197647095, 521.6975598335266, 500.23115253448486, 494.79739117622375, 507.9841146469116, 510.9645516872406, 487.27060985565186, 503.60876536369324, 491.0432593822479, 478.1275637149811], "LL": [-37281.76616583548, -37281.766162047774, -37281.76614774762, -37281.76615963586, -37281.766153826065, -37281.76616474731, -37281.76616432509, -37281.76614254691, -37281.766155786325, -37281.76615930273, -37281.766162178115, -37281.76616324426, -37281.7661643139, -37281.76614610131, -37281.76615614353, -37281.76615805571, -37281.766163934226, -37281.76615694047, -37281.76616468299, -37281.766160717445], "epochs": [843.5380710659898, 917.793704122996, 929.6293685863492, 934.7389256107804, 931.7024066026366, 868.4145272614396, 924.8119636270678, 914.9945586677866, 907.7389256107804, 935.0493371800022, 849.7571851148523, 943.7206661067086, 901.7614578388051, 891.4145272614396, 910.6658875944929, 915.8667421392835, 872.8484826352117, 901.9945586677866, 880.1406347003615, 856.0310776759303]}