{"time": [517.4863696098328, 514.9365272521973, 515.6096761226654, 514.666223526001, 515.5323176383972, 515.9554967880249, 515.6807570457458, 515.4117443561554, 515.6192328929901, 515.6206359863281, 516.016523361206, 515.6788792610168, 516.4476838111877, 516.3075766563416, 516.8435571193695, 516.9426717758179, 515.650707244873, 517.391051530838, 516.789225101471, 516.9868950843811], "LL": [-37281.76615426205, -37281.76615426205, -37281.76615426205, -37281.76615426205, -37281.76615426205, -37281.76615426205, -37281.76615426205, -37281.76615426205, -37281.76615426205, -37281.76615426205, -37281.76615426205, -37281.76615426205, -37281.76615426205, -37281.76615426205, -37281.76615426205, -37281.76615426205, -37281.76615426205, -37281.76615426205, -37281.76615426205, -37281.76615426205], "epochs": [935.0, 935.0, 935.0, 935.0, 935.0, 935.0, 935.0, 935.0, 935.0, 935.0, 935.0, 935.0, 935.0, 935.0, 935.0, 935.0, 935.0, 935.0, 935.0, 935.0]}