{"time": [48.84123873710632, 49.99221682548523, 48.63588905334473, 48.45554780960083, 48.003204584121704, 48.027642488479614, 48.373531341552734, 48.3471999168396, 49.26299166679382, 48.139180183410645, 48.118452310562134, 49.47767496109009, 48.73831486701965, 48.672648191452026, 48.67932868003845, 49.16883325576782, 48.52680778503418, 48.52838706970215, 47.994056224823, 49.00373840332031], "LL": [-37281.76608321829, -37281.76608321829, -37281.76608321829, -37281.76608321829, -37281.76608321829, -37281.76608321829, -37281.76608321829, -37281.76608321829, -37281.76608321829, -37281.76608321829, -37281.76608321829, -37281.76608321829, -37281.76608321829, -37281.76608321829, -37281.76608321829, -37281.76608321829, -37281.76608321829, -37281.76608321829, -37281.76608321829, -37281.76608321829], "epochs": [8.0, 8.0, 8.0, 8.0, 8.0, 8.0, 8.0, 8.0, 8.0, 8.0, 8.0, 8.0, 8.0, 8.0, 8.0, 8.0, 8.0, 8.0, 8.0, 8.0]}