{"time": [14181.12214589119, 14101.496206998825, 14135.719209432602, 14112.79732632637, 14149.12428855896, 14141.720640182495, 14109.741599559784, 14104.798840999603, 14131.878692865372, 14150.828237056732], "LL": [-52614.08509300722, -52614.08509300722, -52614.08509300722, -52614.08509300722, -52614.08509300722, -52614.08509300722, -52614.08509300722, -52614.08509300722, -52614.08509300722, -52614.08509300722], "epochs": [1941, 1941, 1941, 1941, 1941, 1941, 1941, 1941, 1941, 1941]}