{"time": [14096.789237260818], "LL": [-52614.08509300722], "epochs": [1941]}