{"time": [23240.88901758194, 21056.617655038834, 23422.763045072556, 21542.460697174072, 23453.430912733078, 22173.50122475624], "LL": [-52614.05802576146, -52614.058029528685, -52614.05803427701, -52614.05802947528, -52614.05802434735, -52614.05802646326], "epochs": [35.490121599289644, 32.46439582665318, 36.08208568680167, 33.27834644698221, 36.226894901709294, 34.10675085711467]}