{"time": [9606.227277755737, 5758.933266878128, 9368.967817306519, 5587.278475761414, 7304.961451053619, 12688.959537029266, 33271.7270526886, 22691.614037036896, 6187.288832426071, 6885.6409747600555, 8805.467008113861, 18898.749929904938], "LL": [-52614.05802630426, -52614.05803833037, -52614.05803087428, -52614.0580348307, -52614.058032310626, -52614.05802999242, -52614.05806348344, -52614.058030532426, -52614.05803016407, -52614.05802742776, -52614.058064882505, -52614.05802561067], "epochs": [181.36679574772464, 113.29280023678564, 214.29280023678564, 113.29280023678564, 142.16841378289718, 305.8837037219742, 373.29280023678564, 299.40379350319415, 126.39146091803764, 146.30513282194215, 165.4890609969662, 362.29280023678564]}