{"time": [28063.474086523056, 27578.566645145416, 27829.243725538254, 27332.194082975388, 27541.154113292694], "LL": [-52614.05804072936, -52614.05804072936, -52614.05804072936, -52614.05804072936, -52614.05804072936], "epochs": [42.0, 42.0, 42.0, 42.0, 42.0]}