{"time": [9319.609580039978, 7662.71470117569, 7837.464016199112, 7549.076109170914, 8513.17132472992, 9070.374282836914, 7411.584905862808, 10014.817599534988, 8784.688209533691, 7797.624582052231, 7967.000797748566, 9101.637263536453, 7431.066207885742, 7968.9944541454315, 8863.30055141449, 8765.484622240067, 9782.091585874557], "LL": [-52614.05802575126, -52614.05802435133, -52614.05802451268, -52614.058025691025, -52614.05802423192, -52614.05805515835, -52614.058023948506, -52614.05802486457, -52614.05802430863, -52614.05802937719, -52614.05802509375, -52614.05802437841, -52614.05802506976, -52614.0580239768, -52614.05802406969, -52614.058025598526, -52614.05802397265], "epochs": [342.4654564289766, 274.49012159928964, 286.3791283328811, 274.41612608835067, 317.2804676516291, 325.9710924203932, 264.55178452507215, 372.71210813210666, 322.5764496953851, 273.76143847273266, 289.55178452507215, 345.2804676516291, 266.50245418444615, 291.4777890141331, 332.44079125866364, 317.78610364304564, 375.3667957477246]}