{"time": [5900.325529575348, 6623.614323854446, 6552.7211327552795, 6355.782585859299, 5658.996820926666, 6153.882682800293, 7133.614662885666, 7382.804057598114, 6582.3080677986145, 5733.376005411148, 5505.8712565898895, 5802.444097518921, 6088.134875535965, 7095.14067363739, 6606.324661254883, 7952.456011533737, 6909.566780567169, 6046.102011919022, 8355.192549467087, 6230.301516532898], "LL": [-52614.05802393963, -52614.05802392859, -52614.0580239348, -52614.058024030695, -52614.05802401109, -52614.05802405693, -52614.05802392501, -52614.05802393041, -52614.05802393618, -52614.05802394616, -52614.0580240764, -52614.058023985286, -52614.05802392707, -52614.05802393592, -52614.05802392509, -52614.05802392524, -52614.05802396559, -52614.05802393699, -52614.05802394886, -52614.05802392542], "epochs": [8.242409293836173, 9.513726167279184, 9.551784525072145, 9.156081197740669, 7.897096909454159, 8.68638235947019, 10.490121599289644, 10.65044520632415, 9.354463162568138, 8.045087931332166, 7.823101398515156, 8.242409293836173, 8.65044520632415, 10.403793503194139, 9.527119354759144, 11.68744296179365, 9.946427250080163, 8.601114865698147, 12.354463162568138, 8.9207014774437]}