{"time": [9031.200229167938], "LL": [-52614.05802599426], "epochs": [317.90942949461066]}