{"time": [25223.434527635574, 24990.429958820343, 24957.160805940628, 24957.724615573883, 24967.386769533157], "LL": [-52837.12306309561, -52718.095161313075, -52698.341579487125, -52685.4516440754, -52704.43620992337], "epochs": [1000.2928002367856, 1000.3174654070987, 1000.3051328219422, 1000.2928002367856, 1000.2928002367856]}