{"time": [6743.122104644775], "LL": [-52614.058023940444], "epochs": [9.612386848531187]}