{"time": [24994.765931367874, 24762.55545759201, 24749.01123571396, 24753.63809800148, 24762.801431655884, 24703.099871635437], "LL": [-52770.3969278096, -52770.3969278096, -52770.3969278096, -52770.3969278096, -52770.3969278096, -52770.3969278096], "epochs": [1000.0, 1000.0, 1000.0, 1000.0, 1000.0, 1000.0]}