{"time": [12626.142269611359], "LL": [-52614.058023970974], "epochs": [18.0]}