{"time": [12544.757324934006, 12404.63747882843, 12464.81832075119, 12469.536213159561, 12423.605948925018, 12376.481083869934, 12302.452282905579, 12432.27768611908, 12472.545166015625, 12404.41626572609, 12364.538135290146, 12490.819938898087], "LL": [-52614.058023970974, -52614.058023970974, -52614.058023970974, -52614.058023970974, -52614.058023970974, -52614.058023970974, -52614.058023970974, -52614.058023970974, -52614.058023970974, -52614.058023970974, -52614.058023970974, -52614.058023970974], "epochs": [18.0, 18.0, 18.0, 18.0, 18.0, 18.0, 18.0, 18.0, 18.0, 18.0, 18.0, 18.0]}