{"time": [167.63273119926453], "LL": [-17304.274550321195], "epochs": [114]}