{"time": [305.33474612236023, 306.84103322029114, 326.985089302063, 307.66212701797485, 293.0449914932251, 311.30305194854736, 335.5792467594147, 298.30142879486084, 285.34978437423706, 304.4331283569336, 292.63197135925293, 341.3384163379669, 288.52736949920654, 398.0742416381836, 281.94639134407043, 458.55365538597107, 313.06033539772034, 300.87206959724426, 304.84871912002563, 338.1049904823303], "LL": [-17304.27455032328, -17304.27455032138, -17304.27455032346, -17304.274550323375, -17304.274550323047, -17304.274550325677, -17304.274550327067, -17304.274550320653, -17304.27455032323, -17304.27455032705, -17304.27455033869, -17304.27455032703, -17304.27455032494, -17304.27455032052, -17304.27455033789, -17304.274550324382, -17304.27455032247, -17304.274550330152, -17304.274550319573, -17304.274550320195], "epochs": [22.841837106048477, 22.09658635999709, 26.056991047383363, 26.424121115073877, 23.351335613945704, 25.875027294562923, 23.80544435548439, 24.7690516049203, 21.841837106048477, 25.76584904287066, 21.951015357740737, 27.129776548511536, 21.729456292306573, 22.587087852099863, 22.1867675958949, 24.91302132615183, 24.91142004512701, 20.8956255913822, 23.750054589125845, 25.351335613945704]}