{"time": [776.9508783817291, 752.4247040748596, 726.3585801124573, 764.5293109416962, 749.9526591300964, 778.3669610023499, 762.351122379303, 750.9267244338989, 755.070999622345, 731.555858373642, 735.4919464588165, 739.7704832553864, 742.5959997177124, 709.1945621967316, 766.1432976722717, 740.635134935379, 738.3399331569672, 745.9529621601105, 748.1216838359833, 720.5775802135468], "LL": [17304.2745510236, 17304.274553351355, 17304.2745531879, 17304.274556046636, 17304.274551882078, 17304.274554997086, 17304.27455058959, 17304.274551616018, 17304.274550551105, 17304.274551206097, 17304.27455168596, 17304.27455045384, 17304.274550913313, 17304.27455473739, 17304.27455056096, 17304.27455094607, 17304.274556049157, 17304.27455316972, 17304.27455123522, 17304.274559351794], "epochs": [173.09338379794747, 168.91142004512702, 161.0949850789723, 173.87502729456293, 169.00480384307446, 177.98420554625517, 170.67726908799767, 166.91142004512702, 169.63927505640876, 165.98420554625517, 164.83863454399884, 163.54909382051096, 169.2769488317927, 161.42091855302425, 173.2025620496397, 166.91142004512702, 171.49370405415243, 169.93201834194628, 171.05699104738335, 167.49370405415243]}