{"time": [2737.846787929535, 2746.211595773697, 2694.6906039714813, 2609.265061855316, 2623.5828573703766, 2637.669285058975, 2628.098277568817, 2623.3297679424286, 2622.2866320610046, 2629.3322455883026, 2621.0506110191345, 2612.303020954132, 2633.5922400951385, 2626.7606024742126, 2633.001591682434, 2628.257049560547, 2619.0103788375854, 2624.326950073242, 2614.3944108486176, 2614.5489406585693], "LL": [19239.241706545967, 19165.229536918705, 18933.43086069155, 19318.883974282056, 19109.60558547996, 19087.42527894315, 19177.867880854017, 19265.96847502274, 19197.40528455189, 19212.024055934933, 19137.154584927088, 19286.32488314813, 18929.56603827064, 19105.96939371853, 19146.695770237522, 19055.294592891332, 19243.064283496788, 19229.87447816692, 19311.873647720717, 19290.16218389985], "epochs": [1000.6930635417425, 1000.8022417934347, 1000.6202780406143, 1000.5838852900501, 1000.6202780406143, 1000.6566707911784, 1000.6930635417425, 1000.6930635417425, 1000.7294562923066, 1000.8386345439989, 1000.6202780406143, 1000.6566707911784, 1000.6202780406143, 1000.6930635417425, 1000.8022417934347, 1000.7294562923066, 1000.6566707911784, 1000.7658490428706, 1000.6930635417425, 1000.511099788922]}