{"time": [2850.57279920578, 2855.9091544151306, 2862.3818423748016, 2839.3526034355164, 2777.576693058014, 2785.3606281280518, 2781.396497964859, 2778.585772037506, 2780.462231874466, 2772.2221195697784, 2778.845409631729, 2781.752687692642, 2777.664890766144, 2782.287447452545, 2777.263749361038, 2780.665090084076, 2778.3883645534515, 2792.103005886078, 2791.6732289791107, 2796.176464319229], "LL": [-17305.659136652426, -17305.23156779652, -17304.634472691272, -17304.96403240912, -17304.992401327654, -17304.74912050142, -17304.767989716784, -17307.932327449136, -17304.918342931775, -17304.94504703976, -17304.72747178582, -17304.691578777212, -17305.21051732627, -17304.577064723235, -17304.83451218036, -17304.56058144952, -17306.083738163114, -17305.643018677958, -17305.05175161199, -17305.147236295685], "epochs": [1000.9842055462552, 1000.2025620496397, 1000.275347550768, 1000.0569910473833, 1000.1297765485115, 1000.1297765485115, 1000.0569910473833, 1000.1297765485115, 1000.9842055462552, 1000.0569910473833, 1000.1297765485115, 1000.275347550768, 1000.0569910473833, 1000.0569910473833, 1000.0569910473833, 1000.9842055462552, 1000.0569910473833, 1000.1297765485115, 1000.0569910473833, 1000.9842055462552]}