{"time": [564.9740285873413, 967.026043176651, 623.0682556629181, 607.1620478630066, 788.4330568313599, 704.2108790874481, 682.1467447280884, 600.2098071575165, 817.1026277542114, 606.5935933589935, 658.5492453575134, 596.5070252418518, 682.020033121109, 586.958731174469, 1156.8923008441925, 690.4091665744781, 1061.4004530906677, 545.1005084514618, 641.2149300575256, 531.2030911445618], "LL": [-17304.27455035925, -17304.274550318973, -17304.274550341615, -17304.274550394537, -17304.2745504019, -17304.274550320042, -17304.274550319184, -17304.274550336933, -17304.274550318863, -17304.274550354123, -17304.274550336446, -17304.274550547652, -17304.274550319104, -17304.274550472994, -17304.27455071005, -17304.27455031892, -17304.274550318987, -17304.274550529717, -17304.27455032142, -17304.274550348142], "epochs": [6.947812795691099, 13.202562049639711, 7.911420045127011, 7.566489555280588, 10.493704054152413, 9.039595312613727, 8.748453308101027, 7.602882305844676, 10.85763155979329, 7.675667806972852, 8.330737317126427, 7.493704054152413, 8.9478127956911, 7.493704054152413, 16.2389548002038, 9.549093820510954, 15.457311303588325, 7.348133051896062, 8.85763155979329, 7.166169299075625]}