{"time": [868.5390019416809, 688.9923057556152, 872.2200005054474, 944.078337430954, 679.1660208702087, 888.1982235908508, 887.8574600219727, 925.1962141990662, 751.477968454361, 1019.6159410476685, 819.307537317276, 920.4967067241669, 866.2976596355438, 734.747997045517, 865.3808345794678, 711.9979958534241, 846.9054384231567, 700.958473443985, 834.5727889537811, 836.3930466175079], "LL": [-17304.27455109826, -17304.274550494167, -17304.27455044354, -17304.274551880753, -17304.274553299903, -17304.274550416736, -17304.274560548456, -17304.274550400773, -17304.27455040775, -17304.274550986625, -17304.274551274364, -17304.27455136276, -17304.274550415277, -17304.27455092559, -17304.274550427446, -17304.274550408874, -17304.274551419032, -17304.27455483037, -17304.274550588154, -17304.274551110117], "epochs": [255.87662857558774, 150.1123808137419, 212.29434456656236, 274.911420045127, 177.9478127956911, 235.5300968047165, 236.63927505640876, 250.60288230584467, 207.83863454399884, 249.0221995778441, 223.2025620496397, 253.49370405415243, 253.72945629230657, 198.16616929907562, 249.2025620496397, 188.42091855302425, 251.91142004512702, 198.6930635417425, 231.4573113035883, 214.148773564306]}