{"time": [646.106213092804, 721.8072800636292, 670.3683874607086, 805.3059403896332, 695.5195105075836, 698.9520874023438, 701.4041123390198, 926.0976030826569, 659.1164908409119, 721.7499566078186, 642.8853862285614, 606.120343208313, 640.0316801071167, 596.3019149303436, 675.8431880474091, 700.5410425662994, 751.3590271472931, 639.0275728702545, 868.0922830104828, 723.168755531311], "LL": [17304.274553125397, 17304.274550319667, 17304.274551052902, 17304.274550320974, 17304.274550320264, 17304.27455032026, 17304.274550320504, 17304.27455031952, 17304.274550322705, 17304.274550319114, 17304.274550319722, 17304.274550327445, 17304.27455035539, 17304.274551047, 17304.274550318914, 17304.274550318984, 17304.274550326616, 17304.27455032057, 17304.27455032002, 17304.27455032609], "epochs": [9.367130067690516, 10.693063541742486, 9.748453308101027, 11.930417060921464, 10.2389548002038, 10.5300968047165, 10.802241793434748, 14.62027804061431, 10.2389548002038, 11.311740301331975, 10.056991047383361, 9.457311303588325, 9.911420045127011, 9.275347550767886, 10.693063541742486, 10.9478127956911, 11.894024310357377, 10.129776548511536, 13.693063541742486, 11.202562049639711]}