{"time": [2871.0283596515656, 2849.2183957099915, 2843.218935251236, 2778.176722049713, 2768.9857063293457, 2763.721426010132, 2759.7194254398346, 2774.436292409897, 2769.026379585266, 2767.930567741394, 2768.2530336380005, 2766.94926905632, 2765.5499176979065, 2768.1789371967316, 2762.912080526352, 2774.8340125083923, 2766.992277622223, 2766.0162184238434, 2768.8556299209595, 2769.8743526935577], "LL": [-17305.725910472265, -17305.725910472265, -17305.725910472265, -17305.725910472265, -17305.725910472265, -17305.725910472265, -17305.725910472265, -17305.725910472265, -17305.725910472265, -17305.725910472265, -17305.725910472265, -17305.725910472265, -17305.725910472265, -17305.725910472265, -17305.725910472265, -17305.725910472265, -17305.725910472265, -17305.725910472265, -17305.725910472265, -17305.725910472265], "epochs": [1000.0, 1000.0, 1000.0, 1000.0, 1000.0, 1000.0, 1000.0, 1000.0, 1000.0, 1000.0, 1000.0, 1000.0, 1000.0, 1000.0, 1000.0, 1000.0, 1000.0, 1000.0, 1000.0, 1000.0]}