{"time": [2745.483878135681, 2720.356697320938, 2673.743766784668, 2652.496034383774, 2646.028020620346, 2651.4596598148346, 2658.1297056674957, 2650.7156541347504, 2648.3917944431305, 2649.5833439826965, 2642.9640684127808, 2644.8938715457916, 2655.020541191101, 2650.296994447708, 2658.314349412918, 2647.580413341522, 2663.1812810897827, 2650.61900472641, 2649.29141664505, 2652.56476354599], "LL": [17308.633286957152, 17308.633286957152, 17308.633286957152, 17308.633286957152, 17308.633286957152, 17308.633286957152, 17308.633286957152, 17308.633286957152, 17308.633286957152, 17308.633286957152, 17308.633286957152, 17308.633286957152, 17308.633286957152, 17308.633286957152, 17308.633286957152, 17308.633286957152, 17308.633286957152, 17308.633286957152, 17308.633286957152, 17308.633286957152], "epochs": [1000.0, 1000.0, 1000.0, 1000.0, 1000.0, 1000.0, 1000.0, 1000.0, 1000.0, 1000.0, 1000.0, 1000.0, 1000.0, 1000.0, 1000.0, 1000.0, 1000.0, 1000.0, 1000.0, 1000.0]}