{"time": [589.9303755760193, 598.0531580448151, 605.3400218486786, 598.2015221118927, 588.2212345600128, 598.5221757888794, 593.5578954219818, 594.4903402328491, 588.5239500999451, 581.8262619972229, 575.6160824298859, 567.6608293056488, 571.2169497013092, 569.3666636943817, 560.4066424369812, 559.4151773452759, 570.2063896656036, 570.1863059997559, 564.3372027873993, 569.2413718700409], "LL": [-17304.274550445898, -17304.274550445898, -17304.274550445898, -17304.274550445898, -17304.274550445898, -17304.274550445898, -17304.274550445898, -17304.274550445898, -17304.274550445898, -17304.274550445898, -17304.274550445898, -17304.274550445898, -17304.274550445898, -17304.274550445898, -17304.274550445898, -17304.274550445898, -17304.274550445898, -17304.274550445898, -17304.274550445898, -17304.274550445898], "epochs": [7.0, 7.0, 7.0, 7.0, 7.0, 7.0, 7.0, 7.0, 7.0, 7.0, 7.0, 7.0, 7.0, 7.0, 7.0, 7.0, 7.0, 7.0, 7.0, 7.0]}