{"time": [22.4193856716156, 21.66856050491333, 21.72948122024536, 21.772361040115356, 21.63661241531372, 21.50328779220581, 21.812510013580322], "LL": [-55712.99144214064, -55712.99144214064, -55712.99144214064, -55712.99144214064, -55712.99144214064, -55712.99144214064, -55712.99144214064], "epochs": [71, 71, 71, 71, 71, 71, 71]}