{"time": [30.61069631576538, 29.94121503829956, 30.207703828811646, 32.38567900657654, 27.256296157836914], "LL": [-55712.99144238421, -55712.99144250825, -55712.99144231984, -55712.991442220555, -55712.99144251587], "epochs": [13.67715758577313, 14.657178797819599, 15.667168191796364, 16.727104555656958, 12.67715758577313]}