{"time": [761.3613967895508, 761.8365731239319, 761.2623293399811, 765.8466467857361, 764.6081173419952, 764.8722653388977, 762.9594736099243, 759.8645486831665, 761.819783449173, 761.8098275661469, 766.3039021492004, 762.5206928253174, 760.161107301712, 765.3474388122559, 761.6869516372681, 764.738312959671, 766.4319400787354, 762.9773738384247, 765.7254383563995, 760.5757777690887], "LL": [58773.653288548936, 58788.285405932365, 58714.596309190325, 58302.669702763575, 57925.28670470121, 58526.93674644978, 58323.24893029708, 58636.81270086034, 58562.325765676, 58675.734692409875, 58337.19123322504, 58661.13948591343, 58751.10314912251, 58238.2518448915, 58587.730873964916, 58339.88967063167, 58175.250679710356, 58707.8401819177, 58363.61743444421, 58699.921000142116], "epochs": [1000.2188047258467, 1000.2681350664726, 1000.3914609180376, 1000.3544631625682, 1000.3421305774116, 1000.3051328219422, 1000.3051328219422, 1000.2681350664726, 1000.1941395555336, 1000.2188047258467, 1000.2434698961597, 1000.2558024813161, 1000.2928002367856, 1000.3544631625682, 1000.4654564289766, 1000.2434698961597, 1000.3667957477246, 1000.2928002367856, 1000.4376094516933, 1000.3791283328811]}