{"time": [82.04801797866821], "LL": [-55712.99144236297], "epochs": [61.93688182916903]}