{"time": [98.30070948600769], "LL": [-55712.991460506], "epochs": [79.78704091951755]}