{"time": [78.82130002975464, 83.60106062889099, 80.96758151054382, 86.78102731704712, 74.76071095466614, 90.72246265411377, 87.66548347473145, 70.201486825943, 77.11447381973267, 85.40498805046082, 85.9023265838623, 83.54861354827881, 83.7107207775116, 79.45219135284424, 80.03296446800232, 78.70811438560486, 73.3455867767334, 80.25103664398193, 86.08866691589355, 75.45923590660095], "LL": [55712.991478898126, 55712.99145589408, 55712.991522069606, 55712.99146712143, 55712.99146450892, 55712.99144533933, 55712.99147945314, 55712.991506928105, 55712.99149749836, 55712.991464548824, 55712.99152502987, 55712.99145722154, 55712.99144553701, 55712.99147631456, 55712.99150526481, 55712.991505766695, 55712.9915124955, 55712.99144703687, 55712.99148019193, 55712.991525044374], "epochs": [66.32979799225514, 73.32979799225514, 69.30513282194214, 76.32979799225514, 64.36679574772464, 79.28046765162914, 77.32979799225514, 58.30513282194214, 66.29280023678564, 72.35446316256814, 72.26813506647264, 75.31746540709864, 73.32979799225514, 68.30513282194214, 66.69977554695015, 67.72444071726315, 62.69977554695015, 69.32979799225514, 74.46545642897664, 60.66277779148065]}