{"time": [122.79766917228699], "LL": [-55712.99145650253], "epochs": [94.82699849542462]}