{"time": [130.08153223991394], "LL": [-55712.99144271477], "epochs": [16.707125767703424]}