{"time": [116.81251525878906, 116.84259390830994, 116.68509268760681, 116.4003655910492, 116.73054909706116, 116.57195901870728, 116.85943078994751, 116.49241971969604, 116.84289193153381, 116.4739842414856, 116.80655717849731, 116.76107239723206, 116.5882556438446, 116.5049479007721, 116.6880829334259, 116.44550395011902, 116.62834811210632, 116.52977800369263, 116.56923627853394, 116.746253490448], "LL": [55712.991447677494, 55712.991447677494, 55712.991447677494, 55712.991447677494, 55712.991447677494, 55712.991447677494, 55712.991447677494, 55712.991447677494, 55712.991447677494, 55712.991447677494, 55712.991447677494, 55712.991447677494, 55712.991447677494, 55712.991447677494, 55712.991447677494, 55712.991447677494, 55712.991447677494, 55712.991447677494, 55712.991447677494, 55712.991447677494], "epochs": [96.0, 96.0, 96.0, 96.0, 96.0, 96.0, 96.0, 96.0, 96.0, 96.0, 96.0, 96.0, 96.0, 96.0, 96.0, 96.0, 96.0, 96.0, 96.0, 96.0]}