{"time": [763.8649537563324, 763.5463037490845, 763.7445001602173, 764.0278398990631, 764.598464012146, 763.1583709716797, 762.9229731559753, 763.1118905544281, 763.2025673389435, 763.5286583900452, 763.3676028251648, 764.0462377071381, 763.8379318714142, 763.8434007167816, 763.3209185600281, 762.6771059036255, 763.6131372451782, 762.4154505729675, 763.1113312244415, 762.5320646762848], "LL": [58458.354312721705, 58458.354312721705, 58458.354312721705, 58458.354312721705, 58458.354312721705, 58458.354312721705, 58458.354312721705, 58458.354312721705, 58458.354312721705, 58458.354312721705, 58458.354312721705, 58458.354312721705, 58458.354312721705, 58458.354312721705, 58458.354312721705, 58458.354312721705, 58458.354312721705, 58458.354312721705, 58458.354312721705, 58458.354312721705], "epochs": [1000.0, 1000.0, 1000.0, 1000.0, 1000.0, 1000.0, 1000.0, 1000.0, 1000.0, 1000.0, 1000.0, 1000.0, 1000.0, 1000.0, 1000.0, 1000.0, 1000.0, 1000.0, 1000.0, 1000.0]}