{"time": [48.865987062454224, 55.942527055740356], "LL": [-55712.991442141225, -55712.99144213699], "epochs": [5.657178797819599, 6.747083343610488]}