{"time": [772.422726392746, 770.6675682067871, 803.8490545749664, 804.3990421295166, 790.1470522880554, 802.7110188007355, 804.2186751365662, 806.2422223091125, 774.7334415912628, 793.0055358409882, 766.8159019947052, 804.6213822364807, 733.0821068286896, 791.3759255409241, 740.7572336196899, 720.0805220603943, 704.790132522583, 779.1208131313324, 767.2083737850189, 772.6858043670654], "LL": [-55712.99152548729, -55712.99151780202, -55712.99169287246, -55712.991557957415, -55712.99152730463, -55712.99166708121, -55712.99160291485, -55712.99154783942, -55712.991532594024, -55712.99152693628, -55712.991510190855, -55712.99156963488, -55712.991525148645, -55712.99152504104, -55712.99151562823, -55712.99152589934, -55712.991522891374, -55712.99152782395, -55712.99151590347, -55712.99151129361], "epochs": [960.7491058875762, 957.5271193547592, 1000.6381126211677, 1000.9217620797672, 985.2681350664726, 1000.4037935031942, 1000.4654564289766, 1000.1025084478208, 962.4037935031942, 987.3914609180376, 950.7089263251363, 1000.9689712157463, 912.7491058875762, 986.4777890141331, 924.8724317391411, 897.4901215992896, 877.1437486125842, 971.3914609180376, 954.5271193547592, 962.4407912586637]}