{"time": [183.34598875045776, 157.4078061580658, 178.43865990638733, 167.5073983669281, 182.88513112068176, 159.5297818183899, 161.96298742294312, 136.38887524604797, 154.34241151809692, 169.30005931854248, 168.39842009544373, 183.13082003593445, 178.91855907440186, 174.1619701385498, 175.9702684879303, 171.17560958862305, 165.26483035087585, 176.02164554595947, 188.19569993019104, 156.89066553115845], "LL": [-55712.991448996385, -55712.99152544599, -55712.99148066157, -55712.99149904034, -55712.99147979588, -55712.991502979174, -55712.991474592636, -55712.991494368645, -55712.99150463304, -55712.99150164448, -55712.991446136686, -55712.99152920032, -55712.99144368618, -55712.99148747004, -55712.991446697706, -55712.991474035865, -55712.99146887599, -55712.9914634438, -55712.991444788546, -55712.99152229289], "epochs": [247.28046765162912, 210.28046765162912, 240.45312384382015, 225.29280023678564, 247.32979799225512, 213.25580248131615, 217.25580248131615, 179.24346989615964, 205.25580248131615, 228.24346989615964, 226.26813506647264, 245.47778901413315, 241.26813506647264, 234.29280023678564, 237.23113731100312, 231.23113731100312, 220.35446316256815, 236.35446316256815, 254.30513282194215, 208.28046765162912]}