{"time": [56.8337516784668, 54.96422719955444, 55.6901159286499, 55.21345829963684, 54.92814517021179, 55.448447465896606, 55.09681820869446, 55.803584814071655, 56.60456132888794, 56.261539459228516, 56.19668436050415, 55.76818323135376, 56.838098764419556, 57.070969104766846, 56.71571946144104, 55.80085301399231, 57.043259382247925, 57.266162633895874, 57.29755711555481, 55.78160309791565], "LL": [-55712.99144219553, -55712.99144217304, -55712.991442146595, -55712.991442141276, -55712.99144214465, -55712.99144214136, -55712.99144215377, -55712.99144217553, -55712.991442290026, -55712.991442152284, -55712.991442140876, -55712.99144213874, -55712.99144214178, -55712.99144214082, -55712.99144215563, -55712.991442142, -55712.991442160775, -55712.991442151804, -55712.99144214082, -55712.99144213848], "epochs": [6.292800236785635, 6.2804676516291345, 6.2681350664726345, 6.2681350664726345, 6.255802481316134, 6.2804676516291345, 6.2804676516291345, 6.342130577411638, 6.354463162568138, 6.243469896159633, 6.243469896159633, 6.329797992255136, 6.2681350664726345, 6.329797992255136, 6.255802481316134, 6.255802481316134, 6.305132821942136, 6.2804676516291345, 6.391460918037639, 6.2681350664726345]}