{"time": [758.3981947898865, 758.3024199008942, 758.0277366638184, 757.870956659317, 758.3974676132202, 758.4309642314911, 758.6821763515472, 758.561240196228, 757.1003818511963, 756.9274144172668, 757.1408715248108, 757.1049292087555, 757.3043999671936, 757.3560562133789, 757.4950201511383, 756.151426076889, 756.6600699424744, 756.6331241130829, 757.4010233879089, 757.0298757553101], "LL": [55712.992132935935, 55712.992132935935, 55712.992132935935, 55712.992132935935, 55712.992132935935, 55712.992132935935, 55712.992132935935, 55712.992132935935, 55712.992132935935, 55712.992132935935, 55712.992132935935, 55712.992132935935, 55712.992132935935, 55712.992132935935, 55712.992132935935, 55712.992132935935, 55712.992132935935, 55712.992132935935, 55712.992132935935, 55712.992132935935], "epochs": [1000.0, 1000.0, 1000.0, 1000.0, 1000.0, 1000.0, 1000.0, 1000.0, 1000.0, 1000.0, 1000.0, 1000.0, 1000.0, 1000.0, 1000.0, 1000.0, 1000.0, 1000.0, 1000.0, 1000.0]}