{"time": [804.1001923084259, 803.3304605484009, 802.0179100036621, 801.391951084137, 801.4613473415375, 801.1706292629242, 803.7921316623688, 803.2106096744537, 803.6196479797363, 803.2078566551208, 803.712215423584, 806.3008861541748, 803.3772859573364, 805.3198721408844, 804.4876880645752, 802.913244009018, 804.5902571678162, 804.4642381668091, 803.7662973403931, 805.0271503925323], "LL": [-55712.99155206406, -55712.99155206406, -55712.99155206406, -55712.99155206406, -55712.99155206406, -55712.99155206406, -55712.99155206406, -55712.99155206406, -55712.99155206406, -55712.99155206406, -55712.99155206406, -55712.99155206406, -55712.99155206406, -55712.99155206406, -55712.99155206406, -55712.99155206406, -55712.99155206406, -55712.99155206406, -55712.99155206406, -55712.99155206406], "epochs": [1000.0, 1000.0, 1000.0, 1000.0, 1000.0, 1000.0, 1000.0, 1000.0, 1000.0, 1000.0, 1000.0, 1000.0, 1000.0, 1000.0, 1000.0, 1000.0, 1000.0, 1000.0, 1000.0, 1000.0]}