{"time": [70.81612086296082, 69.63428544998169, 70.30098819732666, 70.07148051261902, 70.36586999893188, 70.38670420646667, 70.15583539009094, 70.07226467132568, 69.88833165168762, 71.62885189056396, 70.4081039428711, 70.03303790092468, 69.99938678741455, 69.4802508354187, 70.51861476898193, 70.4831473827362, 69.68724370002747, 70.38662910461426, 69.77214860916138, 69.95841312408447], "LL": [-55712.991442136976, -55712.991442136976, -55712.991442136976, -55712.991442136976, -55712.991442136976, -55712.991442136976, -55712.991442136976, -55712.991442136976, -55712.991442136976, -55712.991442136976, -55712.991442136976, -55712.991442136976, -55712.991442136976, -55712.991442136976, -55712.991442136976, -55712.991442136976, -55712.991442136976, -55712.991442136976, -55712.991442136976, -55712.991442136976], "epochs": [8.0, 8.0, 8.0, 8.0, 8.0, 8.0, 8.0, 8.0, 8.0, 8.0, 8.0, 8.0, 8.0, 8.0, 8.0, 8.0, 8.0, 8.0, 8.0, 8.0]}