{"time": [68.16387748718262], "LL": [-18367.205285751876], "epochs": [787]}