{"time": [9.206376791000366, 8.339992046356201, 7.952843904495239, 7.813997983932495, 8.34700608253479, 8.74702000617981, 7.820523262023926, 7.974767684936523, 9.20615029335022, 8.178256273269653, 8.02660608291626, 8.052391290664673, 7.763725519180298, 7.996953248977661, 7.740636825561523, 7.989917516708374, 15.383190155029297, 15.35755968093872, 7.772547006607056, 7.788421630859375], "LL": [-18367.196108408578, -18367.196108408578, -18367.196108408578, -18367.196108408578, -18367.196108408578, -18367.196108408578, -18367.196108408578, -18367.196108408578, -18367.196108408578, -18367.196108408578, -18367.196108408578, -18367.196108408578, -18367.196108408578, -18367.196108408578, -18367.196108408578, -18367.196108408578, -18367.196108408578, -18367.196108408578, -18367.196108408578, -18367.196108408578], "epochs": [69, 69, 69, 69, 69, 69, 69, 69, 69, 69, 69, 69, 69, 69, 69, 69, 69, 69, 69, 69]}