{"time": [14.365818738937378, 13.904720544815063, 14.512981176376343, 13.64822268486023, 15.305731534957886, 13.172381162643433, 12.989011287689209, 14.425282955169678, 13.027009963989258, 14.660883903503418, 11.616599082946777, 14.008077621459961, 13.54046106338501, 13.3973970413208, 14.269338369369507, 14.22330117225647, 14.337747573852539, 13.856265783309937, 15.967051267623901, 11.787161827087402], "LL": [-18367.196108413493, -18367.196108556083, -18367.196108530356, -18367.19610843877, -18367.196108421354, -18367.196108412838, -18367.196108465392, -18367.196108413642, -18367.19610841225, -18367.196108508793, -18367.196108498385, -18367.196108442346, -18367.196108408993, -18367.196108437918, -18367.196108442895, -18367.196108452277, -18367.196108415843, -18367.19610846411, -18367.196108501765, -18367.19610848999], "epochs": [13.9478127956911, 18.76584904287066, 18.76584904287066, 14.9478127956911, 22.693063541742486, 13.729456292306573, 14.802241793434748, 18.838634543998836, 14.802241793434748, 17.09338379794745, 11.656670791178398, 17.76584904287066, 15.76584904287066, 13.802241793434748, 16.875027294562923, 19.729456292306573, 18.512701069946868, 16.020598296819273, 20.311740301331973, 11.838634543998836]}