{"time": [28.46689486503601, 28.554969310760498, 28.638944387435913, 28.636643409729004, 30.8291118144989, 31.06102752685547, 29.363534927368164, 27.718916416168213, 31.68826699256897, 29.600340843200684, 31.092406749725342, 28.663946628570557, 32.44196653366089, 28.079419136047363, 29.35272717475891, 30.220674991607666, 26.879804372787476, 30.26062297821045, 27.58264422416687, 28.464285850524902], "LL": [18367.196130471086, 18367.19612509983, 18367.196122883408, 18367.196125302056, 18367.196110702967, 18367.19611017758, 18367.196110426397, 18367.196119046846, 18367.196126983694, 18367.196110600496, 18367.196114072416, 18367.19612177855, 18367.196112820984, 18367.196120529436, 18367.196113092734, 18367.196109971777, 18367.196126623057, 18367.196112039772, 18367.196110622648, 18367.196127690164], "epochs": [61.765849042870656, 60.05699104738336, 56.98420554625518, 62.69306354174249, 65.91142004512702, 64.80224179343475, 64.02059829681927, 57.91142004512701, 68.12977654851153, 62.765849042870656, 69.76584904287066, 61.765849042870656, 71.9478127956911, 58.875027294562926, 62.875027294562926, 65.91142004512702, 55.875027294562926, 68.6566707911784, 58.72945629230657, 60.838634543998836]}