{"time": [282.79848980903625, 281.73607182502747, 282.275812625885, 283.9280643463135, 281.62363028526306, 282.16969752311707, 284.3766894340515, 282.7828974723816, 282.1529996395111, 283.8177173137665, 283.746107339859, 283.9757466316223, 284.2619159221649, 281.6445748806, 282.2786633968353, 283.16906213760376, 283.72889614105225, 283.6522307395935, 282.3799192905426, 283.6576850414276], "LL": [19349.388668079777, 19401.37495263249, 19326.3276067515, 19168.491795503207, 19362.00371646561, 19350.46997113304, 19243.624523999923, 19304.82306065304, 19420.06267010022, 19309.090135697614, 19240.243245865484, 19310.422490891757, 19235.76355536966, 19388.860199207524, 19416.340303216177, 19299.974988460235, 19346.189594168154, 19101.735386261418, 19327.090349117192, 19289.685727005613], "epochs": [1000.911420045127, 1000.6930635417425, 1000.911420045127, 1000.060193609433, 1000.6202780406143, 1000.275347550768, 1000.6202780406143, 1000.5838852900501, 1000.6566707911784, 1000.911420045127, 1000.5159036319965, 1000.3497343329209, 1000.2389548002038, 1000.8022417934347, 1000.0933837979475, 1000.6566707911784, 1000.6756678069728, 1000.2579518159982, 1000.8766285755878, 1000.6566707911784]}