{"time": [33.196800231933594, 32.709391832351685, 32.81213021278381, 32.85384154319763, 32.96921515464783, 32.94254469871521, 32.9611234664917, 32.7519211769104, 32.73634672164917, 32.796305418014526, 32.68854284286499, 32.78501558303833, 32.85571241378784, 32.6418137550354, 32.71213245391846, 32.58421778678894, 32.699851274490356, 32.91912889480591, 32.780173540115356, 32.68181037902832], "LL": [-18367.196108410353, -18367.196108410353, -18367.196108410353, -18367.196108410353, -18367.196108410353, -18367.196108410353, -18367.196108410353, -18367.196108410353, -18367.196108410353, -18367.196108410353, -18367.196108410353, -18367.196108410353, -18367.196108410353, -18367.196108410353, -18367.196108410353, -18367.196108410353, -18367.196108410353, -18367.196108410353, -18367.196108410353, -18367.196108410353], "epochs": [69.0, 69.0, 69.0, 69.0, 69.0, 69.0, 69.0, 69.0, 69.0, 69.0, 69.0, 69.0, 69.0, 69.0, 69.0, 69.0, 69.0, 69.0, 69.0, 69.0]}