{"time": [283.8490035533905, 283.60078263282776, 283.6991398334503, 283.52415657043457, 283.51816868782043, 283.2902228832245, 283.6513833999634, 283.5941336154938, 283.9858396053314, 283.81549763679504, 284.3178553581238, 283.4067642688751, 283.88214349746704, 284.1422779560089, 283.8686385154724, 283.6284873485565, 283.9329514503479, 283.88449573516846, 283.29035687446594, 283.9825005531311], "LL": [19357.050295974946, 19357.050295974946, 19357.050295974946, 19357.050295974946, 19357.050295974946, 19357.050295974946, 19357.050295974946, 19357.050295974946, 19357.050295974946, 19357.050295974946, 19357.050295974946, 19357.050295974946, 19357.050295974946, 19357.050295974946, 19357.050295974946, 19357.050295974946, 19357.050295974946, 19357.050295974946, 19357.050295974946, 19357.050295974946], "epochs": [1000.0, 1000.0, 1000.0, 1000.0, 1000.0, 1000.0, 1000.0, 1000.0, 1000.0, 1000.0, 1000.0, 1000.0, 1000.0, 1000.0, 1000.0, 1000.0, 1000.0, 1000.0, 1000.0, 1000.0]}