{"time": [21.296066999435425, 19.994394540786743, 20.374518156051636, 20.20345377922058, 20.354657649993896, 21.917904138565063, 19.766767263412476, 19.724446535110474, 20.229134798049927, 19.645220518112183, 19.88098669052124, 19.858625411987305, 21.02445936203003, 21.120672464370728, 22.36855459213257, 19.76020646095276, 20.18377947807312, 20.9569411277771, 20.00597357749939, 20.02151131629944], "LL": [-18367.19610840638, -18367.19610840639, -18367.19610840642, -18367.196108406377, -18367.196108406653, -18367.196108406402, -18367.1961084064, -18367.19610840637, -18367.19610840641, -18367.196108406417, -18367.196108406373, -18367.196108406377, -18367.196108406926, -18367.19610840648, -18367.196108406402, -18367.196108406413, -18367.196108406508, -18367.196108406362, -18367.196108406475, -18367.196108406646], "epochs": [6.729456292306573, 6.6566707911783976, 6.802241793434748, 6.911420045127011, 6.620278040614309, 6.802241793434748, 6.620278040614309, 6.5838852900502225, 6.6566707911783976, 6.620278040614309, 6.620278040614309, 6.6566707911783976, 6.984205546255186, 6.693063541742485, 7.129776548511536, 6.5838852900502225, 6.6566707911783976, 6.838634543998836, 6.620278040614309, 6.6566707911783976]}