{"time": [249.80386352539062, 248.94993710517883, 263.1767518520355, 271.0484302043915, 250.48682618141174, 248.50444960594177, 244.23717522621155, 263.9477593898773, 254.02743411064148, 268.0536458492279, 238.05173540115356, 256.2719621658325, 257.5702941417694, 263.8565139770508, 263.6946713924408, 249.3232479095459, 259.16696763038635, 243.55082511901855, 252.84200191497803, 265.33124327659607], "LL": [-18367.196129212254, -18367.196130691067, -18367.196126132778, -18367.19612685095, -18367.196128557585, -18367.19612951536, -18367.19612734723, -18367.196128869735, -18367.196129213964, -18367.196128057687, -18367.196126695093, -18367.196129294247, -18367.19612948379, -18367.196127060368, -18367.196122884914, -18367.19612962141, -18367.19612672898, -18367.196128975636, -18367.19612900195, -18367.196128694817], "epochs": [839.4209185530242, 839.7848460586652, 887.0759880631779, 916.7120605575369, 842.4399155688187, 836.3671300676905, 821.8940243103574, 888.2041633306645, 856.5664895552806, 903.5664895552806, 798.8608341218429, 865.7658490428706, 867.9304170609214, 890.8576315597933, 887.8212388092293, 841.9478127956911, 875.275347550768, 820.8038430744596, 853.4937040541524, 897.311740301332]}