{"time": [34.373860597610474, 50.591848373413086, 48.80736446380615, 40.66489839553833, 34.205971479415894, 45.636664390563965, 42.444236040115356, 50.93773913383484, 48.307443618774414, 39.41473460197449, 46.853830337524414, 31.819501161575317, 54.10666537284851, 51.581499099731445, 46.913538694381714, 35.391910791397095, 33.363449811935425, 46.045674562454224, 47.28226923942566, 42.89336943626404], "LL": [-18367.19610861034, -18367.19610876875, -18367.196113468, -18367.19610954797, -18367.19610929119, -18367.196108565375, -18367.19611010536, -18367.196113852206, -18367.19610950629, -18367.196122760062, -18367.19610905505, -18367.196110236964, -18367.196108501255, -18367.19610889208, -18367.19611511292, -18367.196111055066, -18367.19610847218, -18367.196108652122, -18367.19610859916, -18367.19610886882], "epochs": [105.62027804061431, 167.38452580246013, 168.62027804061432, 131.05699104738335, 108.6566707911784, 151.9478127956911, 136.2389548002038, 175.6930635417425, 165.65667079117839, 131.54749253948614, 156.91142004512702, 100.62027804061431, 187.6930635417425, 179.62027804061432, 157.76584904287066, 112.62027804061431, 102.05699104738336, 157.54749253948614, 159.83863454399884, 140.9478127956911]}