{"time": [279.6162476539612, 278.96695923805237, 279.1165089607239, 279.13492822647095, 279.01345133781433, 279.0004777908325, 278.8535385131836, 279.4324312210083, 279.086856842041, 279.0756297111511, 279.363422870636, 279.20571184158325, 278.81776237487793, 279.16409516334534, 280.06429862976074, 279.18288350105286, 279.54905009269714, 279.4652450084686, 279.5599822998047, 279.4415111541748], "LL": [18367.196130502634, 18367.196130502634, 18367.196130502634, 18367.196130502634, 18367.196130502634, 18367.196130502634, 18367.196130502634, 18367.196130502634, 18367.196130502634, 18367.196130502634, 18367.196130502634, 18367.196130502634, 18367.196130502634, 18367.196130502634, 18367.196130502634, 18367.196130502634, 18367.196130502634, 18367.196130502634, 18367.196130502634, 18367.196130502634], "epochs": [1000.0, 1000.0, 1000.0, 1000.0, 1000.0, 1000.0, 1000.0, 1000.0, 1000.0, 1000.0, 1000.0, 1000.0, 1000.0, 1000.0, 1000.0, 1000.0, 1000.0, 1000.0, 1000.0, 1000.0]}