{"time": [296.1236355304718, 295.2128486633301, 295.2505114078522, 295.9240484237671, 296.08692598342896, 296.0384843349457, 296.51411962509155, 296.1478099822998, 296.15420174598694, 296.59448289871216, 295.6718466281891, 296.30461287498474, 296.2686998844147, 295.9214074611664, 295.7057113647461, 296.45183658599854, 295.604208946228, 296.1744577884674, 295.94420289993286, 296.01108264923096], "LL": [-18367.196129022188, -18367.196129022188, -18367.196129022188, -18367.196129022188, -18367.196129022188, -18367.196129022188, -18367.196129022188, -18367.196129022188, -18367.196129022188, -18367.196129022188, -18367.196129022188, -18367.196129022188, -18367.196129022188, -18367.196129022188, -18367.196129022188, -18367.196129022188, -18367.196129022188, -18367.196129022188, -18367.196129022188, -18367.196129022188], "epochs": [989.0, 989.0, 989.0, 989.0, 989.0, 989.0, 989.0, 989.0, 989.0, 989.0, 989.0, 989.0, 989.0, 989.0, 989.0, 989.0, 989.0, 989.0, 989.0, 989.0]}