{"time": [22.275086641311646, 21.78205418586731, 21.83463430404663, 21.58428120613098, 21.812508583068848, 21.411561250686646, 21.671096324920654, 21.496026039123535, 21.726304292678833, 21.923108339309692, 21.973262786865234, 21.70279288291931, 22.190306901931763, 22.278284788131714, 21.76644015312195, 21.643926858901978, 21.795504808425903, 21.95446252822876, 21.741525411605835, 22.0820894241333], "LL": [18367.196108406704, 18367.196108406704, 18367.196108406704, 18367.196108406704, 18367.196108406704, 18367.196108406704, 18367.196108406704, 18367.196108406704, 18367.196108406704, 18367.196108406704, 18367.196108406704, 18367.196108406704, 18367.196108406704, 18367.196108406704, 18367.196108406704, 18367.196108406704, 18367.196108406704, 18367.196108406704, 18367.196108406704, 18367.196108406704], "epochs": [8.0, 8.0, 8.0, 8.0, 8.0, 8.0, 8.0, 8.0, 8.0, 8.0, 8.0, 8.0, 8.0, 8.0, 8.0, 8.0, 8.0, 8.0, 8.0, 8.0]}