{"time": [24.761996746063232, 24.37285089492798, 24.65348196029663, 24.444173574447632, 24.424981594085693, 24.331960678100586, 24.87248969078064, 24.046884536743164, 23.967201471328735, 24.38066053390503, 24.644732236862183, 24.889439582824707, 24.863397121429443, 24.477250337600708, 25.053570985794067, 25.378961324691772, 24.255508422851562, 24.076520204544067, 24.67513108253479, 24.391570568084717], "LL": [-18367.196108406377, -18367.196108406377, -18367.196108406377, -18367.196108406377, -18367.196108406377, -18367.196108406377, -18367.196108406377, -18367.196108406377, -18367.196108406377, -18367.196108406377, -18367.196108406377, -18367.196108406377, -18367.196108406377, -18367.196108406377, -18367.196108406377, -18367.196108406377, -18367.196108406377, -18367.196108406377, -18367.196108406377, -18367.196108406377], "epochs": [8.0, 8.0, 8.0, 8.0, 8.0, 8.0, 8.0, 8.0, 8.0, 8.0, 8.0, 8.0, 8.0, 8.0, 8.0, 8.0, 8.0, 8.0, 8.0, 8.0]}