{"time": [29189.285836, 27789.673357, 27767.50294, 27773.033011, 27757.783978, 27771.331585], "LL": [-87913.83348120592, -87913.83348120592, -87913.83348120592, -87913.83348120592, -87913.83348120592, -87913.83348120592], "epochs": [11920, 11920, 11920, 11920, 11920, 11920]}