{"time": [28513.422967, 27008.122551, 27004.550459, 27030.382273, 27040.308527, 27027.098537], "LL": [-87913.83348120592, -87913.83348120592, -87913.83348120592, -87913.83348120592, -87913.83348120592, -87913.83348120592], "epochs": [11920, 11920, 11920, 11920, 11920, 11920]}