{"time": [5305.259823083878, 5290.171272516251, 4833.337504863739, 5002.4251980781555, 4967.860967159271, 4806.122649908066, 4888.4709095954895, 5084.799540519714, 4988.962569952011, 5173.955162525177, 4912.6358342170715, 5189.2306432724, 5042.44945192337, 4575.332750320435, 5042.5965712070465, 4805.905671596527, 4942.703795671463, 5113.16907954216, 4949.074426412582, 4941.888254880905], "LL": [-87913.65752551403, -87913.65770911891, -87913.65740507655, -87913.65741859128, -87913.65748922048, -87913.65766201649, -87913.65736562191, -87913.65730409042, -87913.65735470026, -87913.657259944, -87913.65732687069, -87913.65727399192, -87913.65732372357, -87913.65763155566, -87913.65740986618, -87913.65760540882, -87913.65732097492, -87913.65750209644, -87913.65733038312, -87913.6573318923], "epochs": [371.30167794078886, 392.37195818325574, 357.30167794078886, 378.30167794078886, 376.30167794078886, 364.30167794078886, 377.2665378195555, 392.2841078801722, 378.30167794078886, 394.4070983044892, 372.354388122639, 390.42466836510584, 386.30167794078886, 347.2841078801722, 384.2665378195555, 362.30167794078886, 376.2841078801722, 387.3895282438724, 368.30167794078886, 378.3368180620223]}