{"time": [2149.653384923935, 2114.0867602825165, 2103.8080048561096, 2107.768580675125, 2126.454021215439, 2101.631335735321, 2074.270260810852, 2053.1732091903687, 2030.8385903835297, 2057.3666944503784, 2045.1424958705902, 2053.0555226802826, 2043.565439939499, 2048.7911484241486, 2039.4756426811218, 2059.95555973053, 2039.250601053238, 2057.998385667801, 2055.3522160053253, 2041.865478515625], "LL": [-88018.98573677278, -88022.23567142694, -88022.2744947981, -88024.61265487576, -88019.39837628469, -88022.42418070024, -88025.02523754496, -88020.2067115221, -88019.68536104383, -88023.12225728005, -88021.90028491184, -88018.6877662227, -88017.81682964462, -88022.11798450981, -88020.25678400697, -88023.8402513436, -88024.489965359, -88016.08070049404, -88018.59238082629, -88019.84137158221], "epochs": [200.38952824387243, 200.26653781955548, 200.3368180620223, 200.40709830448915, 200.2841078801722, 200.2841078801722, 200.3016779407889, 200.42466836510584, 200.3016779407889, 200.3016779407889, 200.40709830448915, 200.2841078801722, 200.3368180620223, 200.38952824387243, 200.2841078801722, 200.37195818325574, 200.3016779407889, 200.2841078801722, 200.35438812263902, 200.26653781955548]}