{"time": [2913.8929188251495, 2831.760899782181, 2823.0534274578094, 2835.625386953354, 2812.0000002384186, 2806.1848001480103, 2520.87043094635, 2569.442851781845, 2743.1382484436035, 2806.627182006836, 2784.3401005268097, 2780.997336626053, 2743.8015155792236, 2580.293089866638, 2733.561062812805, 2782.6131517887115, 2897.623530626297, 2657.4092042446136, 2713.5894968509674, 2652.386022567749], "LL": [-87913.65732467228, -87913.6572640689, -87913.65729451884, -87913.65718911673, -87913.65728110899, -87913.65729865465, -87913.65770697073, -87913.65728595355, -87913.65721878709, -87913.65730046884, -87913.65728195949, -87913.65731103485, -87913.65736258043, -87913.65725847802, -87913.65731593443, -87913.65729703843, -87913.65730119751, -87913.65730858625, -87913.65737792688, -87913.65736951085], "epochs": [142.38952824387243, 143.37195818325574, 140.38952824387243, 141.38952824387243, 147.35438812263902, 150.38952824387243, 124.37195818325573, 132.37195818325574, 148.44223842572256, 154.37195818325574, 147.38952824387243, 146.44223842572256, 146.37195818325574, 139.38952824387243, 149.45980848633928, 157.37195818325574, 170.3192480014056, 143.37195818325574, 148.38952824387243, 144.37195818325574]}