{"time": [1354.2638852596283, 1349.8518693447113, 1280.3034012317657, 1291.4404201507568, 1273.8117406368256, 1354.580860376358, 1343.8581478595734, 1168.0080347061157, 1237.2104604244232, 1276.3283426761627, 1194.865818977356, 1104.6272246837616, 1159.474776983261, 1169.4118390083313, 1138.6649885177612, 1157.1773929595947, 1190.822057723999, 1174.594476222992, 1134.5995860099792, 1121.0925488471985], "LL": [-87913.65710831429, -87913.65710742396, -87913.65710771446, -87913.65710706772, -87913.65710734502, -87913.65710724445, -87913.65710718012, -87913.65710716258, -87913.65710721166, -87913.65710703927, -87913.6571071187, -87913.65710786609, -87913.65710784328, -87913.65710711072, -87913.65710742769, -87913.65710732712, -87913.65710725148, -87913.65710729407, -87913.65710759615, -87913.65710707873], "epochs": [17.07625406307652, 19.093824123693224, 16.496442062725116, 17.514012123341825, 17.38952824387244, 20.442238425722568, 19.494948607572695, 18.301677940788895, 17.42466836510586, 18.442238425722568, 17.38952824387244, 17.301677940788895, 16.38952824387244, 18.38952824387244, 18.058684002459806, 17.42466836510586, 19.63849600281121, 16.42466836510586, 16.38952824387244, 18.336818062022314]}