{"time": [1359.8094696998596, 1343.1765539646149, 1250.7825853824615, 1296.592903137207, 1283.4329614639282, 1304.2808799743652, 1312.3439257144928, 1265.1731510162354, 1198.5749535560608, 1191.2051420211792, 1238.1344347000122, 1249.3717317581177, 1214.391350030899, 1174.5990545749664, 1198.897890329361, 1171.3645379543304, 1246.0799469947815, 1179.3186709880829, 1178.617028951645, 1222.831913471222], "LL": [-87913.65710777989, -87913.6571077483, -87913.657107114, -87913.65710723607, -87913.65710738902, -87913.65710736613, -87913.65710702295, -87913.6571073324, -87913.65710738793, -87913.65710717214, -87913.65710719483, -87913.65710738224, -87913.65710754413, -87913.6571076212, -87913.65710723861, -87913.6571070707, -87913.65710746481, -87913.65710727932, -87913.6571071946, -87913.65710720042], "epochs": [19.496442062725116, 21.63849600281121, 18.023543881226388, 18.058684002459806, 17.496442062725116, 20.07625406307652, 23.023543881226388, 18.07625406307652, 17.319248001405604, 17.98840375999297, 18.058684002459806, 17.531582183958534, 16.37195818325573, 17.0411139418431, 20.005973820609682, 19.585785820961082, 19.111394184309937, 18.058684002459806, 17.496442062725116, 18.111394184309937]}