{"time": [1481.2553853988647, 1407.871141910553, 1440.1225531101227, 1442.1730456352234, 1407.1781568527222, 1465.1017265319824, 1441.702646970749, 1499.1693487167358, 1450.2927532196045, 1403.805151462555, 1359.9284129142761, 1399.219841003418, 1417.1199774742126, 1381.841949224472, 1309.8448712825775, 1390.7585740089417, 1334.4331002235413, 1359.3063666820526, 1360.4073011875153, 1430.7101237773895], "LL": [-87913.65710761174, -87913.6571110262, -87913.65710730304, -87913.65710742296, -87913.65710961957, -87913.65711141062, -87913.65710883946, -87913.65710749784, -87913.6571080463, -87913.65710793684, -87913.65710819286, -87913.65710828922, -87913.65710767423, -87913.65711315756, -87913.65710842985, -87913.65710844292, -87913.6571086305, -87913.65710862701, -87913.65710774843, -87913.65710731059], "epochs": [36.37195818325573, 35.37195818325573, 36.38952824387244, 38.37195818325573, 31.40709830448915, 37.40709830448915, 30.442238425722568, 37.42466836510586, 36.37195818325573, 34.40709830448915, 36.319248001405604, 37.38952824387244, 38.38952824387244, 36.38952824387244, 34.33681806202232, 38.40709830448915, 35.37195818325573, 40.37195818325573, 35.42466836510586, 38.494948607572695]}