{"time": [10448.132603168488, 10207.258903503418, 10199.070148944855, 10196.892865419388, 10222.924793958664, 10186.849630832672, 10229.606217384338, 10195.258753061295, 10227.666331529617, 10230.353626012802, 10218.765782356262, 10191.028072595596, 10225.504643440247, 10211.76398062706, 10191.438768863678, 10228.35140132904], "LL": [-87913.80953936606, -87913.7985970801, -87913.80371879943, -87913.84040500439, -87913.7854948145, -87913.81832544811, -87913.8191147501, -87913.79937037658, -87913.81755514772, -87913.79076198181, -87913.7987595472, -87913.80536686738, -87913.78230303686, -87913.83313838392, -87913.84444013979, -87913.81917164927], "epochs": [1000.3719581832557, 1000.4070983044892, 1000.3016779407889, 1000.3192480014056, 1000.3192480014056, 1000.3016779407889, 1000.2841078801722, 1000.2665378195554, 1000.2841078801722, 1000.2841078801722, 1000.2665378195554, 1000.4422384257225, 1000.4070983044892, 1000.3016779407889, 1000.3016779407889, 1000.2665378195554]}