{"time": [1527.1720657348633, 1559.6817879676819, 1478.2552995681763, 1493.3885338306427, 1481.1951365470886, 1400.3860495090485, 1434.1200442314148, 1377.4570755958557, 1386.5655434131622, 1396.2408645153046, 1381.4830672740936, 1393.080088853836, 1382.1291108131409, 1344.145396232605, 1366.2709422111511, 1355.1458930969238, 1288.2028415203094, 1396.333289861679, 1341.3799498081207, 1314.1867406368256], "LL": [-87913.65710843376, -87913.65711042007, -87913.65710761755, -87913.65711080706, -87913.65710755489, -87913.6571131403, -87913.65710759746, -87913.65710811251, -87913.65710763379, -87913.65711632452, -87913.6571073695, -87913.65710858922, -87913.65710735452, -87913.65710918809, -87913.65710792015, -87913.65711039853, -87913.65710780885, -87913.65710794293, -87913.65710921446, -87913.65710923137], "epochs": [34.37195818325573, 36.42466836510586, 36.33681806202232, 32.42466836510586, 37.38952824387244, 35.38952824387244, 36.37195818325573, 32.38952824387244, 33.38952824387244, 34.38952824387244, 39.33681806202232, 37.38952824387244, 39.38952824387244, 33.38952824387244, 35.40709830448915, 36.37195818325573, 34.33681806202232, 40.40709830448915, 37.35438812263902, 36.33681806202232]}