{"time": [2017.2323467731476, 1967.0225315093994, 1947.1518876552582, 1931.5636613368988, 1919.0660462379456, 1915.4831130504608, 1915.6396689414978, 1925.213448047638, 1915.426498413086, 1918.8470849990845, 1920.3956003189087, 1915.5431005954742, 1920.9003658294678, 1915.1142983436584, 1916.7582828998566, 1915.8455674648285, 1920.6936357021332, 1917.1742520332336, 1920.0736722946167, 1917.5091784000397], "LL": [-87978.07133158593, -87979.29816258025, -87978.24259742329, -87978.18139326427, -87978.05677035921, -87979.31696547181, -87977.9088422324, -87978.41699705561, -87978.79504860558, -87978.04262491692, -87979.89333869086, -87977.86757624171, -87977.96360847054, -87979.91641773858, -87978.1957998401, -87978.13335568353, -87980.11332192105, -87977.74220693811, -87978.1267740451, -87977.90270574782], "epochs": [200.42466836510584, 200.2841078801722, 200.3016779407889, 200.3192480014056, 200.3016779407889, 200.26653781955548, 200.3192480014056, 200.3016779407889, 200.26653781955548, 200.37195818325574, 200.26653781955548, 200.3368180620223, 200.37195818325574, 200.26653781955548, 200.38952824387243, 200.3016779407889, 200.5300887288061, 200.3368180620223, 200.42466836510584, 200.3192480014056]}