{"time": [10314.28286933899, 10076.189706087112, 10087.121916532516, 10065.859930753708, 10063.547640562057, 10058.308672189713, 10068.500579833984, 10068.363161563873, 10063.12852191925, 10072.695065498352, 10071.041110992432, 10077.25221824646, 10054.995428323746, 10062.646413087845, 10060.408445119858, 10076.36179637909, 10070.50792503357], "LL": [-87913.7094859418, -87913.70950692557, -87913.7092059697, -87913.7096618251, -87913.70970330508, -87913.70787773395, -87913.70961129943, -87913.71001104401, -87913.70860044076, -87913.7098450502, -87913.70465474234, -87913.70770966992, -87913.71002534735, -87913.70903866625, -87913.71000568494, -87913.70986448393, -87913.70980286381], "epochs": [1000.2841078801722, 1000.3016779407889, 1000.4070983044892, 1000.2841078801722, 1000.4246683651058, 1000.4422384257225, 1000.4070983044892, 1000.4070983044892, 1000.3719581832557, 1000.3016779407889, 1000.3895282438724, 1000.4246683651058, 1000.2665378195554, 1000.3368180620223, 1000.4070983044892, 1000.4070983044892, 1000.4246683651058]}