{"time": [1238.2208905220032, 1229.4557964801788, 1175.4307253360748, 1209.0407176017761, 1284.7122888565063, 1156.9481637477875, 1206.8975455760956, 1120.1738181114197, 1198.1668963432312, 1180.9390144348145, 1105.619383573532, 1106.792011499405, 1121.7227292060852, 1116.9387719631195, 1163.7503910064697, 1079.3719899654388, 1199.2703371047974, 1124.9024140834808, 1146.7729742527008, 1151.3128645420074], "LL": [-87913.6571071124, -87913.6571072711, -87913.65710854782, -87913.65710711345, -87913.65710710369, -87913.65710707521, -87913.65710705993, -87913.65710721168, -87913.65710725644, -87913.6571075797, -87913.65710707719, -87913.65710727482, -87913.65710725846, -87913.6571070618, -87913.65710720146, -87913.65710719448, -87913.65710738345, -87913.65710820918, -87913.65710709139, -87913.65710763562], "epochs": [18.44373188087499, 18.37195818325573, 18.301677940788895, 20.319248001405604, 18.442238425722568, 19.005973820609682, 18.40709830448915, 16.319248001405604, 18.38952824387244, 16.42466836510586, 18.301677940788895, 19.550645699727664, 19.023543881226388, 18.336818062022314, 20.37195818325573, 18.319248001405604, 17.477378546955986, 17.6209259421945, 19.63849600281121, 18.07625406307652]}