{"time": [8252.324258327484, 7999.718413591385, 7974.520212888718, 7971.093412160873, 7954.94562959671, 7953.8795964717865, 7970.057223081589, 7929.637330532074, 8009.654878139496, 7964.599072217941, 7977.494464159012, 7992.638728380203, 7941.217982530594, 7941.799030780792, 7941.192060470581, 7999.640092372894, 7955.941853046417, 7965.319580793381, 7996.564469099045, 7990.358787536621], "LL": [-92795.39687462333, -92975.66045295027, -93302.15122806419, -93050.50852905428, -93345.2447529063, -93331.21229547662, -93359.93807325145, -93438.24017621565, -93064.29581034594, -93321.33935978811, -93178.5429453951, -92864.95861934462, -93362.4590511935, -93420.84504954249, -93285.72544734114, -93117.72373243848, -93331.78610091217, -93231.34438826177, -93175.8435793415, -93006.0893692556], "epochs": [1000.2841078801722, 1000.3016779407889, 1000.3016779407889, 1000.2665378195554, 1000.2665378195554, 1000.3895282438724, 1000.2665378195554, 1000.3016779407889, 1000.3368180620223, 1000.2841078801722, 1000.2665378195554, 1000.3192480014056, 1000.2665378195554, 1000.2841078801722, 1000.2841078801722, 1000.2665378195554, 1000.2841078801722, 1000.3016779407889, 1000.3719581832557, 1000.2841078801722]}