{"time": [15418.524873256683, 14687.922328710556, 13941.709172725677, 14728.28335261345, 14706.27784538269, 13945.231564283371, 13986.256751060486, 14003.284637212753, 15314.914990663528, 14554.277534723282, 14608.628453493118], "LL": [-87913.65716608395, -87913.65727112388, -87913.65711573181, -87913.65710764106, -87913.65710710073, -87913.65711536152, -87913.65710903182, -87913.65711763158, -87913.65711276956, -87913.65710770036, -87913.65711546478], "epochs": [20.38952824387244, 20.42466836510586, 19.38952824387244, 20.354388122639023, 20.38952824387244, 19.38952824387244, 19.477378546955986, 19.38952824387244, 21.37195818325573, 20.40709830448915, 20.301677940788895]}