{"time": [14135.109072446823, 15230.709426403046, 14544.531060695648, 14548.283241987228, 14476.828421115875, 13158.833673477173, 13659.942009449005, 14352.429134130478, 15207.24810218811, 15924.495904445648, 14411.62348151207], "LL": [-87913.65714595048, -87913.6571150733, -87913.6571169877, -87913.65710759402, -87913.65710769105, -87913.65710950717, -87913.6571217746, -87913.65710797846, -87913.65710795892, -87913.65710709634, -87913.65710896777], "epochs": [19.442238425722568, 21.37195818325573, 20.37195818325573, 20.40709830448915, 20.38952824387244, 18.38952824387244, 19.354388122639023, 20.336818062022314, 21.37195818325573, 22.40709830448915, 20.38952824387244]}