{"time": [1596.5285911560059, 1563.6447954177856, 1562.22785282135, 1559.1218276023865, 1573.2461094856262, 1550.5540833473206, 1595.9263980388641, 1564.5052423477173, 1540.5760974884033, 1521.7024493217468, 1516.185052394867, 1529.0676021575928, 1517.5907731056213, 1509.664573431015, 1521.6286308765411, 1500.4720478057861, 1520.0226573944092, 1517.4254937171936, 1519.6646671295166, 1517.9684250354767], "LL": [-95642.36178300211, -95580.91780284069, -95523.80457986539, -95650.84228212785, -95420.45468004268, -95599.12333584097, -94878.76753310618, -95065.23313520003, -95552.83166948918, -95695.80221815947, -95612.37958278986, -95560.6467309744, -95592.53604187675, -95663.72796924291, -95375.40586985812, -95727.92418851313, -95560.58926777296, -95614.119283107, -95651.328683773, -95583.23479946579], "epochs": [200.2841078801722, 200.3016779407889, 200.3016779407889, 200.2841078801722, 200.3192480014056, 200.26653781955548, 200.3016779407889, 200.26653781955548, 200.2841078801722, 200.3016779407889, 200.2841078801722, 200.26653781955548, 200.3016779407889, 200.26653781955548, 200.3368180620223, 200.2841078801722, 200.3016779407889, 200.2841078801722, 200.3016779407889, 200.2841078801722]}