{"time": [8040.331387281418, 7465.756050348282, 7463.458870649338, 7465.683932304382, 7419.640708208084, 7468.868280649185, 7464.493349790573, 7524.394088745117, 7475.403831720352, 7520.725763320923, 7438.79782128334, 7454.605261325836, 7464.64991235733, 7472.991185426712, 7476.20126247406, 7459.177889347076, 7425.296448230743, 7472.275411605835, 7441.862390995026, 7461.897915840149], "LL": [-92992.33182448089, -93364.84870939562, -93190.14149600937, -93110.81599258234, -93439.69238952042, -93136.43643468163, -93199.69906141165, -92945.41568692817, -92991.6965188838, -93028.9066718493, -93306.74654399787, -93346.04115103371, -93232.62374723931, -93167.57853288796, -93037.38484002951, -93305.38934168604, -93450.58878626347, -92849.87840053537, -93137.3466452707, -93023.0175404692], "epochs": [1000.3016779407889, 1000.3368180620223, 1000.2841078801722, 1000.3016779407889, 1000.3192480014056, 1000.3016779407889, 1000.2841078801722, 1000.2841078801722, 1000.2841078801722, 1000.3192480014056, 1000.3016779407889, 1000.3719581832557, 1000.2841078801722, 1000.2841078801722, 1000.2841078801722, 1000.3368180620223, 1000.3368180620223, 1000.3016779407889, 1000.2841078801722, 1000.2841078801722]}