{"time": [3677.1947407722473, 3928.1687161922455, 3596.1379408836365, 3545.0230026245117, 3449.0359301567078, 3580.860774040222, 3420.8289065361023, 3262.586618900299, 3603.6886665821075, 3527.573679447174, 3372.060085296631, 3520.377548933029, 3570.8410782814026, 3529.2757737636566, 3477.0797815322876, 3506.3730437755585, 3478.8574590682983, 3513.0188670158386, 3502.635635614395, 3468.3337349891663], "LL": [-87913.65750682022, -87913.65728964478, -87913.65732684643, -87913.65743753783, -87913.65730233167, -87913.65723496837, -87913.65728892392, -87913.65764529986, -87913.65731381232, -87913.65729344502, -87913.657652327, -87913.65751144922, -87913.65720575489, -87913.65728126712, -87913.65725170895, -87913.65734332627, -87913.65723454059, -87913.65719442972, -87913.65740080808, -87913.65739341876], "epochs": [145.35438812263902, 163.44223842572256, 156.3192480014056, 152.37195818325574, 143.40709830448915, 143.5125186681894, 139.38952824387243, 128.37195818325574, 160.3368180620223, 154.38952824387243, 142.3192480014056, 147.37195818325574, 150.44223842572256, 148.42466836510584, 149.37195818325574, 143.40709830448915, 143.37195818325574, 151.37195818325574, 147.38952824387243, 146.3368180620223]}