{"time": [2101.5119116306305, 2070.2221298217773, 2068.8491792678833, 2069.2211079597473, 2066.1877279281616, 2073.6342737674713, 2056.578578710556, 2036.6749687194824, 2024.857616186142, 2014.9420828819275, 2011.4752452373505, 2011.778911113739, 2008.5060286521912, 2014.9872517585754, 2015.0624034404755, 2011.7841696739197, 2018.1885488033295, 2013.9009339809418, 2013.2742428779602, 2014.8081090450287], "LL": [-88034.77373578296, -88034.77373578296, -88034.77373578296, -88034.77373578296, -88034.77373578296, -88034.77373578296, -88034.77373578296, -88034.77373578296, -88034.77373578296, -88034.77373578296, -88034.77373578296, -88034.77373578296, -88034.77373578296, -88034.77373578296, -88034.77373578296, -88034.77373578296, -88034.77373578296, -88034.77373578296, -88034.77373578296, -88034.77373578296], "epochs": [200.0, 200.0, 200.0, 200.0, 200.0, 200.0, 200.0, 200.0, 200.0, 200.0, 200.0, 200.0, 200.0, 200.0, 200.0, 200.0, 200.0, 200.0, 200.0, 200.0]}