{"time": [2037.4073135852814, 1973.6906809806824, 1960.359402179718, 1950.117877483368, 1948.0900988578796, 1948.629643201828, 1948.2198672294617, 1947.9004271030426, 1947.3116314411163, 1947.5679609775543, 1950.8836526870728, 1948.6693716049194, 1948.3729898929596, 1949.2215633392334, 1946.9496648311615, 1947.3436162471771, 1952.1706655025482, 1949.0364475250244, 1947.5816249847412, 1948.0760834217072], "LL": [-87986.07867030831, -87986.07867030831, -87986.07867030831, -87986.07867030831, -87986.07867030831, -87986.07867030831, -87986.07867030831, -87986.07867030831, -87986.07867030831, -87986.07867030831, -87986.07867030831, -87986.07867030831, -87986.07867030831, -87986.07867030831, -87986.07867030831, -87986.07867030831, -87986.07867030831, -87986.07867030831, -87986.07867030831, -87986.07867030831], "epochs": [200.0, 200.0, 200.0, 200.0, 200.0, 200.0, 200.0, 200.0, 200.0, 200.0, 200.0, 200.0, 200.0, 200.0, 200.0, 200.0, 200.0, 200.0, 200.0, 200.0]}