{"time": [10518.825250864029, 10269.365390062332, 10272.180759429932, 10288.006062030792, 10298.249059677124, 10288.763659954071, 10282.23603630066, 10332.385969161987, 10346.749950408936, 10320.80083990097, 10245.969759941101, 10299.080922603607, 10333.089841127396, 10315.456072807312, 10277.49984049797, 10247.216911315918], "LL": [-87913.81840691106, -87913.81840691106, -87913.81840691106, -87913.81840691106, -87913.81840691106, -87913.81840691106, -87913.81840691106, -87913.81840691106, -87913.81840691106, -87913.81840691106, -87913.81840691106, -87913.81840691106, -87913.81840691106, -87913.81840691106, -87913.81840691106, -87913.81840691106], "epochs": [1000.0, 1000.0, 1000.0, 1000.0, 1000.0, 1000.0, 1000.0, 1000.0, 1000.0, 1000.0, 1000.0, 1000.0, 1000.0, 1000.0, 1000.0, 1000.0]}