{"time": [5438.171113491058, 5181.018556594849, 5056.248364210129, 5056.726912021637, 5015.209520816803, 5024.662812232971, 5017.399305105209, 5024.417588710785, 5022.118450880051, 5061.160025596619, 5049.836185216904, 5044.977714061737, 4992.515736341476, 5041.315596818924, 5031.652671575546, 5035.335412740707, 5018.688235998154, 5015.9676966667175, 5048.001498699188, 4977.946889162064], "LL": [-87913.65731831038, -87913.65731831038, -87913.65731831038, -87913.65731831038, -87913.65731831038, -87913.65731831038, -87913.65731831038, -87913.65731831038, -87913.65731831038, -87913.65731831038, -87913.65731831038, -87913.65731831038, -87913.65731831038, -87913.65731831038, -87913.65731831038, -87913.65731831038, -87913.65731831038, -87913.65731831038, -87913.65731831038, -87913.65731831038], "epochs": [393.0, 393.0, 393.0, 393.0, 393.0, 393.0, 393.0, 393.0, 393.0, 393.0, 393.0, 393.0, 393.0, 393.0, 393.0, 393.0, 393.0, 393.0, 393.0, 393.0]}