{"time": [10315.619950056076, 10075.059384584427, 10085.83738541603, 10077.511487007141, 10080.006073236465, 10069.234779119492, 10077.853323936462, 10075.224387168884, 10083.08485007286, 10082.159997463226, 10082.171843767166, 10072.870626211166, 10073.451277971268, 10070.968405485153, 10077.950800418854, 10076.541404008865, 10067.067053079605], "LL": [-87913.71646897835, -87913.71646897835, -87913.71646897835, -87913.71646897835, -87913.71646897835, -87913.71646897835, -87913.71646897835, -87913.71646897835, -87913.71646897835, -87913.71646897835, -87913.71646897835, -87913.71646897835, -87913.71646897835, -87913.71646897835, -87913.71646897835, -87913.71646897835, -87913.71646897835], "epochs": [1000.0, 1000.0, 1000.0, 1000.0, 1000.0, 1000.0, 1000.0, 1000.0, 1000.0, 1000.0, 1000.0, 1000.0, 1000.0, 1000.0, 1000.0, 1000.0, 1000.0]}