{"time": [8076.173630475998, 7848.015691041946, 7828.832670927048, 7835.768077611923, 7821.679395675659, 7830.657686948776, 7828.596188545227, 7832.960596323013, 7830.907452821732, 7828.826959609985, 7827.335541009903, 7829.582730770111, 7827.3194127082825, 7829.886955738068, 7825.707262516022, 7833.863418579102, 7829.3661007881165, 7828.461975812912, 7829.3659818172455, 7835.111697435379], "LL": [-93440.25536075568, -93440.25536075568, -93440.25536075568, -93440.25536075568, -93440.25536075568, -93440.25536075568, -93440.25536075568, -93440.25536075568, -93440.25536075568, -93440.25536075568, -93440.25536075568, -93440.25536075568, -93440.25536075568, -93440.25536075568, -93440.25536075568, -93440.25536075568, -93440.25536075568, -93440.25536075568, -93440.25536075568, -93440.25536075568], "epochs": [1000.0, 1000.0, 1000.0, 1000.0, 1000.0, 1000.0, 1000.0, 1000.0, 1000.0, 1000.0, 1000.0, 1000.0, 1000.0, 1000.0, 1000.0, 1000.0, 1000.0, 1000.0, 1000.0, 1000.0]}