{"time": [1614.2585480213165, 1572.483057975769, 1571.514521598816, 1571.067034959793, 1571.0699512958527, 1570.3782231807709, 1559.40381026268, 1547.6999340057373, 1538.4656381607056, 1533.0109629631042, 1523.9458549022675, 1526.457454919815, 1526.7766177654266, 1527.6896414756775, 1529.7005772590637, 1530.3214869499207, 1529.5596668720245, 1528.4051251411438, 1527.7177093029022, 1528.2620952129364], "LL": [-95717.56482715141, -95717.56482715141, -95717.56482715141, -95717.56482715141, -95717.56482715141, -95717.56482715141, -95717.56482715141, -95717.56482715141, -95717.56482715141, -95717.56482715141, -95717.56482715141, -95717.56482715141, -95717.56482715141, -95717.56482715141, -95717.56482715141, -95717.56482715141, -95717.56482715141, -95717.56482715141, -95717.56482715141, -95717.56482715141], "epochs": [200.0, 200.0, 200.0, 200.0, 200.0, 200.0, 200.0, 200.0, 200.0, 200.0, 200.0, 200.0, 200.0, 200.0, 200.0, 200.0, 200.0, 200.0, 200.0, 200.0]}