{"time": [17733.803838968277, 17160.481765270233, 17099.336203336716, 17195.210147857666, 17103.00619983673, 17156.51371526718, 17130.135516881943, 17055.07964372635, 17065.36148262024, 17298.63015818596], "LL": [-87913.65710715464, -87913.65710715464, -87913.65710715464, -87913.65710715464, -87913.65710715464, -87913.65710715464, -87913.65710715464, -87913.65710715464, -87913.65710715464, -87913.65710715464], "epochs": [23.0, 23.0, 23.0, 23.0, 23.0, 23.0, 23.0, 23.0, 23.0, 23.0]}