{"time": [17081.447904109955, 16704.11589884758, 16730.649685144424, 16724.980144500732, 16712.560428857803, 16715.91383290291, 16689.806173324585, 16745.617022037506, 16807.159656763077, 16679.298981666565], "LL": [-87913.65710715464, -87913.65710715464, -87913.65710715464, -87913.65710715464, -87913.65710715464, -87913.65710715464, -87913.65710715464, -87913.65710715464, -87913.65710715464, -87913.65710715464], "epochs": [23.0, 23.0, 23.0, 23.0, 23.0, 23.0, 23.0, 23.0, 23.0, 23.0]}