{"time": [8498.254603624344, 7151.616360902786, 7907.2672073841095, 7461.425829410553, 7864.977326393127, 8113.980007410049, 8177.775321722031, 7498.433542013168, 7843.730635881424, 7855.606117963791, 7335.190223932266, 6953.300601005554, 7376.7370545864105, 7473.910414457321, 7087.215676784515, 7664.825927257538, 7353.853472232819, 7407.539038181305, 7635.53008389473, 8011.790568590164], "LL": [-87913.6576898304, -87913.65730502894, -87913.65732322638, -87913.65738695851, -87913.657579014, -87913.65749680408, -87913.65737435801, -87913.65762466574, -87913.65732316022, -87913.65759755622, -87913.65749197466, -87913.65771181295, -87913.65746387352, -87913.65754119177, -87913.6575023796, -87913.65765207709, -87913.65783654251, -87913.65742864294, -87913.65760155839, -87913.65782644057], "epochs": [590.2287621892295, 353.6504436440306, 627.1584819467628, 579.017921461829, 604.1584819467628, 681.140911886146, 667.263902310463, 516.3517526135465, 640.0706316436792, 644.0003514012124, 507.2111921286129, 456.140911886146, 498.38689273477996, 528.2814723710796, 464.22876218922954, 607.0530615830625, 527.1584819467628, 551.5977334621805, 594.0706316436792, 655.140911886146]}