{"time": [5757.261792898178, 5598.219579935074, 5578.935441017151, 5573.088201761246, 5577.019825458527, 5578.307597398758, 5582.091529846191, 5574.2553589344025, 5571.027442216873, 5577.257887601852, 5575.929018974304, 5576.148081541061, 5572.206404209137, 5573.898351430893, 5575.021849632263, 5577.142829418182, 5579.459943056107, 5580.53009223938, 5573.018238067627, 5576.360934019089], "LL": [-88541.11306664169, -88480.69247209578, -88550.72224021173, -88500.96125161124, -88510.07863662604, -88562.02838302811, -88522.20948825676, -88493.3135016589, -88550.71814898269, -88416.7793828685, -88460.30427742156, -88529.70035785125, -88533.13670969274, -88538.06412301761, -88374.37808787143, -88506.93327711376, -88505.07616013, -88557.04556593511, -88597.81718788647, -88466.61999836503], "epochs": [1000.8422208556619, 1000.0706316436792, 1000.0354915224457, 1000.0003514012124, 1000.8773609768954, 1000.9476412193621, 1000.8773609768954, 1000.8422208556619, 1000.8773609768954, 1000.8422208556619, 1000.8773609768954, 1000.8773609768954, 1000.8422208556619, 1000.8422208556619, 1000.9125010981288, 1000.8422208556619, 1000.8070807344285, 1000.8422208556619, 1000.8422208556619, 1000.8070807344285]}