{"time": [1641.2538692951202, 1154.7577464580536, 3508.0881390571594, 1250.9444072246552, 1201.6940641403198, 1334.9457800388336, 1319.1805317401886, 1660.3489983081818, 1217.1955811977386, 1575.893406867981, 1327.1258420944214, 1220.5519034862518, 1137.7924010753632, 1111.9985630512238, 1284.8922448158264, 1301.7094569206238, 1117.9697470664978, 1064.4623305797577, 1992.717291355133, 1312.029566526413], "LL": [-87913.65716429065, -87913.65714626954, -87913.65720131158, -87913.65716941167, -87913.65724393222, -87913.65719321063, -87913.65720811421, -87913.657175406, -87913.65718711965, -87913.65720009446, -87913.65717565028, -87913.65718014199, -87913.65717176488, -87913.65715103963, -87913.65717655695, -87913.657156305, -87913.65719264772, -87913.65713578994, -87913.65716062297, -87913.65713739081], "epochs": [11.881489941140297, 12.40709830448915, 15.358868488096284, 10.512518668189404, 9.459808486339277, 11.60036897127295, 10.58279891065624, 11.951770183607133, 13.494948607572695, 11.951770183607133, 13.63550909250637, 11.547658789422822, 12.442238425722568, 13.424668365105859, 9.617939031889659, 22.58279891065624, 10.459808486339277, 13.40709830448915, 11.637002547658788, 10.723359395589915]}