{"time": [8117.628064393997, 7418.56112742424, 8249.295947551727, 6961.954985141754, 7569.7394552230835, 6661.560750007629, 7319.668286323547, 6789.216872692108, 8270.673377275467, 5443.9843945503235, 6897.006852149963, 7685.12509393692, 7319.031243085861, 7468.7717871665955, 8120.2228882312775, 6998.729588985443, 7447.248252391815, 9014.383115053177, 6197.83881521225, 6898.66921544075], "LL": [-87913.65734050615, -87913.6571930191, -87913.65718539903, -87913.65735158494, -87913.65719057021, -87913.65723262567, -87913.65717724852, -87913.6574786519, -87913.65720107763, -87913.65721980063, -87913.65723476374, -87913.65725892114, -87913.65719894081, -87913.65717644832, -87913.6572124749, -87913.65721926818, -87913.65717774532, -87913.6572241698, -87913.65716420233, -87913.65726715735], "epochs": [10.881489941140297, 10.442238425722568, 11.565228850039531, 9.688219274356497, 10.617939031889659, 9.38952824387244, 10.442238425722568, 9.512518668189404, 11.58279891065624, 7.477378546955987, 9.617939031889659, 10.793639638056751, 10.371958183255732, 10.547658789422822, 11.424668365105859, 9.758499516823333, 10.459808486339277, 12.477378546955986, 8.670649213739788, 9.653079153123079]}