{"time": [14331.878549814224, 14235.80377793312, 13470.033174276352, 14195.386909723282, 12557.737770557404, 14178.326163291931, 13701.571937799454, 12088.677292108536, 14293.953165054321, 14305.56402540207, 14184.890842199326, 12798.025873661041], "LL": [-87913.65757325212, -87913.65715222369, -87913.65712122171, -87913.65721962409, -87913.65731456416, -87913.65716766214, -87913.65722433673, -87913.65756157735, -87913.65712934117, -87913.65712426812, -87913.65713310483, -87913.65713313418], "epochs": [18.07063164367917, 19.28147237107968, 18.07063164367917, 19.158481946762713, 17.05306158306246, 19.10577176491259, 18.43960291663006, 16.22876218922955, 19.422032856013352, 19.404462795396643, 19.28147237107968, 17.263902310462967]}