{"time": [1154.4358282089233, 1108.0313758850098, 1117.3088955879211, 1129.2138526439667, 1122.7761566638947, 1118.3631145954132, 1113.4383516311646, 1112.0077857971191, 1098.999008178711, 1092.480169057846, 1098.9869284629822, 1090.794769525528, 1093.2332217693329, 1086.5057361125946, 1089.4484531879425, 1086.7946248054504, 1098.4372198581696, 1084.784688949585, 1086.0559310913086, 1092.5316314697266], "LL": [-88087.48385257287, -88077.4542739993, -88047.9725456187, -88057.60130765183, -88054.10630941931, -88027.45498475713, -88052.27742401719, -88046.05314816354, -88103.15128146672, -88106.99314410445, -88070.02770597771, -88063.40074232475, -88054.28739797167, -88138.79421714596, -88061.949216401, -88149.17076314025, -88078.88374304793, -88065.38863422628, -88115.73532676694, -88052.20777795823], "epochs": [200.60036897127296, 200.56522885003955, 200.60036897127296, 200.56522885003955, 200.56522885003955, 200.56522885003955, 200.56522885003955, 200.56522885003955, 200.56522885003955, 200.56522885003955, 200.56522885003955, 200.5300887288061, 200.56522885003955, 200.5300887288061, 200.56522885003955, 200.60036897127296, 200.56522885003955, 200.54765878942283, 200.60036897127296, 200.60036897127296]}