{"time": [5735.82909488678, 5586.720980644226, 5558.725532531738, 5555.558389663696, 5561.085849285126, 5563.44146156311, 5559.665553331375, 5553.380663394928, 5558.514173984528, 5561.170298576355, 5561.142994403839, 5561.272106170654, 5559.567708492279, 5551.078701734543, 5559.228017568588, 5556.808132410049, 5561.7611792087555, 5556.65058016777, 5559.557737588882, 5558.552547454834], "LL": [-88604.3125480589, -88604.3125480589, -88604.3125480589, -88604.3125480589, -88604.3125480589, -88604.3125480589, -88604.3125480589, -88604.3125480589, -88604.3125480589, -88604.3125480589, -88604.3125480589, -88604.3125480589, -88604.3125480589, -88604.3125480589, -88604.3125480589, -88604.3125480589, -88604.3125480589, -88604.3125480589, -88604.3125480589, -88604.3125480589], "epochs": [1000.0, 1000.0, 1000.0, 1000.0, 1000.0, 1000.0, 1000.0, 1000.0, 1000.0, 1000.0, 1000.0, 1000.0, 1000.0, 1000.0, 1000.0, 1000.0, 1000.0, 1000.0, 1000.0, 1000.0]}