{"time": [1146.1507515907288, 1105.6697254180908, 1093.983669757843, 1091.222609758377, 1083.345320224762, 1083.632052898407, 1085.5904986858368, 1079.703726053238, 1073.2055373191833, 1072.2560913562775, 1077.156306028366, 1095.1648333072662, 1075.7399604320526, 1071.8442919254303, 1073.7001984119415, 1074.2476348876953, 1075.6439847946167, 1078.2598040103912, 1076.7034928798676, 1078.3253767490387], "LL": [-88131.18329922155, -88131.18329922155, -88131.18329922155, -88131.18329922155, -88131.18329922155, -88131.18329922155, -88131.18329922155, -88131.18329922155, -88131.18329922155, -88131.18329922155, -88131.18329922155, -88131.18329922155, -88131.18329922155, -88131.18329922155, -88131.18329922155, -88131.18329922155, -88131.18329922155, -88131.18329922155, -88131.18329922155, -88131.18329922155], "epochs": [200.0, 200.0, 200.0, 200.0, 200.0, 200.0, 200.0, 200.0, 200.0, 200.0, 200.0, 200.0, 200.0, 200.0, 200.0, 200.0, 200.0, 200.0, 200.0, 200.0]}