{"time": [12084.457419633865, 11798.466557741165, 11783.371584415436, 11883.210433721542, 11847.587770700455, 11774.477582216263, 11644.353152036667, 11804.699805498123, 11826.277392148972, 11777.546201467514, 11733.635904788971, 11803.530451536179, 11860.480024576187, 11890.675777673721], "LL": [-87913.65738019107, -87913.65738019107, -87913.65738019107, -87913.65738019107, -87913.65738019107, -87913.65738019107, -87913.65738019107, -87913.65738019107, -87913.65738019107, -87913.65738019107, -87913.65738019107, -87913.65738019107, -87913.65738019107, -87913.65738019107], "epochs": [15.0, 15.0, 15.0, 15.0, 15.0, 15.0, 15.0, 15.0, 15.0, 15.0, 15.0, 15.0, 15.0, 15.0]}