{"time": [10941.59141087532, 10733.37619972229, 10531.8255879879, 10555.891904354095, 10541.248263120651, 10545.285581588745, 10449.374899864197], "LL": [-87913.65717280225, -87913.65717280225, -87913.65717280225, -87913.65717280225, -87913.65717280225, -87913.65717280225, -87913.65717280225], "epochs": [14.0, 14.0, 14.0, 14.0, 14.0, 14.0, 14.0]}