{"time": [11155.26706814766, 10632.14853978157, 10662.46344256401, 10661.569948911667, 10695.106482028961, 10560.673544168472, 10502.045817136765, 10535.365513801575, 10555.312937498093, 10502.05918598175, 10507.764959573746, 10634.994341135025, 10581.229787349701, 10557.563081264496, 10574.171509027481, 10500.23227238655], "LL": [-87913.65714465544, -87913.65714465544, -87913.65714465544, -87913.65714465544, -87913.65714465544, -87913.65714465544, -87913.65714465544, -87913.65714465544, -87913.65714465544, -87913.65714465544, -87913.65714465544, -87913.65714465544, -87913.65714465544, -87913.65714465544, -87913.65714465544, -87913.65714465544], "epochs": [14.0, 14.0, 14.0, 14.0, 14.0, 14.0, 14.0, 14.0, 14.0, 14.0, 14.0, 14.0, 14.0, 14.0, 14.0, 14.0]}