{"SM_MNL": 7.642798628403955e-07, "SM_Nested": 0.002632133985487234, "LPMC_MNL_DC_S": 0.020730678636620467, "LPMC_MNL_DC_M": 0.030587953346164, "LPMC_MNL_DC_L": 0.018469186442901655, "LPMC_MNL_RR_S": 0.01270645540385412, "LPMC_MNL_RR_M": 0.06480577317378522, "LPMC_MNL_RR_L": 0.07456617283185099, "LPMC_MNL_Full_S": 0.010964620444812539, "LPMC_MNL_Full_M": 0.014797180351006444, "LPMC_MNL_Full_L": 0.034207890503777635, "MTMC_MNL": 0.17199854908585915}