{"time": [4.827417850494385, 4.7921319007873535, 4.33807110786438, 4.228417873382568, 4.239182949066162, 4.29535174369812, 4.215488433837891, 4.318134069442749, 4.229963541030884, 4.303156614303589, 4.240570545196533, 4.322133779525757, 4.274108409881592, 4.274629831314087, 4.282339096069336, 4.212323904037476, 4.318008899688721, 4.23958683013916, 4.249621629714966, 4.208656311035156], "LL": [-67925.59207508742, -67925.59207508742, -67925.59207508742, -67925.59207508742, -67925.59207508742, -67925.59207508742, -67925.59207508742, -67925.59207508742, -67925.59207508742, -67925.59207508742, -67925.59207508742, -67925.59207508742, -67925.59207508742, -67925.59207508742, -67925.59207508742, -67925.59207508742, -67925.59207508742, -67925.59207508742, -67925.59207508742, -67925.59207508742], "epochs": [123, 123, 123, 123, 123, 123, 123, 123, 123, 123, 123, 123, 123, 123, 123, 123, 123, 123, 123, 123]}