{"time": [6.359411716461182, 6.140503644943237, 6.122750759124756, 6.3970558643341064], "LL": [-67925.58838599993, -67925.58838619791, -67925.58838598919, -67925.58838599139], "epochs": [20.305132821942138, 20.305132821942138, 20.317465407098638, 21.292800236785634]}