{"time": [6.359411716461182, 6.140503644943237, 6.122750759124756, 6.3970558643341064, 6.214016914367676, 6.055015802383423, 6.509639024734497, 6.032160758972168, 6.31384539604187, 5.857057332992554, 6.389833211898804, 6.248922109603882, 6.3210906982421875, 6.190200567245483, 6.084105491638184, 6.191078424453735, 6.570632696151733, 5.983751535415649, 5.791311025619507, 6.3557562828063965], "LL": [-67925.58838599993, -67925.58838619791, -67925.58838598919, -67925.58838599139, -67925.5883860009, -67925.588386019, -67925.58838598792, -67925.58838613002, -67925.58838599002, -67925.588386648, -67925.58838598782, -67925.5883860749, -67925.58838598829, -67925.58838615977, -67925.58838598792, -67925.58838605367, -67925.58838599306, -67925.58838612035, -67925.58838605395, -67925.58838603801], "epochs": [20.305132821942138, 20.305132821942138, 20.317465407098638, 21.292800236785634, 19.317465407098638, 19.292800236785634, 21.317465407098638, 18.317465407098638, 20.342130577411638, 19.280467651629134, 20.305132821942138, 20.305132821942138, 21.292800236785634, 19.317465407098638, 18.317465407098638, 20.317465407098638, 21.329797992255138, 18.292800236785634, 17.280467651629134, 21.342130577411638]}