{"time": [4.317292213439941, 4.366051912307739, 4.275175094604492, 4.8784308433532715, 4.477504253387451, 4.492562294006348, 4.402773141860962, 4.342831611633301, 4.439934730529785, 4.427440404891968, 5.238094806671143, 4.614128589630127, 4.950763702392578, 4.32795262336731, 4.816392421722412, 3.799670457839966, 4.930688142776489, 4.319034099578857, 5.4973602294921875, 3.871791124343872], "LL": [-67925.58838602496, -67925.58838602157, -67925.58838605414, -67925.58838603648, -67925.58838607348, -67925.58838604965, -67925.58838612451, -67925.58838599308, -67925.58838602755, -67925.58838603714, -67925.58838619047, -67925.58838600891, -67925.58838625593, -67925.58838602442, -67925.58838616294, -67925.58838641412, -67925.58838601441, -67925.58838600673, -67925.58838601771, -67925.58838700321], "epochs": [11.268135066472635, 11.280467651629134, 11.268135066472635, 15.255802481316135, 12.280467651629134, 12.268135066472635, 12.268135066472635, 11.268135066472635, 12.268135066472635, 11.366795747724638, 17.268135066472635, 12.268135066472635, 15.268135066472635, 11.280467651629134, 14.268135066472635, 9.280467651629134, 14.292800236785634, 11.255802481316135, 18.268135066472635, 9.243469896159633]}