{"time": [128.73482704162598, 127.95482230186462, 128.30483317375183, 129.05654859542847, 128.39177823066711, 129.6222882270813, 127.92683744430542, 128.10896348953247, 128.30468773841858, 128.3406593799591, 128.27976369857788, 128.36093974113464, 127.72568702697754, 128.9987850189209, 128.51636838912964, 128.94994735717773, 128.13143968582153, 127.97925114631653, 128.79200506210327, 127.75504088401794], "LL": [68381.08059735328, 68436.06866712218, 68383.31452596445, 68217.80787690714, 68400.97414581932, 68304.17792885887, 68342.11503626266, 68376.29644143627, 68357.88333543524, 68359.18947593807, 68282.88103502995, 68296.45336212187, 68358.2714696382, 68421.20664967533, 68384.42047812992, 68377.00162620604, 68358.010831312, 68396.96667140885, 68331.8120282632, 68389.68260524458], "epochs": [1000.3051328219422, 1000.3667957477246, 1000.2804676516291, 1000.2928002367856, 1000.2681350664726, 1000.0697531016451, 1000.2681350664726, 1000.3914609180376, 1000.2681350664726, 1000.9710924203932, 1000.3421305774116, 1000.2804676516291, 1000.2804676516291, 1000.2558024813161, 1000.3297979922552, 1000.2681350664726, 1000.2804676516291, 1000.2434698961597, 1000.2928002367856, 1000.5641171102286]}