{"time": [4.058010816574097, 5.226843357086182, 4.41180682182312, 4.840036153793335, 4.241983413696289, 4.287581205368042, 4.33149790763855, 4.250386476516724, 4.5305335521698, 4.089082717895508, 4.209266185760498, 5.2541491985321045, 4.244555234909058, 4.166853189468384, 4.253007173538208, 4.224302291870117, 4.228054046630859, 4.885592937469482, 4.080283164978027, 4.451519727706909], "LL": [-67925.58838604775, -67925.58838602858, -67925.58838626454, -67925.58838605905, -67925.58838618416, -67925.58838601077, -67925.58838633097, -67925.58838611963, -67925.58838617252, -67925.58838618407, -67925.58838602461, -67925.5883859988, -67925.58838603305, -67925.58838610865, -67925.58838605788, -67925.588386031, -67925.58838599767, -67925.58838611108, -67925.5883869795, -67925.58838612915], "epochs": [10.280467651629134, 17.255802481316135, 12.292800236785634, 15.280467651629134, 11.292800236785634, 11.292800236785634, 12.280467651629134, 11.305132821942136, 13.268135066472635, 10.305132821942136, 11.268135066472635, 17.280467651629134, 11.268135066472635, 11.280467651629134, 11.305132821942136, 11.280467651629134, 11.292800236785634, 15.268135066472635, 10.292800236785634, 13.255802481316135]}