{"time": [4.058010816574097, 5.226843357086182, 4.41180682182312, 4.840036153793335, 4.241983413696289, 4.287581205368042, 4.33149790763855], "LL": [-67925.58838604775, -67925.58838602858, -67925.58838626454, -67925.58838605905, -67925.58838618416, -67925.58838601077, -67925.58838633097], "epochs": [10.280467651629134, 17.255802481316135, 12.292800236785634, 15.280467651629134, 11.292800236785634, 11.292800236785634, 12.280467651629134]}