{"time": [3.816931962966919, 4.475149631500244, 3.6916329860687256, 4.056053638458252, 3.9114818572998047, 3.6380770206451416, 3.7449793815612793, 3.812220573425293, 3.8851003646850586, 3.7666962146759033, 3.865886688232422, 3.794461250305176, 4.180239677429199, 3.8728811740875244, 3.864600419998169, 3.726358652114868, 3.759821891784668, 3.365879774093628, 4.035111665725708, 4.122214078903198], "LL": [67925.58838603446, 67925.58838612886, 67925.5883863602, 67925.58838752947, 67925.58838606335, 67925.5883892065, 67925.58838730262, 67925.58838670282, 67925.58838731659, 67925.58838620197, 67925.5883869074, 67925.58839531922, 67925.58838666536, 67925.58838631489, 67925.5883882066, 67925.58839213055, 67925.5883864842, 67925.5883861534, 67925.58838622658, 67925.58838624276], "epochs": [12.255802481316135, 16.280467651629134, 12.280467651629134, 14.268135066472635, 13.255802481316135, 11.268135066472635, 12.292800236785634, 12.354463162568138, 13.255802481316135, 12.255802481316135, 12.268135066472635, 12.292800236785634, 15.255802481316135, 13.268135066472635, 13.268135066472635, 12.268135066472635, 12.292800236785634, 10.243469896159633, 14.268135066472635, 14.305132821942136]}