{"time": [6.8094727993011475, 6.740063667297363, 6.6976306438446045, 6.6606175899505615], "LL": [-67925.58838605198, -67925.58838605198, -67925.58838605198, -67925.58838605198], "epochs": [30.0, 30.0, 30.0, 30.0]}