{"time": [9.842370510101318, 9.85811471939087, 9.86008906364441, 9.882850646972656, 9.980031490325928, 9.837860584259033, 9.845436573028564, 9.84876298904419, 9.826473474502563, 9.929860830307007, 9.869256973266602, 9.714922189712524, 9.801131963729858, 9.84810757637024, 9.912659168243408, 9.90030574798584, 9.920993328094482, 9.842046737670898, 9.84910273551941, 9.861949920654297], "LL": [67925.58838760709, 67925.58838760709, 67925.58838760709, 67925.58838760709, 67925.58838760709, 67925.58838760709, 67925.58838760709, 67925.58838760709, 67925.58838760709, 67925.58838760709, 67925.58838760709, 67925.58838760709, 67925.58838760709, 67925.58838760709, 67925.58838760709, 67925.58838760709, 67925.58838760709, 67925.58838760709, 67925.58838760709, 67925.58838760709], "epochs": [46.0, 46.0, 46.0, 46.0, 46.0, 46.0, 46.0, 46.0, 46.0, 46.0, 46.0, 46.0, 46.0, 46.0, 46.0, 46.0, 46.0, 46.0, 46.0, 46.0]}