{"time": [128.44242000579834, 128.31324553489685, 129.10992002487183, 128.49834418296814, 128.93995118141174, 129.28262209892273, 129.12799310684204, 129.4560158252716, 128.90243816375732, 129.2441384792328, 129.41665482521057, 129.19789934158325, 129.04516863822937, 129.86039924621582, 130.12980222702026, 128.75854992866516, 129.3471975326538, 129.37484049797058, 129.24331140518188, 129.41140246391296], "LL": [68189.75107548946, 68189.75107548946, 68189.75107548946, 68189.75107548946, 68189.75107548946, 68189.75107548946, 68189.75107548946, 68189.75107548946, 68189.75107548946, 68189.75107548946, 68189.75107548946, 68189.75107548946, 68189.75107548946, 68189.75107548946, 68189.75107548946, 68189.75107548946, 68189.75107548946, 68189.75107548946, 68189.75107548946, 68189.75107548946], "epochs": [1000.0, 1000.0, 1000.0, 1000.0, 1000.0, 1000.0, 1000.0, 1000.0, 1000.0, 1000.0, 1000.0, 1000.0, 1000.0, 1000.0, 1000.0, 1000.0, 1000.0, 1000.0, 1000.0, 1000.0]}