{"time": [7.512217998504639, 8.030978441238403, 7.238054275512695, 7.988831996917725, 7.407756328582764, 7.2840282917022705, 7.6287150382995605, 7.752599000930786, 7.483693838119507, 8.613249063491821, 7.424673795700073, 9.109773397445679, 8.431013822555542, 7.930534839630127, 8.590019464492798, 6.688233375549316, 7.786250352859497, 8.001621961593628, 9.232442140579224, 7.61367654800415], "LL": [67925.5883861863, 67925.588386161, 67925.58838664349, 67925.5883867857, 67925.58838678252, 67925.58838615548, 67925.58838724504, 67925.58838607589, 67925.58838625894, 67925.5883863971, 67925.5883869265, 67925.5883864536, 67925.58838607628, 67925.58838616102, 67925.58838633378, 67925.58838610719, 67925.58838640367, 67925.58838640997, 67925.5883861266, 67925.58838629922], "epochs": [48.24346989615963, 52.28046765162914, 46.28046765162914, 52.26813506647264, 47.26813506647264, 44.31746540709864, 49.26813506647264, 50.26813506647264, 48.25580248131614, 57.25580248131614, 48.26813506647264, 62.26813506647264, 56.26813506647264, 52.25580248131614, 57.28046765162914, 41.26813506647264, 50.32979799225514, 52.25580248131614, 62.26813506647264, 49.26813506647264]}