{"time": [2.5096070766448975, 2.4369375705718994, 2.4307427406311035, 2.428757905960083, 2.419945240020752, 2.496225118637085, 2.4371347427368164, 2.4678473472595215, 2.398711681365967, 2.444890022277832, 2.4297947883605957, 2.437356472015381, 2.4299142360687256, 2.464771270751953, 2.423529624938965, 2.4164068698883057, 2.447310447692871, 2.5675148963928223, 2.441249370574951, 2.4596543312072754], "LL": [67925.58838598675, 67925.58838598675, 67925.58838598676, 67925.5883859868, 67925.58838598675, 67925.58838598679, 67925.58838598682, 67925.58838598678, 67925.58838598673, 67925.58838598678, 67925.58838598675, 67925.58838598676, 67925.58838598676, 67925.58838598724, 67925.5883859868, 67925.58838598705, 67925.58838598676, 67925.58838598675, 67925.58838598678, 67925.58838598675], "epochs": [6.255802481316134, 6.2681350664726345, 6.255802481316134, 6.2681350664726345, 6.255802481316134, 6.305132821942136, 6.292800236785635, 6.255802481316134, 6.243469896159633, 6.255802481316134, 6.255802481316134, 6.255802481316134, 6.2804676516291345, 6.292800236785635, 6.2804676516291345, 6.2681350664726345, 6.2804676516291345, 6.292800236785635, 6.255802481316134, 6.292800236785635]}