{"time": [21.113953590393066, 21.112664699554443, 21.13810443878174, 21.108119249343872, 20.895026206970215, 20.82880735397339, 20.92615509033203, 20.69386100769043, 20.653372526168823, 20.713592052459717, 20.60425043106079, 20.897220373153687, 20.933000802993774, 20.956541538238525, 21.028635025024414, 21.12089776992798, 21.274378061294556, 21.042863845825195, 20.899927377700806, 20.897860050201416], "LL": [67925.58838620514, 67925.58838620514, 67925.58838620514, 67925.58838620514, 67925.58838620514, 67925.58838620514, 67925.58838620514, 67925.58838620514, 67925.58838620514, 67925.58838620514, 67925.58838620514, 67925.58838620514, 67925.58838620514, 67925.58838620514, 67925.58838620514, 67925.58838620514, 67925.58838620514, 67925.58838620514, 67925.58838620514, 67925.58838620514], "epochs": [157.0, 157.0, 157.0, 157.0, 157.0, 157.0, 157.0, 157.0, 157.0, 157.0, 157.0, 157.0, 157.0, 157.0, 157.0, 157.0, 157.0, 157.0, 157.0, 157.0]}