{"size": [4054, 8109, 12163, 16217, 20272, 24326, 28380, 32434, 36489, 40543, 44597, 48652, 52706, 56760, 60815, 64869, 68923, 72977, 77032, 81086], "time": [[0.011975526809692383, 0.005421161651611328, 0.005440473556518555, 0.0055124759674072266, 0.006226301193237305, 0.005468845367431641, 0.005360126495361328, 0.00551605224609375, 0.0051763057708740234, 0.005356550216674805, 0.005548000335693359, 0.005319833755493164, 0.005296945571899414, 0.005469799041748047, 0.005751848220825195, 0.005650758743286133, 0.005242109298706055, 0.005678653717041016, 0.00565338134765625, 0.005626678466796875], [0.009221076965332031, 0.009248495101928711, 0.00893855094909668, 0.00861048698425293, 0.009053230285644531, 0.009877204895019531, 0.009211301803588867, 0.00866556167602539, 0.009693384170532227, 0.008845806121826172, 0.008308172225952148, 0.008885383605957031, 0.009056329727172852, 0.010106086730957031, 0.009094715118408203, 0.009380817413330078, 0.008730173110961914, 0.009402036666870117, 0.00907754898071289, 0.009496450424194336], [0.014906644821166992, 0.012315988540649414, 0.01331019401550293, 0.014445781707763672, 0.01164865493774414, 0.013669967651367188, 0.012578010559082031, 0.012570619583129883, 0.012353658676147461, 0.014350414276123047, 0.015276670455932617, 0.012076616287231445, 0.012595176696777344, 0.012853384017944336, 0.012752532958984375, 0.012883663177490234, 0.013225078582763672, 0.012215852737426758, 0.012053251266479492, 0.011638641357421875], [0.016977787017822266, 0.01903557777404785, 0.01614069938659668, 0.016740083694458008, 0.016763925552368164, 0.015949726104736328, 0.014999866485595703, 0.017639636993408203, 0.01684737205505371, 0.01546788215637207, 0.015642881393432617, 0.016180753707885742, 0.015857934951782227, 0.01787590980529785, 0.015444278717041016, 0.017653465270996094, 0.01776432991027832, 0.015362024307250977, 0.015473365783691406, 0.014818191528320312], [0.023444175720214844, 0.01915884017944336, 0.020186185836791992, 0.023099660873413086, 0.01947307586669922, 0.01943039894104004, 0.020299196243286133, 0.02035212516784668, 0.019550085067749023, 0.021261215209960938, 0.023157835006713867, 0.0195925235748291, 0.0185701847076416, 0.020106792449951172, 0.019879579544067383, 0.018528461456298828, 0.020119667053222656, 0.018810272216796875, 0.0195772647857666, 0.019006967544555664], [0.024052858352661133, 0.0226438045501709, 0.02279806137084961, 0.022711753845214844, 0.023012638092041016, 0.02219557762145996, 0.0274050235748291, 0.02639293670654297, 0.025606632232666016, 0.024770259857177734, 0.027488231658935547, 0.02268815040588379, 0.023906469345092773, 0.023281574249267578, 0.024563312530517578, 0.02343297004699707, 0.0228884220123291, 0.022060871124267578, 0.023496389389038086, 0.022681236267089844], [0.03162956237792969, 0.030374526977539062, 0.031858205795288086, 0.025673627853393555, 0.025922298431396484, 0.025709152221679688, 0.027190208435058594, 0.025748729705810547, 0.026347875595092773, 0.024983644485473633, 0.03230643272399902, 0.030423641204833984, 0.02977585792541504, 0.0260467529296875, 0.027182340621948242, 0.02707672119140625, 0.02756333351135254, 0.02691054344177246, 0.026458740234375, 0.026126384735107422], [0.03114795684814453, 0.03292202949523926, 0.03001713752746582, 0.03029155731201172, 0.028505802154541016, 0.029787540435791016, 0.03321981430053711, 0.03401970863342285, 0.036130428314208984, 0.02936267852783203, 0.03052806854248047, 0.03458094596862793, 0.030933618545532227, 0.030694246292114258, 0.029423236846923828, 0.028980493545532227, 0.02997446060180664, 0.030087709426879883, 0.033681392669677734, 0.028621435165405273], [0.035254478454589844, 0.03131985664367676, 0.03151297569274902, 0.03148937225341797, 0.0339205265045166, 0.03815412521362305, 0.0363154411315918, 0.036298513412475586, 0.032762765884399414, 0.034247636795043945, 0.035744667053222656, 0.0372920036315918, 0.03269338607788086, 0.03262186050415039, 0.03294038772583008, 0.03607940673828125, 0.037127017974853516, 0.03290915489196777, 0.033426761627197266, 0.0342409610748291], [0.04158616065979004, 0.037396907806396484, 0.041726112365722656, 0.03595471382141113, 0.03768754005432129, 0.03749823570251465, 0.039624929428100586, 0.03627371788024902, 0.034751176834106445, 0.03647804260253906, 0.03474783897399902, 0.03626513481140137, 0.038712501525878906, 0.03850865364074707, 0.038008928298950195, 0.041656494140625, 0.03525733947753906, 0.03855109214782715, 0.03892374038696289, 0.04174470901489258], [0.0388035774230957, 0.04050326347351074, 0.040678977966308594, 0.043016910552978516, 0.03865313529968262, 0.04327201843261719, 0.03908705711364746, 0.04124164581298828, 0.03894758224487305, 0.039789676666259766, 0.04468393325805664, 0.04323387145996094, 0.040575504302978516, 0.04076552391052246, 0.037366628646850586, 0.040083885192871094, 0.04081845283508301, 0.038338661193847656, 0.04367828369140625, 0.03994035720825195], [0.04735875129699707, 0.04373431205749512, 0.04177713394165039, 0.04640603065490723, 0.041768550872802734, 0.04441666603088379, 0.045586585998535156, 0.04217720031738281, 0.041568756103515625, 0.04221510887145996, 0.0469512939453125, 0.04302334785461426, 0.041571855545043945, 0.04173398017883301, 0.04358530044555664, 0.04613518714904785, 0.04445362091064453, 0.047534942626953125, 0.044087886810302734, 0.04341745376586914], [0.04514288902282715, 0.04342985153198242, 0.04453229904174805, 0.0482332706451416, 0.04632449150085449, 0.050005197525024414, 0.0432584285736084, 0.044278860092163086, 0.0479738712310791, 0.04729461669921875, 0.04715228080749512, 0.04280519485473633, 0.04371976852416992, 0.04839920997619629, 0.0472109317779541, 0.05034279823303223, 0.04585886001586914, 0.045148611068725586, 0.04553866386413574, 0.04523515701293945], [0.049945831298828125, 0.05335545539855957, 0.047884464263916016, 0.05029559135437012, 0.04952263832092285, 0.06530237197875977, 0.047603607177734375, 0.04980969429016113, 0.047452449798583984, 0.050884246826171875, 0.05058932304382324, 0.05051875114440918, 0.05125570297241211, 0.046776771545410156, 0.05246925354003906, 0.04955744743347168, 0.050708770751953125, 0.04765915870666504, 0.0486445426940918, 0.05197548866271973], [0.0586087703704834, 0.05234408378601074, 0.05131649971008301, 0.053605079650878906, 0.052869558334350586, 0.05080842971801758, 0.05427980422973633, 0.05222010612487793, 0.05171918869018555, 0.051111698150634766, 0.04953813552856445, 0.05087447166442871, 0.051698923110961914, 0.05221867561340332, 0.05196547508239746, 0.05142974853515625, 0.05421733856201172, 0.04966259002685547, 0.05239224433898926, 0.05271315574645996], [0.05581974983215332, 0.05160069465637207, 0.05688595771789551, 0.05567669868469238, 0.055086612701416016, 0.05431222915649414, 0.05277228355407715, 0.049474239349365234, 0.05226874351501465, 0.05422711372375488, 0.06010603904724121, 0.05453658103942871, 0.05590462684631348, 0.053749799728393555, 0.053246498107910156, 0.05771803855895996, 0.05641603469848633, 0.0512998104095459, 0.05920553207397461, 0.05380105972290039], [0.059151411056518555, 0.05771470069885254, 0.05732846260070801, 0.05684304237365723, 0.05689859390258789, 0.05624055862426758, 0.057527780532836914, 0.05851864814758301, 0.056913137435913086, 0.055893898010253906, 0.05949544906616211, 0.05517697334289551, 0.05722403526306152, 0.05714225769042969, 0.057228803634643555, 0.05794835090637207, 0.062090158462524414, 0.05863475799560547, 0.05589485168457031, 0.058870792388916016], [0.06242632865905762, 0.059623003005981445, 0.05969119071960449, 0.05962395668029785, 0.05578923225402832, 0.06498312950134277, 0.06178164482116699, 0.0606229305267334, 0.06060647964477539, 0.06765961647033691, 0.06425023078918457, 0.062157392501831055, 0.06209278106689453, 0.06071281433105469, 0.05939483642578125, 0.06153297424316406, 0.06041884422302246, 0.06073641777038574, 0.0578312873840332, 0.0602419376373291], [0.06407499313354492, 0.06432032585144043, 0.06570553779602051, 0.06833982467651367, 0.06433439254760742,