{"size": [4054, 8109, 12163, 16217, 20272, 24326, 28380, 32434, 36489, 40543, 44597, 48652, 52706, 56760, 60815, 64869, 68923, 72977, 77032, 81086], "time": [[20.144463777542114, 10.873847961425781, 10.806183338165283, 10.486472845077515, 11.330387353897095, 11.402140378952026, 10.7347412109375, 12.027889728546143, 11.531578302383423, 11.729346752166748, 11.186367750167847, 11.080705642700195, 11.222096681594849, 10.848103761672974, 11.643343925476074, 10.969983339309692, 10.338974237442017, 11.106594800949097, 11.395563125610352, 11.565163135528564], [21.867710828781128, 21.389888525009155, 21.00370216369629, 22.457207441329956, 21.8675434589386, 21.878195762634277, 22.409455060958862, 21.79768967628479, 21.334875345230103, 21.602696895599365, 21.707892179489136, 22.280710697174072, 22.177039623260498, 21.313834190368652, 21.567824363708496, 20.238518476486206, 21.66860008239746, 19.782785892486572, 20.525664806365967, 20.9400372505188], [31.243630409240723, 31.205790519714355, 31.310377597808838, 31.9061017036438, 32.64750075340271, 30.493117094039917, 31.568583965301514, 31.99842143058777, 31.54434084892273, 31.061001777648926, 33.35230469703674, 30.979429483413696, 31.551377296447754, 31.58246111869812, 31.572333812713623, 32.151047468185425, 30.987756967544556, 30.959296226501465, 32.57187294960022, 32.6397430896759], [41.33140015602112, 41.90284824371338, 41.9617965221405, 41.73837733268738, 40.835790395736694, 41.11252737045288, 41.473121881484985, 41.213005781173706, 41.89348745346069, 41.315550565719604, 40.40266418457031, 41.305100202560425, 41.88089919090271, 41.33236861228943, 41.3102707862854, 41.85855674743652, 41.75627827644348, 40.6537389755249, 40.9891140460968, 41.77361798286438], [50.46722459793091, 52.609628200531006, 51.12705206871033, 50.46667504310608, 52.6475830078125, 52.15479230880737, 49.99443340301514, 52.19489550590515, 52.784038066864014, 48.692524909973145, 50.16187143325806, 51.75892424583435, 51.35746455192566, 50.89447617530823, 50.719090700149536, 50.76919746398926, 50.96395754814148, 48.32360315322876, 51.98550057411194, 51.87662601470947], [60.034167528152466, 60.580554246902466, 63.41806983947754, 62.06197214126587, 61.21102166175842, 59.813721656799316, 59.298065423965454, 60.59330773353577, 58.810330390930176, 61.46921467781067, 61.79675078392029, 59.62767696380615, 62.03935217857361, 61.689945697784424, 62.12056875228882, 60.83774709701538, 62.03788781166077, 60.95991134643555, 57.53792858123779, 59.68717360496521], [69.45957827568054, 71.63042998313904, 71.15045809745789, 71.20704340934753, 72.7139835357666, 71.12287998199463, 71.14995169639587, 67.21532893180847, 72.92593908309937, 66.9458737373352, 70.49648213386536, 70.85503578186035, 70.4112274646759, 69.96629023551941, 69.97373247146606, 69.18544173240662, 70.7392041683197, 68.7936270236969, 72.03014087677002, 68.52186250686646], [75.62329959869385, 81.19243097305298, 79.67084264755249, 83.39548945426941, 81.14398288726807, 78.2817599773407, 79.98358130455017, 75.46179056167603, 81.02921938896179, 80.62645411491394, 77.19443678855896, 77.99585890769958, 76.02665781974792, 79.14628005027771, 78.60620164871216, 79.03121066093445, 83.41434144973755, 82.86419725418091, 81.21505570411682, 79.5155041217804], [88.94910931587219, 90.84898567199707, 87.57135820388794, 92.75715374946594, 89.95702171325684, 92.2776849269867, 89.90177154541016, 90.6334433555603, 90.59481573104858, 90.26891899108887, 89.30301666259766, 85.94568085670471, 92.19424772262573, 89.14907431602478, 90.78926181793213, 88.49284791946411, 89.1848635673523, 89.7043628692627, 88.74666905403137, 92.73994207382202], [99.25882244110107, 98.55477142333984, 100.84191179275513, 100.03232741355896, 100.52332210540771, 99.24931573867798, 97.19575214385986, 99.00966620445251, 97.44084239006042, 98.64320826530457, 97.35911583900452, 99.22693943977356, 93.46269583702087, 102.7494752407074, 100.83747339248657, 99.13799095153809, 98.23399829864502, 98.9872636795044, 97.29392743110657, 99.69444441795349], [110.47402596473694, 109.30753827095032, 106.2134337425232, 105.40861105918884, 104.96862840652466, 106.38429141044617, 107.16603374481201, 106.83148264884949, 109.20113205909729, 108.85437798500061, 110.63401985168457, 110.61924624443054, 110.80903315544128, 110.50224614143372, 109.14815664291382, 109.1628634929657, 109.87369680404663, 105.9911208152771, 107.1276547908783, 106.29471921920776], [115.42473602294922, 111.79966759681702, 113.0913918018341, 115.64626216888428, 112.50407695770264, 109.31122207641602, 109.2165858745575, 109.86822938919067, 106.72247266769409, 107.24387407302856, 109.7710120677948, 108.75738406181335, 112.96147298812866, 106.36753749847412, 108.14132237434387, 103.3920590877533, 110.64782786369324, 107.16891622543335, 111.576735496521, 113.79123997688293], [117.68443465232849, 119.78461837768555, 118.40562915802002, 118.43151235580444, 112.4193468093872, 116.56052565574646, 113.798983335495, 114.47599148750305, 118.82830262184143, 120.36546182632446, 113.56155157089233, 111.5032172203064, 116.0631582736969, 115.7553129196167, 115.58468055725098, 117.85247087478638, 114.99358415603638, 120.16200280189514, 117.57918524742126, 117.02658104896545], [121.96284222602844, 127.19551610946655, 125.89939761161804, 121.48662948608398, 128.9938998222351, 128.55409860610962, 121.80074787139893, 127.25417852401733, 126.14657974243164, 127.26899003982544, 126.60199236869812, 128.22301721572876, 121.95230293273926, 121.74539804458618, 127.2482259273529, 119.9114420413971, 125.04465246200562, 127.31290435791016, 129.94712924957275, 119.65835118293762], [137.001478433609, 127.23516654968262, 131.04563164710999, 129.88112044334412, 130.67354726791382, 140.31393671035767, 136.50718474388123, 137.94635701179504, 135.42136597633362, 132.99158382415771, 135.79227018356323, 131.40401601791382, 136.17029213905334, 131.59123730659485, 131.74681115150452, 131.84363508224487, 136.69345331192017, 131.37350869178772, 131.71708726882935, 134.4592318534851], [143.80903339385986, 142.55150198936462, 144.52667260169983, 146.1792447566986, 139.53753876686096, 141.54699397087097, 144.85625863075256, 145.8466992378235, 143.33116364479065, 145.773131608963, 145.3022449016571, 138.29505801200867, 142.4526047706604, 145.41462397575378, 145.52012968063354, 135.5409905910492, 140.77821922302246, 146.39453387260437, 142.99743151664734, 139.82359743118286], [145.66567015647888, 155.24652981758118, 152.0876486301422, 153.82132124900818, 153.22796964645386, 159.1245710849762, 145.5235879421234, 145.1221375465393, 148.46745944023132, 152.43529176712036, 151.56647944450378, 153.20244431495667, 153.6043107509613, 146.0814549922943, 151.08248376846313, 156.4861798286438, 152.94573497772217, 145.64697122573853, 153.40612244606018, 153.29765701293945], [156.4147527217865, 161.44890975952148, 157.95874762535095, 160.42203736305237, 157.3625283241272, 157.63339805603027, 159.88868856430054, 158.45268082618713, 165.43450379371643, 154.6858229637146, 161.84403204917908, 160.925217628479, 161.2438325881958, 157.6415581703186, 159.7979257106781, 162.75174927711487, 157.9016010761261, 163.1834695339203, 155.71016383171082, 160.9755277633667], [165.72886753082275, 169.39240789413452, 163.9720950126648, 167.18617725372314, 166.20933532714844, 173.00055408477783, 170.66041111946106, 170.6566879749298, 170.9454436302185, 173.3752920627594, 171.56835865974426, 166.81287717819214, 167.63204789161682, 165.0412769317627, 165.23102736473083, 167.95560669898987, 173.2487452030182, 166.07062339782715, 173.82107710838318, 174.2203164100647], [170.2758903503418, 181.30899286270142, 182.47327780723572, 162.5943009853363, 172.70726132392883, 177.71365451812744, 171.73262190818787, 174.32523250579834, 175.87056684494019, 171.33873438835144, 174.31199622154236, 185.19787168502808, 174.08599662780762, 173.52987623214722, 182.3566243648529, 175.92423152923584, 177.8856599330902, 177.65565657615662, 179.80274200439453, 179.37288999557495]]}