{"size": [4267, 8534, 12801, 17068, 21335, 25602, 29869, 34136, 38403, 42670, 46937, 51204, 55471, 59738, 64005, 68272, 72539, 76806, 81086], "time": [[21.56734871864319, 12.220371723175049, 11.881257772445679, 12.011498928070068, 11.53092908859253, 12.15505051612854, 12.023496627807617, 10.523481369018555, 11.080864906311035, 11.546560525894165, 11.879904747009277, 12.145448923110962, 12.207983255386353, 12.05066967010498, 12.09577488899231, 12.0347421169281, 11.141759634017944, 12.089527130126953, 11.857907056808472, 12.559341669082642], [22.839799880981445, 23.810343503952026, 22.960963010787964, 22.877164840698242, 23.316556930541992, 23.094123601913452, 23.11563277244568, 22.927464962005615, 22.280875205993652, 22.799432516098022, 22.12203288078308, 22.604190587997437, 21.855113983154297, 22.538264989852905, 22.50834894180298, 22.415985107421875, 23.205726623535156, 23.371533155441284, 22.863739490509033, 23.07777738571167], [33.429670572280884, 34.056615114212036, 33.29906749725342, 33.74992060661316, 33.46793246269226, 30.960331678390503, 32.2331862449646, 31.25613498687744, 32.086233139038086, 32.39278602600098, 32.91812586784363, 33.734188079833984, 32.84170722961426, 31.905139684677124, 33.06421446800232, 31.867023229599, 33.01042866706848, 33.40372109413147, 34.13846731185913, 33.30856657028198], [43.83698654174805, 43.69332432746887, 44.668094635009766, 41.59738755226135, 41.87597060203552, 44.36107134819031, 43.24570655822754, 42.03893423080444, 42.63721013069153, 42.47352313995361, 42.9738655090332, 41.883461236953735, 44.63786458969116, 42.92198848724365, 43.03186082839966, 43.466461181640625, 43.60131001472473, 43.346179723739624, 43.85305738449097, 43.23935556411743], [52.96948313713074, 49.24120783805847, 53.296977043151855, 51.15587663650513, 53.13550877571106, 53.727248191833496, 53.24366998672485, 54.64668011665344, 53.74478244781494, 51.9087347984314, 49.3065505027771, 53.51472353935242, 53.906285762786865, 52.925475120544434, 51.49591016769409, 52.69344878196716, 51.83565664291382, 52.88238453865051, 51.67407512664795, 54.08780765533447], [64.12512016296387, 62.39034461975098, 62.52887177467346, 63.79091215133667, 61.151334047317505, 62.95379900932312, 62.66254186630249, 61.98167943954468, 63.59323811531067, 63.1216254234314, 63.19876194000244, 62.26830172538757, 62.199726581573486, 62.817283630371094, 63.38155198097229, 62.568952798843384, 60.33141899108887, 62.83602690696716, 62.78463673591614, 59.26329684257507], [72.41926884651184, 71.78704690933228, 71.0029685497284, 72.59135937690735, 71.5725269317627, 74.60505843162537, 73.357262134552, 72.44033074378967, 73.47971725463867, 71.45762276649475, 72.27124428749084, 72.95826649665833, 72.24067997932434, 74.54829525947571, 73.53262567520142, 74.22512888908386, 72.83434867858887, 73.450612783432, 73.36662435531616, 73.09760665893555], [82.90400552749634, 82.68309140205383, 78.68277025222778, 81.33789324760437, 79.47588586807251, 81.20090985298157, 80.18796300888062, 81.6096510887146, 78.41214752197266, 79.28990340232849, 82.16097807884216, 81.57248020172119, 80.69388008117676, 81.44886922836304, 82.89473295211792, 78.06844806671143, 78.28055834770203, 75.33928442001343, 77.55120134353638, 79.14409899711609], [82.59768199920654, 83.29087662696838, 85.1783721446991, 90.90863180160522, 87.23293423652649, 86.48368954658508, 88.45183086395264, 86.80238056182861, 82.30828928947449, 87.52552938461304, 83.89144730567932, 86.91384625434875, 86.43653774261475, 86.20396280288696, 84.65702533721924, 86.16903018951416, 90.86582589149475, 83.36316394805908, 86.86001324653625, 87.52926206588745], [92.91786980628967, 94.69341540336609, 95.26066064834595, 94.15707850456238, 95.77093291282654, 95.57038402557373, 96.93726348876953, 93.67123055458069, 97.82209897041321, 94.28430008888245, 95.02327156066895, 96.17768931388855, 91.36911654472351, 94.69855284690857, 91.82169461250305, 97.58954191207886, 97.10203242301941, 96.1601939201355, 95.81378245353699, 91.48644042015076], [104.50705647468567, 107.32703876495361, 106.25020718574524, 103.48880100250244, 105.12170791625977, 105.13161301612854, 106.64048218727112, 105.78387904167175, 103.38899278640747, 104.69116616249084, 103.65900897979736, 106.42857313156128, 100.1901183128357, 107.42318272590637, 105.30080795288086, 105.15792775154114, 101.65366172790527, 104.04736518859863, 104.17429161071777, 106.00178909301758], [114.80322360992432, 113.66486048698425, 110.40192699432373, 113.85013437271118, 114.37144613265991, 109.70228314399719, 112.75092887878418, 112.56727886199951, 113.39103484153748, 111.2234001159668, 114.83200860023499, 121.18836164474487, 114.8627336025238, 116.59995079040527, 117.55070662498474, 114.89082837104797, 113.58191871643066, 112.36772179603577, 114.62674570083618, 107.04162073135376], [124.38205194473267, 125.85879945755005, 126.3606858253479, 121.80399441719055, 123.91182827949524, 122.74645209312439, 125.08868908882141, 125.55958557128906, 123.93293166160583, 122.0709114074707, 123.15078496932983, 121.54609370231628, 118.1134705543518, 121.24442458152771, 125.29169273376465, 122.08309245109558, 123.9485170841217, 123.60072541236877, 124.98859357833862, 122.10237765312195], [132.73659801483154, 130.518315076828, 130.73201704025269, 133.15382361412048, 130.6191909313202, 131.66975736618042, 132.73797726631165, 132.5806441307068, 132.35313081741333, 126.40922021865845, 135.99389171600342, 130.7076919078827, 129.74383211135864, 131.04413509368896, 129.4885709285736, 128.06123280525208, 135.83340120315552, 134.1927125453949, 130.14046597480774, 130.72844862937927], [143.50994873046875, 142.46289086341858, 141.60342693328857, 142.75634241104126, 140.1083059310913, 142.92073774337769, 140.37281250953674, 132.866304397583, 141.99608182907104, 135.25846767425537, 142.82904815673828, 139.19050073623657, 141.4334683418274, 139.08005785942078, 143.5324673652649, 139.5728235244751, 135.4053955078125, 145.6609878540039, 131.80944871902466, 143.77837300300598], [149.01643538475037, 152.13146924972534, 147.93972420692444, 148.8781762123108, 150.27681303024292, 154.2995421886444, 152.4151668548584, 154.06093287467957, 149.21737909317017, 137.35591053962708, 143.5414490699768, 143.80073428153992, 151.49709939956665, 143.1098895072937, 150.53243327140808, 148.7837474346161, 146.38894701004028, 150.47087502479553, 148.964839220047, 148.90700960159302], [160.11528658866882, 156.60508394241333, 160.91081500053406, 163.23847794532776, 163.44170498847961, 163.31484484672546, 157.1840741634369, 163.06076455116272, 156.6359007358551, 160.89668822288513, 148.25365948677063, 152.76323866844177, 160.9963219165802, 159.4010992050171, 159.76484179496765, 160.42122650146484, 151.12449598312378, 161.6936182975769, 159.85283708572388, 149.86740064620972], [175.98387145996094, 160.7678985595703, 172.6479778289795, 173.55183601379395, 168.17125964164734, 169.99344205856323, 172.12243175506592, 173.67925691604614, 171.25744795799255, 171.66554474830627, 170.82787942886353, 166.47797060012817, 169.7984802722931, 163.88461232185364, 167.29877281188965, 166.92197251319885, 170.17496275901794, 167.93260383605957, 171.68977403640747, 167.34503197669983], [175.05623292922974, 180.67335176467896, 175.10047340393066, 174.2755856513977, 174.37556719779968, 173.8332555294037, 178.61084723472595, 180.046537399292, 173.79487872123718, 181.06671357154846, 183.63239884376526, 182.62389731407166, 184.76076865196228, 175.17760848999023, 175.23060607910156, 177.43998193740845, 171.06199860572815, 181.88709378242493, 175.12432670593262, 178.9906723499298]]}