{"size": [4054, 8109, 12163, 16217, 20272, 24326, 28380, 32434, 36489, 40543, 44597, 48652, 52706, 56760, 60815, 64869, 68923, 72977, 77032, 81086], "time": {"func": [[19.47480535507202, 10.223523139953613, 11.131683588027954, 9.812872171401978, 11.034703254699707, 11.603760957717896, 10.955440282821655, 11.235692262649536, 10.629998207092285, 10.52977466583252, 10.04490852355957, 11.850567102432251, 11.581236362457275, 10.800614833831787, 11.362350463867188, 11.27863097190857, 10.201712131500244, 11.006629705429077, 11.193305253982544, 10.6958167552948], [20.765607833862305, 20.098813772201538, 20.05882978439331, 21.967660188674927, 20.667720317840576, 20.776546239852905, 20.714133977890015, 22.09381103515625, 21.314406871795654, 21.69155478477478, 20.62222123146057, 20.784785747528076, 19.96501326560974, 21.40188479423523, 19.872453212738037, 21.06324529647827, 22.02717113494873, 21.36506938934326, 21.506768941879272, 21.61675477027893], [29.70621681213379, 31.66505265235901, 30.544231414794922, 30.797994136810303, 30.228753566741943, 29.46888780593872, 29.235035181045532, 30.95339822769165, 30.054919481277466, 31.49938988685608, 30.47588062286377, 30.92941641807556, 31.251847505569458, 30.683597803115845, 30.92043924331665, 30.51654601097107, 29.727760553359985, 30.708632946014404, 30.681495666503906, 31.52660346031189], [39.935304403305054, 38.818039894104004, 40.669782400131226, 39.38156080245972, 40.17496395111084, 40.17594790458679, 40.18040442466736, 39.899648666381836, 40.16543388366699, 38.66303038597107, 39.0664701461792, 40.7876353263855, 38.91057896614075, 40.377578258514404, 41.2607262134552, 41.01307559013367, 38.929158449172974, 40.67501354217529, 39.50360631942749, 38.565505504608154], [49.3353853225708, 49.74337887763977, 49.935741662979126, 45.84947347640991, 48.16521120071411, 49.35560369491577, 49.93149781227112, 50.753146171569824, 49.07494521141052, 48.50243330001831, 48.23976421356201, 48.96752977371216, 50.43604278564453, 49.66184163093567, 49.70231318473816, 47.153510332107544, 49.65636944770813, 48.3574116230011, 49.42576289176941, 47.1919162273407], [58.14245343208313, 55.24736833572388, 58.9547860622406, 56.68308997154236, 57.09495687484741, 58.772785663604736, 59.516762256622314, 57.86378741264343, 58.17453742027283, 60.15348243713379, 59.397625207901, 58.51926946640015, 59.494686126708984, 58.39642691612244, 58.75873374938965, 58.018229961395264, 58.09827136993408, 58.7035710811615, 59.600385427474976, 58.92889380455017], [69.24644207954407, 67.78429007530212, 66.0799503326416, 67.54275035858154, 68.69072389602661, 66.17093443870544, 68.27835321426392, 66.66331577301025, 68.13649320602417, 69.20260620117188, 67.2376401424408, 67.75938773155212, 67.86352157592773, 68.36390662193298, 66.80894923210144, 66.89400148391724, 67.25916886329651, 67.78948211669922, 67.35532975196838, 66.34125804901123], [73.63068008422852, 75.42991232872009, 77.90576577186584, 73.73395872116089, 77.257075548172, 75.95489740371704, 74.33615374565125, 74.19856762886047, 77.22467756271362, 70.88443636894226, 75.36689448356628, 75.46162056922913, 76.73150491714478, 76.9893090724945, 76.21370601654053, 77.64667463302612, 76.69905304908752, 77.2431046962738, 77.70747780799866, 78.04978156089783], [86.5594847202301, 85.7947633266449, 88.28638863563538, 84.44549369812012, 85.92956018447876, 81.08303666114807, 85.3776581287384, 85.31854915618896, 86.65085220336914, 85.08704113960266, 82.52838492393494, 85.93553471565247, 84.65430021286011, 84.44934940338135, 85.99137091636658, 84.36034512519836, 85.37738394737244, 82.09998536109924, 85.7961163520813, 85.427006483078], [95.0899429321289, 94.39773464202881, 93.8586094379425, 93.45417046546936, 90.93900799751282, 93.23760771751404, 95.47378396987915, 93.10115385055542, 95.68459177017212, 94.80138945579529, 96.47181272506714, 95.35206341743469, 96.64591264724731, 94.22228074073792, 95.49406147003174, 89.7799723148346, 95.81118583679199, 97.27587580680847, 94.42370796203613, 96.32165908813477], [103.90632915496826, 104.38777947425842, 101.62665700912476, 102.26032066345215, 104.91281318664551, 104.90371203422546, 100.69564199447632, 105.3135621547699, 101.77934336662292, 102.51796674728394, 102.5512866973877, 103.0421531200409, 99.84478330612183, 103.83225703239441, 102.36079597473145, 100.6196768283844, 101.1947910785675, 104.1185896396637, 104.59221410751343, 105.17297744750977], [106.77806639671326, 108.55670666694641, 106.09966468811035, 106.88017463684082, 107.31783604621887, 109.90886187553406, 109.70168995857239, 109.0879135131836, 106.79704141616821, 109.02310371398926, 106.09520173072815, 108.9722969532013, 104.11968111991882, 105.61486172676086, 106.25900220870972, 101.47542762756348, 109.78348994255066, 107.90933537483215, 110.11466217041016, 107.4386339187622], [115.07007598876953, 117.44054889678955, 115.99119281768799, 114.82089114189148, 113.00166130065918, 111.43166971206665, 120.0682783126831, 120.76079797744751, 116.41617774963379, 116.34613084793091, 113.87263298034668, 114.10457277297974, 117.06339192390442, 120.703049659729, 115.01297211647034, 115.72025847434998, 118.79817461967468, 116.42718458175659, 118.15621447563171, 118.80100178718567], [126.72769570350647, 120.85184454917908, 123.81557655334473, 123.984778881073, 130.66169238090515, 123.32336592674255, 129.65940380096436, 121.76892447471619, 126.96089458465576, 126.57206606864929, 125.50417828559875, 118.47294473648071, 124.63971018791199, 127.49662327766418, 128.58477807044983, 125.86479926109314, 128.09093689918518, 124.85662698745728, 131.49905920028687, 125.52825593948364], [130.2987504005432, 132.6096339225769, 129.9074387550354, 134.37537145614624, 130.6910743713379, 138.17956447601318, 137.62049841880798, 128.41646718978882, 133.39681673049927, 135.25719928741455, 131.15182423591614, 138.03333568572998, 136.04149222373962, 123.22978115081787, 128.5303144454956, 131.52777862548828, 131.90875434875488, 136.2266035079956, 136.69596195220947, 133.72031140327454], [140.58710145950317, 142.99052095413208, 140.26296091079712, 142.4048192501068, 140.87170958518982, 146.41297125816345, 138.04887914657593, 141.71744108200073, 144.7849986553192, 142.87955737113953, 140.23687171936035, 144.30593705177307, 137.26887154579163, 145.89590549468994, 147.16016292572021, 151.03884506225586, 137.64508748054504, 143.53999400138855, 144.15694308280945, 138.28057670593262], [155.37097930908203, 153.05210065841675, 152.40532684326172, 151.4159290790558, 151.81744289398193, 154.1901614665985, 158.5544090270996, 155.29591250419617, 151.18666338920593, 150.2886552810669, 149.95492434501648, 151.70046138763428, 152.88176941871643, 154.02885246276855, 145.64319491386414, 152.1151967048645, 146.17000150680542, 153.11675333976746, 152.31378769874573, 147.97830605506897], [161.13015961647034, 164.12161493301392, 159.75589323043823, 163.02736163139343, 155.50085353851318, 160.29348015785217, 157.16559481620789, 157.2604625225067, 167.0239441394806, 160.79568767547607, 165.1529107093811, 156.31503081321716, 157.77028727531433, 155.85199213027954, 161.0261514186859, 163.52142596244812, 163.96715307235718, 165.7427418231964, 158.20835995674133, 150.7914125919342], [166.8202760219574, 169.9695007801056, 173.0411229133606, 168.8123164176941, 173.4733281135559, 167.30880212783813, 167.04223012924194, 165.90335035324097, 168.53737545013428, 170.0601511001587, 170.31422209739685, 169.02225065231323, 165.82954096794128, 170.72958898544312, 165.95217037200928, 173.24648880958557, 170.84124732017517, 170.2114474773407, 167.44215774536133, 169.11178421974182], [175.1141390800476, 181.56372785568237, 177.3645806312561, 174.61249613761902, 173.34486293792725, 168.62459254264832, 178.6287190914154, 179.6217396259308, 170.60832571983337, 179.1490125656128, 176.7426688671112, 177.45461797714233, 171.05845880508423, 175.52934741973877, 174.61144089698792, 177.72077631950378, 179.1375424861908, 178.0537781715393, 183.59378671646118, 184.16564202308655]],