{"size": [4054, 8109, 12163, 16217, 20272, 24326, 28380, 32434, 36489, 40543, 44597, 48652, 52706, 56760, 60815, 64869, 68923, 72977, 77032, 81086], "time": {"func": [[0.015755414962768555, 0.0050811767578125, 0.005253791809082031, 0.005367755889892578, 0.005119800567626953, 0.005356550216674805, 0.0053827762603759766, 0.005391359329223633, 0.005460500717163086, 0.0053746700286865234, 0.005414247512817383, 0.0057032108306884766, 0.005763053894042969, 0.0062868595123291016, 0.0050923824310302734, 0.00517725944519043, 0.005331754684448242, 0.005440473556518555, 0.005800008773803711, 0.005250453948974609], [0.009957075119018555, 0.00923919677734375, 0.009722232818603516, 0.009244918823242188, 0.0094757080078125, 0.008994817733764648, 0.009739875793457031, 0.008636474609375, 0.009372234344482422, 0.010058879852294922, 0.010306835174560547, 0.00928497314453125, 0.009769916534423828, 0.008863687515258789, 0.008888959884643555, 0.010562896728515625, 0.009462356567382812, 0.009953498840332031, 0.008820056915283203, 0.009605169296264648], [0.01373147964477539, 0.013797521591186523, 0.012760162353515625, 0.013225793838500977, 0.013896465301513672, 0.014270782470703125, 0.014204025268554688, 0.013824224472045898, 0.01291966438293457, 0.01255941390991211, 0.013332366943359375, 0.014305353164672852, 0.012159347534179688, 0.013381004333496094, 0.01248931884765625, 0.013917207717895508, 0.015264034271240234, 0.012490272521972656, 0.013681650161743164, 0.014987468719482422], [0.018097639083862305, 0.01844334602355957, 0.016740083694458008, 0.016536474227905273, 0.017458200454711914, 0.01985931396484375, 0.01981639862060547, 0.018677711486816406, 0.016834735870361328, 0.017744064331054688, 0.01855611801147461, 0.017342567443847656, 0.016165971755981445, 0.018502473831176758, 0.0174713134765625, 0.020111560821533203, 0.015758752822875977, 0.01572251319885254, 0.016559839248657227, 0.016461849212646484], [0.021836519241333008, 0.021666765213012695, 0.019809246063232422, 0.02093982696533203, 0.021774768829345703, 0.024710893630981445, 0.020606517791748047, 0.02269768714904785, 0.02120351791381836, 0.021024227142333984, 0.023871183395385742, 0.02071833610534668, 0.020811796188354492, 0.021909713745117188, 0.021626949310302734, 0.022578001022338867, 0.02134084701538086, 0.02237391471862793, 0.021589279174804688, 0.02238917350769043], [0.027661800384521484, 0.0264434814453125, 0.02499985694885254, 0.025095224380493164, 0.025142192840576172, 0.026631593704223633, 0.026273250579833984, 0.02455592155456543, 0.024631023406982422, 0.023495912551879883, 0.025688648223876953, 0.02555990219116211, 0.024610042572021484, 0.028943777084350586, 0.02424931526184082, 0.027266502380371094, 0.0258331298828125, 0.02461409568786621, 0.02493739128112793, 0.02517533302307129], [0.02940988540649414, 0.03182840347290039, 0.027945280075073242, 0.02622699737548828, 0.029085397720336914, 0.030586719512939453, 0.028810739517211914, 0.030147790908813477, 0.031855106353759766, 0.029068946838378906, 0.03159189224243164, 0.028102874755859375, 0.033264875411987305, 0.030268430709838867, 0.02990865707397461, 0.029596805572509766, 0.027591705322265625, 0.0298614501953125, 0.028665781021118164, 0.028676509857177734], [0.03330492973327637, 0.030848979949951172, 0.03528285026550293, 0.029266357421875, 0.02934408187866211, 0.033139944076538086, 0.03394055366516113, 0.03347611427307129, 0.034151554107666016, 0.029774188995361328, 0.03607511520385742, 0.031242847442626953, 0.032678842544555664, 0.030011653900146484, 0.03269076347351074, 0.03372001647949219, 0.03475236892700195, 0.03567337989807129, 0.03084731101989746, 0.033471107482910156], [0.03825187683105469, 0.03700733184814453, 0.036637067794799805, 0.03584861755371094, 0.03502225875854492, 0.0370333194732666, 0.03554081916809082, 0.03673124313354492, 0.03709530830383301, 0.03558635711669922, 0.037389516830444336, 0.03541898727416992, 0.03516745567321777, 0.03300142288208008, 0.03863954544067383, 0.03583192825317383, 0.035639047622680664, 0.03235983848571777, 0.03656911849975586, 0.03398895263671875], [0.0399022102355957, 0.04227089881896973, 0.03995013236999512, 0.03762221336364746, 0.04053950309753418, 0.04342031478881836, 0.03780961036682129, 0.039760589599609375, 0.04048919677734375, 0.037711143493652344, 0.0444943904876709, 0.04024958610534668, 0.040132999420166016, 0.03893280029296875, 0.03928184509277344, 0.04104351997375488, 0.03998732566833496, 0.04438376426696777, 0.035939931869506836, 0.03638434410095215], [0.04753708839416504, 0.039118051528930664, 0.0424504280090332, 0.04068183898925781, 0.04264235496520996, 0.04562044143676758, 0.041100263595581055, 0.04695439338684082, 0.04355978965759277, 0.04080343246459961, 0.040854692459106445, 0.04464268684387207, 0.03967452049255371, 0.04039883613586426, 0.039897918701171875, 0.04425477981567383, 0.04389834403991699, 0.0406041145324707, 0.042160749435424805, 0.04262137413024902], [0.04821324348449707, 0.044998884201049805, 0.0452120304107666, 0.04497218132019043, 0.04523825645446777, 0.04693150520324707, 0.046494245529174805, 0.04406595230102539, 0.04517936706542969, 0.04586982727050781, 0.04637765884399414, 0.045119285583496094, 0.04391121864318848, 0.044170379638671875, 0.04354143142700195, 0.04309487342834473, 0.04465675354003906, 0.048709869384765625, 0.04446268081665039, 0.044510841369628906], [0.048609256744384766, 0.04544997215270996, 0.050412654876708984, 0.04679751396179199, 0.04559803009033203, 0.0480344295501709, 0.045255422592163086, 0.04660320281982422, 0.05131077766418457, 0.04742240905761719, 0.0445399284362793, 0.046123504638671875, 0.04529881477355957, 0.047269344329833984, 0.04519534111022949, 0.06404614448547363, 0.047650814056396484, 0.0477137565612793, 0.04646706581115723, 0.046354055404663086], [0.05521392822265625, 0.04697847366333008, 0.0563960075378418, 0.04964017868041992, 0.04866361618041992, 0.05150485038757324, 0.0488588809967041, 0.05081939697265625, 0.050472259521484375, 0.04871487617492676, 0.050611257553100586, 0.05023527145385742, 0.05525851249694824, 0.04860353469848633, 0.050579071044921875, 0.053505659103393555, 0.05279421806335449, 0.049546003341674805, 0.05075192451477051, 0.04936671257019043], [0.05724024772644043, 0.05304741859436035, 0.056453704833984375, 0.05221700668334961, 0.056063175201416016, 0.057521820068359375, 0.05309438705444336, 0.051225900650024414, 0.05028939247131348, 0.053380489349365234, 0.05669260025024414, 0.05750727653503418, 0.05713081359863281, 0.05759429931640625, 0.0589601993560791, 0.05688071250915527, 0.05037498474121094, 0.06073117256164551, 0.05277228355407715, 0.053144216537475586], [0.06518864631652832, 0.05891752243041992, 0.05900859832763672, 0.05765342712402344, 0.05800437927246094, 0.06039786338806152, 0.05311894416809082, 0.052544355392456055, 0.05343937873840332, 0.05837392807006836, 0.057437896728515625, 0.0543978214263916, 0.05791640281677246, 0.05510759353637695, 0.05294489860534668, 0.059778690338134766, 0.055020809173583984, 0.05444598197937012, 0.0549774169921875, 0.05354928970336914], [0.06592059135437012, 0.058144330978393555, 0.0603947639465332, 0.061566829681396484, 0.06236553192138672, 0.07250618934631348, 0.06464242935180664, 0.05801224708557129, 0.06093168258666992, 0.05824422836303711, 0.06394791603088379, 0.06358909606933594, 0.059026479721069336, 0.05975699424743652, 0.0583500862121582, 0.06428241729736328, 0.059221506118774414, 0.05639195442199707, 0.05841875076293945, 0.0574641227722168], [0.06158089637756348, 0.060128211975097656, 0.06663155555725098, 0.06217360496520996, 0.061859846115112305, 0.06776547431945801, 0.06234478950500488, 0.059977054595947266, 0.06266093254089355, 0.06551098823547363, 0.0758352279663086, 0.06376361846923828, 0.0613713264465332, 0.06596851348876953, 0.06350255012512207, 0.07119226455688477, 0.06745600700378418, 0.06659984588623047, 0.06694936752319336, 0.06674695014953613], [0.07403349876403809, 0.06699037551879883, 0.0633704662322998, 0.06548643112182617, 0.06554937362670898,