{"size": [4267, 8534, 12801, 17068, 21335, 25602, 29869, 34136, 38403, 42670, 46937, 51204, 55471, 59738, 64005, 68272, 72539, 76806, 81086], "time": [[0.8641092777252197, 0.4165792465209961, 0.4722168445587158, 0.46605443954467773, 0.4704625606536865, 0.4798870086669922, 0.4730241298675537, 0.48174023628234863, 0.47322654724121094, 0.4673469066619873, 0.4628467559814453, 0.4772913455963135, 0.47414636611938477, 0.47495317459106445, 0.4819633960723877, 0.45450878143310547, 0.4340059757232666, 0.4631645679473877, 0.4819447994232178, 0.47750139236450195], [0.958559513092041, 0.875293493270874, 0.8436198234558105, 0.9063501358032227, 0.9210207462310791, 0.895864725112915, 0.9460427761077881, 0.8939042091369629, 0.9383957386016846, 0.9324710369110107, 0.9360396862030029, 0.877514123916626, 0.8548033237457275, 0.9279332160949707, 0.9011657238006592, 0.9444501399993896, 0.9361228942871094, 0.952139139175415, 0.8598036766052246, 0.9135420322418213], [1.3849890232086182, 1.4071896076202393, 1.4066500663757324, 1.3685851097106934, 1.114151954650879, 1.2205796241760254, 1.1967236995697021, 1.1695075035095215, 1.2529873847961426, 1.2360148429870605, 1.1888408660888672, 1.1978216171264648, 1.1711909770965576, 1.1706547737121582, 1.2125298976898193, 1.1811883449554443, 1.1918649673461914, 1.170612096786499, 1.1855871677398682, 1.1930902004241943], [1.5680711269378662, 1.652674913406372, 1.6007826328277588, 1.5635418891906738, 1.565793752670288, 1.5262515544891357, 1.5041422843933105, 1.617814064025879, 1.566575050354004, 1.55126953125, 1.519423007965088, 1.5429892539978027, 1.3554439544677734, 1.5118892192840576, 1.5081191062927246, 1.7005095481872559, 1.5584125518798828, 1.5740652084350586, 1.601306676864624, 1.5861692428588867], [1.8656411170959473, 1.9444358348846436, 1.871675729751587, 1.873744010925293, 2.0051989555358887, 1.8641960620880127, 1.7742860317230225, 2.164478302001953, 2.0786843299865723, 1.9579741954803467, 1.8969573974609375, 2.1246390342712402, 2.000819206237793, 1.9264328479766846, 1.8726832866668701, 1.870110034942627, 2.101447343826294, 2.080291271209717, 1.8753812313079834, 1.8183650970458984], [2.3131444454193115, 2.4320836067199707, 2.235786199569702, 2.1575169563293457, 2.3251953125, 2.3522286415100098, 2.1513240337371826, 2.2208690643310547, 2.1623733043670654, 2.2128777503967285, 2.245978355407715, 2.2857813835144043, 2.2990520000457764, 2.2506000995635986, 2.229334831237793, 2.6585748195648193, 2.141974925994873, 2.3145816326141357, 2.1663217544555664, 2.267134666442871], [2.6147212982177734, 2.449946641921997, 2.589073419570923, 2.9212050437927246, 2.6436069011688232, 2.641735792160034, 2.7255709171295166, 2.4892632961273193, 2.6141371726989746, 2.9725887775421143, 2.6371889114379883, 2.6030664443969727, 2.6138076782226562, 2.685321807861328, 2.624504327774048, 2.5640974044799805, 2.7350380420684814, 2.6717851161956787, 2.654787302017212, 2.835355758666992], [3.2700321674346924, 2.928539276123047, 2.9376344680786133, 3.2165145874023438, 2.852372169494629, 3.1127429008483887, 3.1769378185272217, 2.9872353076934814, 2.9886040687561035, 3.2541372776031494, 2.950803756713867, 2.9323394298553467, 3.005490303039551, 3.0876779556274414, 2.8607535362243652, 2.9033656120300293, 3.0545294284820557, 3.269836664199829, 3.0083298683166504, 2.9598631858825684], [3.17177414894104, 3.3597335815429688, 3.5238399505615234, 3.3343539237976074, 3.4039998054504395, 3.3026931285858154, 3.413069725036621, 3.435164213180542, 3.2797176837921143, 3.381185531616211, 3.0472240447998047, 3.6076500415802, 3.4637298583984375, 3.3035545349121094, 3.3587913513183594, 3.532393455505371, 3.2486093044281006, 3.3084211349487305, 3.231740713119507, 3.21427059173584], [3.9706742763519287, 3.6079843044281006, 3.6000654697418213, 3.781296968460083, 3.7081918716430664, 3.717869758605957, 3.6739413738250732, 3.624894618988037, 3.8375744819641113, 3.5553507804870605, 3.6089344024658203, 3.8186700344085693, 3.7387988567352295, 3.6486713886260986, 3.794793128967285, 3.659472942352295, 3.8821399211883545, 3.9239516258239746, 3.768927812576294, 3.607609987258911], [4.232042074203491, 3.9897308349609375, 4.045674800872803, 3.8716940879821777, 3.9885642528533936, 3.977703809738159, 4.118274211883545, 4.124684810638428, 4.123300790786743, 4.104260444641113, 4.207509756088257, 4.3081347942352295, 4.224172353744507, 4.167111396789551, 4.22587776184082, 4.02469539642334, 4.20656418800354, 4.010840892791748, 4.034801721572876, 4.01179838180542], [4.363520383834839, 4.507341146469116, 4.526026964187622, 4.413479804992676, 4.509092330932617, 4.446613550186157, 4.384045362472534, 4.417674779891968, 4.445078611373901, 4.4214935302734375, 4.604182720184326, 4.5110883712768555, 4.513625621795654, 4.269530534744263, 4.60352635383606, 4.362127780914307, 4.370575904846191, 4.428364276885986, 4.438262701034546, 4.283915042877197], [4.847395896911621, 4.673429250717163, 4.85131049156189, 4.855424642562866, 4.806971311569214, 4.807077169418335, 4.88447642326355, 5.143828630447388, 4.6018288135528564, 4.770638942718506, 4.674077749252319, 4.792096376419067, 4.678352117538452, 4.500287294387817, 5.00188946723938, 4.599709987640381, 4.8070127964019775, 4.656481504440308, 4.923600912094116, 4.697668790817261], [4.716258764266968, 5.256772518157959, 5.1319029331207275, 5.026119232177734, 5.216054201126099, 5.232242107391357, 4.900540828704834, 5.07307505607605, 5.059345245361328, 5.232341527938843, 5.203586578369141, 5.406806230545044, 5.078366756439209, 5.071585655212402, 5.151787757873535, 5.075194597244263, 4.874046087265015, 5.024521112442017, 4.845599412918091, 5.144674301147461], [5.494973421096802, 5.481975555419922, 5.62250280380249, 5.570595026016235, 5.17076563835144, 5.364634037017822, 5.63358211517334, 5.302695989608765, 5.377021551132202, 5.398672103881836, 5.459621429443359, 5.300765752792358, 5.791846036911011, 5.3321990966796875, 5.533172369003296, 5.784137964248657, 5.457618951797485, 5.685942888259888, 5.568404674530029, 5.478962182998657], [5.862260103225708, 5.853429555892944, 5.764922618865967, 5.742111921310425, 5.699961185455322, 5.919801712036133, 5.768160343170166, 5.7066967487335205, 5.950846433639526, 5.680976152420044, 5.624277591705322, 5.794856548309326, 5.649497747421265, 5.955578804016113, 5.833259344100952, 5.717433452606201, 5.762503147125244, 5.61649227142334, 5.910213232040405, 5.892474174499512], [6.073199033737183, 6.257024526596069, 6.453582286834717, 6.303628444671631, 6.171557903289795, 6.049068927764893, 6.144687175750732, 6.128763914108276, 6.133152008056641, 5.892603874206543, 6.277605772018433, 6.179722785949707, 5.9270477294921875, 6.179985761642456, 6.082556486129761, 6.6998817920684814, 6.322139024734497, 6.103343725204468, 6.222432613372803, 5.934816122055054], [6.494868516921997, 6.418169021606445, 6.451457738876343, 6.50211763381958, 6.344777822494507, 6.525424957275391, 6.605565071105957, 6.677350044250488, 6.631162405014038, 6.287678003311157, 6.713467597961426, 6.954714775085449, 6.686097860336304, 6.485185623168945, 6.261148691177368, 6.699503421783447, 6.208475112915039, 6.2288665771484375, 6.625626802444458, 6.554475545883179], [6.812386751174927, 6.98225212097168, 6.465812683105469, 6.900899648666382, 6.837284326553345, 7.01569128036499, 6.660045146942139, 6.830125331878662, 6.595489025115967, 6.945646524429321, 7.028278827667236, 6.7754693031311035, 7.003546237945557, 6.949719667434692, 6.918650388717651, 6.954489469528198, 6.852446794509888, 6.779876470565796, 7.110434532165527, 7.134251832962036]]}