{"size": [4054, 8109, 12163, 16217, 20272, 24326, 28380, 32434, 36489, 40543, 44597, 48652, 52706, 56760, 60815, 64869, 68923, 72977, 77032, 81086], "time": [[0.014883041381835938, 0.002039194107055664, 0.0011487007141113281, 0.0021076202392578125, 0.002973318099975586, 0.0024328231811523438, 0.0017523765563964844, 0.0021963119506835938, 0.0023801326751708984, 0.0024368762969970703, 0.0022389888763427734, 0.0023581981658935547, 0.001861572265625, 0.0018253326416015625, 0.002712249755859375, 0.0017807483673095703, 0.002820253372192383, 0.0019025802612304688, 0.0021741390228271484, 0.0020956993103027344], [0.004436969757080078, 0.005964517593383789, 0.005383014678955078, 0.005118370056152344, 0.004889011383056641, 0.004291057586669922, 0.005692720413208008, 0.006181955337524414, 0.004941463470458984, 0.004777193069458008, 0.006104230880737305, 0.006402254104614258, 0.004729270935058594, 0.006272077560424805, 0.005434274673461914, 0.006067037582397461, 0.004854917526245117, 0.0051991939544677734, 0.0058727264404296875, 0.0048389434814453125], [0.01144552230834961, 0.008293867111206055, 0.009201526641845703, 0.008536577224731445, 0.008289337158203125, 0.008758068084716797, 0.008542060852050781, 0.007496356964111328, 0.008687496185302734, 0.009519100189208984, 0.008561134338378906, 0.008732318878173828, 0.007078647613525391, 0.008841514587402344, 0.00916433334350586, 0.008902311325073242, 0.008054971694946289, 0.009002923965454102, 0.008673906326293945, 0.008576393127441406], [0.012375831604003906, 0.010655879974365234, 0.011127710342407227, 0.01213979721069336, 0.012408018112182617, 0.011430978775024414, 0.011548995971679688, 0.011409521102905273, 0.012562274932861328, 0.010892152786254883, 0.011096954345703125, 0.011298894882202148, 0.010993003845214844, 0.0118865966796875, 0.012328386306762695, 0.009440898895263672, 0.012454748153686523, 0.010644197463989258, 0.012583255767822266, 0.011292219161987305], [0.017791271209716797, 0.013535022735595703, 0.013451337814331055, 0.01452493667602539, 0.014060735702514648, 0.015373468399047852, 0.015459299087524414, 0.015366792678833008, 0.014175891876220703, 0.01310586929321289, 0.017561674118041992, 0.015155315399169922, 0.014014720916748047, 0.013623952865600586, 0.014484167098999023, 0.013140678405761719, 0.014963388442993164, 0.013975381851196289, 0.014413118362426758, 0.014865875244140625], [0.019025087356567383, 0.017162561416625977, 0.016529560089111328, 0.017937421798706055, 0.016925573348999023, 0.017161846160888672, 0.016569137573242188, 0.01864004135131836, 0.01738452911376953, 0.016961097717285156, 0.01781773567199707, 0.014916181564331055, 0.019877910614013672, 0.016687393188476562, 0.017927169799804688, 0.01451563835144043, 0.01783609390258789, 0.017935514450073242, 0.01890110969543457, 0.01878499984741211], [0.021156787872314453, 0.02193284034729004, 0.01911163330078125, 0.018715620040893555, 0.01831984519958496, 0.019081830978393555, 0.020412683486938477, 0.020226240158081055, 0.020340681076049805, 0.019717931747436523, 0.022337675094604492, 0.018748760223388672, 0.018762826919555664, 0.02039957046508789, 0.019257783889770508, 0.021578311920166016, 0.01979517936706543, 0.01994919776916504, 0.018969297409057617, 0.021024703979492188], [0.026752471923828125, 0.02410745620727539, 0.02293086051940918, 0.0223081111907959, 0.02274608612060547, 0.02104640007019043, 0.021227598190307617, 0.021605491638183594, 0.021449565887451172, 0.022446870803833008, 0.02343916893005371, 0.023646831512451172, 0.023019075393676758, 0.02359771728515625, 0.024621963500976562, 0.023879289627075195, 0.01952385902404785, 0.02291393280029297, 0.022980451583862305, 0.02562236785888672], [0.02332019805908203, 0.024344444274902344, 0.022386789321899414, 0.021263599395751953, 0.02625250816345215, 0.0244903564453125, 0.02671027183532715, 0.026142120361328125, 0.024584054946899414, 0.02450728416442871, 0.02976393699645996, 0.028171539306640625, 0.02074289321899414, 0.02605462074279785, 0.023342609405517578, 0.0220184326171875, 0.019917011260986328, 0.026593446731567383, 0.024104833602905273, 0.024921894073486328], [0.035569190979003906, 0.02619194984436035, 0.02751922607421875, 0.026900529861450195, 0.02541375160217285, 0.025136232376098633, 0.028754711151123047, 0.02779245376586914, 0.025610923767089844, 0.02946186065673828, 0.022866487503051758, 0.02836918830871582, 0.026805639266967773, 0.0265350341796875, 0.026715755462646484, 0.026498794555664062, 0.029209136962890625, 0.023834705352783203, 0.022235631942749023, 0.030124425888061523], [0.03778886795043945, 0.028562307357788086, 0.028255701065063477, 0.029057741165161133, 0.027850866317749023, 0.026801347732543945, 0.029314756393432617, 0.031092405319213867, 0.02557516098022461, 0.028429269790649414, 0.026684999465942383, 0.027584075927734375, 0.03219032287597656, 0.03105783462524414, 0.025866985321044922, 0.028408527374267578, 0.03269004821777344, 0.027683258056640625, 0.026723623275756836, 0.02535104751586914], [0.03498220443725586, 0.031191349029541016, 0.028609037399291992, 0.0288546085357666, 0.02864837646484375, 0.032369136810302734, 0.028641462326049805, 0.02666616439819336, 0.029808759689331055, 0.02984166145324707, 0.027848005294799805, 0.029367923736572266, 0.027892112731933594, 0.027449846267700195, 0.028226613998413086, 0.02635669708251953, 0.02914738655090332, 0.026955366134643555, 0.03114914894104004, 0.030257463455200195], [0.03004002571105957, 0.03310966491699219, 0.03040480613708496, 0.03117084503173828, 0.03016948699951172, 0.029267549514770508, 0.03452038764953613, 0.03139662742614746, 0.031058073043823242, 0.03443288803100586, 0.04156064987182617, 0.029921293258666992, 0.026354312896728516, 0.0316319465637207, 0.028071880340576172, 0.031239748001098633, 0.031702280044555664, 0.026003122329711914, 0.025781631469726562, 0.03664851188659668], [0.03851008415222168, 0.03621339797973633, 0.03201699256896973, 0.03657793998718262, 0.03301811218261719, 0.04012179374694824, 0.03468585014343262, 0.03501582145690918, 0.031882524490356445, 0.03468823432922363, 0.036069393157958984, 0.03105473518371582, 0.03232121467590332, 0.028664350509643555, 0.03336215019226074, 0.03519558906555176, 0.03114938735961914, 0.0327763557434082, 0.03461718559265137, 0.035016536712646484], [0.03728985786437988, 0.03582143783569336, 0.03241991996765137, 0.03667020797729492, 0.03850269317626953, 0.04943704605102539, 0.034594058990478516, 0.03621721267700195, 0.03346538543701172, 0.03708481788635254, 0.03976130485534668, 0.03265738487243652, 0.03723740577697754, 0.03940916061401367, 0.03614354133605957, 0.04429936408996582, 0.039450645446777344, 0.037078142166137695, 0.03928089141845703, 0.038477182388305664], [0.0360407829284668, 0.03746795654296875, 0.03878927230834961, 0.03747439384460449, 0.04103732109069824, 0.04346776008605957, 0.03687310218811035, 0.03802967071533203, 0.03831076622009277, 0.035872697830200195, 0.036041259765625, 0.03637814521789551, 0.03661036491394043, 0.0387883186340332, 0.03872203826904297, 0.04016566276550293, 0.03514671325683594, 0.04375314712524414, 0.04114484786987305, 0.038356781005859375], [0.043965816497802734, 0.04097604751586914, 0.03615832328796387, 0.04433465003967285, 0.04126691818237305, 0.03720664978027344, 0.03565788269042969, 0.04291844367980957, 0.03636813163757324, 0.03979778289794922, 0.04330897331237793, 0.03962230682373047, 0.04505467414855957, 0.04244184494018555, 0.03853273391723633, 0.03809094429016113, 0.04198718070983887, 0.03961491584777832, 0.042340755462646484, 0.04076528549194336], [0.04733896255493164, 0.04398846626281738, 0.041353702545166016, 0.041507720947265625, 0.040459632873535156, 0.03402519226074219, 0.04463696479797363, 0.04772067070007324, 0.038763999938964844, 0.045699119567871094, 0.05293464660644531, 0.04500746726989746, 0.04449748992919922, 0.03867197036743164, 0.04481339454650879, 0.04348015785217285, 0.03840780258178711, 0.04431962966918945, 0.04040670394897461, 0.045073509216308594], [0.04968547821044922, 