{"size": [4054, 8109, 12163, 16217, 20272, 24326, 28380, 32434, 36489, 40543, 44597, 48652, 52706, 56760, 60815, 64869, 68923, 72977, 77032, 81086], "time": [[0.8164389133453369, 0.39965152740478516, 0.40473079681396484, 0.3996574878692627, 0.39105868339538574, 0.40071964263916016, 0.40906310081481934, 0.38300609588623047, 0.40973734855651855, 0.4135143756866455, 0.40381741523742676, 0.3946566581726074, 0.4031562805175781, 0.4101865291595459, 0.39990901947021484, 0.4042186737060547, 0.4080078601837158, 0.39499759674072266, 0.40715622901916504, 0.400890588760376], [0.735281229019165, 0.8204030990600586, 0.818115234375, 0.806135892868042, 0.8201260566711426, 0.8027963638305664, 0.7829222679138184, 0.736469030380249, 0.7381610870361328, 0.7629907131195068, 0.8055193424224854, 0.8197948932647705, 0.775853157043457, 0.7994468212127686, 0.8279900550842285, 0.8237977027893066, 0.8375091552734375, 0.8121755123138428, 0.7448544502258301, 0.7930681705474854], [1.200803279876709, 1.1901493072509766, 1.208226203918457, 1.2266676425933838, 1.1758980751037598, 1.1657724380493164, 1.2026124000549316, 1.1744017601013184, 1.2374324798583984, 1.202937126159668, 1.2220382690429688, 1.199192762374878, 1.1413702964782715, 1.2093405723571777, 1.181318998336792, 1.1848573684692383, 1.2189407348632812, 1.189582347869873, 1.2308828830718994, 1.174607515335083], [1.557049036026001, 1.4674959182739258, 1.367283821105957, 1.3031644821166992, 1.3328490257263184, 1.375662088394165, 1.3664441108703613, 1.3012170791625977, 1.370631217956543, 1.3228049278259277, 1.373155117034912, 1.3167669773101807, 1.3517367839813232, 1.3168632984161377, 1.446589708328247, 1.4129385948181152, 1.4222171306610107, 1.4633469581604004, 1.4286677837371826, 1.4190700054168701]]}