{"size": [4267, 8534, 12801, 17068, 21335, 25602, 29869, 34136, 38403, 42670, 46937, 51204, 55471, 59738, 64005, 68272, 72539, 76806, 81086], "time": [[0.01483607292175293, 0.005610466003417969, 0.0057833194732666016, 0.006288766860961914, 0.0054547786712646484, 0.005563020706176758, 0.005789041519165039, 0.005576610565185547, 0.006006002426147461, 0.005625009536743164, 0.0060710906982421875, 0.005766630172729492, 0.006119966506958008, 0.005658626556396484, 0.005650043487548828, 0.006024837493896484, 0.005973339080810547, 0.005519866943359375, 0.005763053894042969, 0.006262302398681641], [0.009466886520385742, 0.009297847747802734, 0.009330511093139648, 0.00948190689086914, 0.010187864303588867, 0.010251998901367188, 0.011050224304199219, 0.009223461151123047, 0.010283231735229492, 0.009215593338012695, 0.010491609573364258, 0.009482622146606445, 0.009534358978271484, 0.011311531066894531, 0.009375333786010742, 0.010389566421508789, 0.010177850723266602, 0.010725021362304688, 0.009127378463745117, 0.009869813919067383], [0.013521194458007812, 0.01363229751586914, 0.01255655288696289, 0.013148069381713867, 0.01550745964050293, 0.013499975204467773, 0.012680292129516602, 0.014439821243286133, 0.013234615325927734, 0.012180805206298828, 0.016294479370117188, 0.014829874038696289, 0.01284480094909668, 0.012765645980834961, 0.01339268684387207, 0.015251636505126953, 0.015124320983886719, 0.012346029281616211, 0.015210151672363281, 0.015813350677490234], [0.019994735717773438, 0.017510414123535156, 0.016236305236816406, 0.016690731048583984, 0.01680469512939453, 0.019735336303710938, 0.01731419563293457, 0.017151594161987305, 0.017074108123779297, 0.016149044036865234, 0.017682552337646484, 0.017318248748779297, 0.018846750259399414, 0.016050338745117188, 0.018502473831176758, 0.019823312759399414, 0.017211437225341797, 0.018332719802856445, 0.017426729202270508, 0.019562244415283203], [0.023827791213989258, 0.02077341079711914, 0.022468090057373047, 0.021625280380249023, 0.02016925811767578, 0.02496480941772461, 0.0205228328704834, 0.020209074020385742, 0.019488811492919922, 0.019387483596801758, 0.020433902740478516, 0.020061254501342773, 0.020597219467163086, 0.020523786544799805, 0.020685195922851562, 0.0209348201751709, 0.024053573608398438, 0.020604610443115234, 0.021652698516845703, 0.021105527877807617], [0.0287628173828125, 0.02380967140197754, 0.024904489517211914, 0.023596763610839844, 0.023967266082763672, 0.029754638671875, 0.02490854263305664, 0.02401423454284668, 0.02865290641784668, 0.025142431259155273, 0.026530742645263672, 0.02911233901977539, 0.025548696517944336, 0.024217605590820312, 0.024828672409057617, 0.026760339736938477, 0.02340984344482422, 0.023550987243652344, 0.02531886100769043, 0.024028301239013672], [0.030058860778808594, 0.027737855911254883, 0.0308074951171875, 0.029966354370117188, 0.030748367309570312, 0.028746366500854492, 0.028821468353271484, 0.02729630470275879, 0.026992321014404297, 0.028252601623535156, 0.027270078659057617, 0.0274810791015625, 0.026694774627685547, 0.029154062271118164, 0.027797698974609375, 0.02807784080505371, 0.03353428840637207, 0.027719497680664062, 0.028477907180786133, 0.027043581008911133], [0.03569507598876953, 0.032582759857177734, 0.031054973602294922, 0.03100299835205078, 0.03206372261047363, 0.032628774642944336, 0.030878067016601562, 0.03146815299987793, 0.03370189666748047, 0.032859086990356445, 0.03618025779724121, 0.03189969062805176, 0.03288435935974121, 0.03232121467590332, 0.031853675842285156, 0.03430318832397461, 0.03497576713562012, 0.030969619750976562, 0.03346610069274902, 0.03242969512939453], [0.03760886192321777, 0.03819394111633301, 0.036782026290893555, 0.0393064022064209, 0.039336204528808594, 0.03685307502746582, 0.03588390350341797, 0.03714561462402344, 0.0336918830871582, 0.03551650047302246, 0.036905527114868164, 0.03373098373413086, 0.03627204895019531, 0.03455042839050293, 0.036191701889038086, 0.03912925720214844, 0.03617238998413086, 0.03644704818725586, 0.035511016845703125, 0.03479886054992676], [0.047455549240112305, 0.04361414909362793, 0.04059720039367676, 0.04112648963928223, 0.04050636291503906, 0.047307729721069336, 0.04087352752685547, 0.03816676139831543, 0.03690814971923828, 0.0410771369934082, 0.04445648193359375, 0.04162883758544922, 0.038317203521728516, 0.03976082801818848, 0.04147148132324219, 0.04179096221923828, 0.038846731185913086, 0.03899955749511719, 0.03949880599975586, 0.04180312156677246], [0.04430747032165527, 0.04680681228637695, 0.04151463508605957, 0.04170370101928711, 0.04174995422363281, 0.04403185844421387, 0.04523110389709473, 0.04363393783569336, 0.04217076301574707, 0.044988393783569336, 0.04576444625854492, 0.04481387138366699, 0.04194283485412598, 0.04118990898132324, 0.045494794845581055, 0.045760393142700195, 0.04087996482849121, 0.04168963432312012, 0.042473554611206055, 0.04373908042907715], [0.049451589584350586, 0.04394698143005371, 0.0454869270324707, 0.04485607147216797, 0.044655799865722656, 0.045409202575683594, 0.044889211654663086, 0.0496673583984375, 0.04942679405212402, 0.045510292053222656, 0.04533553123474121, 0.045822858810424805, 0.04374527931213379, 0.04312467575073242, 0.047664642333984375, 0.044141530990600586, 0.043653249740600586, 0.04685068130493164, 0.04421067237854004, 0.04465484619140625], [0.05107855796813965, 0.047772884368896484, 0.04731416702270508, 0.05400371551513672, 0.04729580879211426, 0.050168752670288086, 0.04894256591796875, 0.04715466499328613, 0.0471339225769043, 0.049323081970214844, 0.050756216049194336, 0.04544997215270996, 0.04654502868652344, 0.0502779483795166, 0.04768967628479004, 0.04835391044616699, 0.049896955490112305, 0.05047011375427246, 0.04781651496887207, 0.04936528205871582], [0.049802541732788086, 0.050882577896118164, 0.05353999137878418, 0.05816841125488281, 0.049283742904663086, 0.0544283390045166, 0.052346229553222656, 0.05300760269165039, 0.04967069625854492, 0.049942731857299805, 0.056272268295288086, 0.05492424964904785, 0.05129814147949219, 0.05341458320617676, 0.05205726623535156, 0.05477333068847656, 0.05204653739929199, 0.05558419227600098, 0.05255436897277832, 0.05266165733337402], [0.062066078186035156, 0.05423402786254883, 0.054734230041503906, 0.050620079040527344, 0.05298733711242676, 0.05937957763671875, 0.05585336685180664, 0.05431556701660156, 0.05358481407165527, 0.05735921859741211, 0.05407571792602539, 0.05394172668457031, 0.0547332763671875, 0.05366969108581543, 0.05123710632324219, 0.05704784393310547, 0.0556645393371582, 0.05270266532897949, 0.05568814277648926, 0.053839683532714844], [0.06486797332763672, 0.059682607650756836, 0.05568099021911621, 0.05568742752075195, 0.06012439727783203, 0.055419921875, 0.05972886085510254, 0.054833173751831055, 0.05754423141479492, 0.05694270133972168, 0.060715436935424805, 0.0594327449798584, 0.056458473205566406, 0.05577349662780762, 0.05771994590759277, 0.0653679370880127, 0.05926203727722168, 0.05689191818237305, 0.05466103553771973, 0.05915570259094238], [0.06713414192199707, 0.06116080284118652, 0.06408452987670898, 0.060512542724609375, 0.059736013412475586, 0.06078696250915527, 0.06091761589050293, 0.05978274345397949, 0.06526565551757812, 0.05884552001953125, 0.0659947395324707, 0.062285423278808594, 0.0638124942779541, 0.057098388671875, 0.059021949768066406, 0.06518006324768066, 0.060921669006347656, 0.060189247131347656, 0.06168508529663086, 0.067138671875], [0.06624221801757812, 0.06683683395385742, 0.06620121002197266, 0.06451129913330078, 0.0619046688079834, 0.06473445892333984, 0.06373429298400879, 0.06452822685241699, 0.06621575355529785, 0.06353521347045898, 0.06249666213989258, 0.06485319137573242, 0.06647086143493652, 0.0672159194946289, 0.06562662124633789, 0.06970739364624023, 0.06699585914611816, 0.0636909008026123, 0.06309938430786133, 0.06804418563842773], [0.0704798698425293, 0.06718826293945312, 0.06853747367858887, 0.07124590873718262, 0.06305885314941406, 