{"size": [4054, 8109, 12163, 16217, 20272, 24326, 28380, 32434, 36489, 40543, 44597, 48652, 52706, 56760, 60815, 64869, 68923, 72977, 77032, 81086], "time": {"func": [[0.8355872631072998, 0.4181702136993408, 0.4131176471710205, 0.4144446849822998, 0.4206976890563965, 0.3850691318511963, 0.4247446060180664, 0.41574668884277344, 0.40659332275390625, 0.4124338626861572, 0.41945600509643555, 0.38297176361083984, 0.4092285633087158, 0.40983152389526367, 0.42299675941467285, 0.4198293685913086, 0.39478039741516113, 0.4092998504638672, 0.42350053787231445, 0.4131157398223877], [0.8041203022003174, 0.8196508884429932, 0.8302574157714844, 0.8162956237792969, 0.7990829944610596, 0.8341851234436035, 0.8387784957885742, 0.821793794631958, 0.8399639129638672, 0.8316605091094971, 0.8161125183105469, 0.8380577564239502, 0.837975025177002, 0.8130261898040771, 0.830418586730957, 0.8333361148834229, 0.8262698650360107, 0.7769927978515625, 0.8231620788574219, 0.7945492267608643], [1.235959529876709, 1.2281100749969482, 1.222405195236206, 1.2011146545410156, 1.246736764907837, 1.2519910335540771, 1.2434306144714355, 1.2564048767089844, 1.242828369140625, 1.2391152381896973, 1.1882045269012451, 1.1533751487731934, 1.2435896396636963, 1.2542450428009033, 1.1642930507659912, 1.2171258926391602, 1.222416639328003, 1.229189395904541, 1.2471768856048584, 1.245520830154419], [1.630279541015625, 1.4775276184082031, 1.612029790878296, 1.5946581363677979, 1.4306282997131348, 1.3294117450714111, 1.4839551448822021, 1.3256101608276367, 1.385718822479248, 1.3439602851867676, 1.3301818370819092, 1.372877597808838, 1.510284185409546, 1.3719139099121094, 1.3594517707824707, 1.3898074626922607, 1.4407832622528076, 1.3645803928375244, 1.4137294292449951, 1.3478960990905762], [1.59269118309021, 1.696115255355835, 1.7401485443115234, 1.6787714958190918, 1.824549674987793, 1.682072401046753, 1.7746834754943848, 1.7455708980560303, 1.7512438297271729, 1.8303890228271484, 1.8020997047424316, 1.708148717880249, 1.7621824741363525, 1.716362714767456, 1.6694343090057373, 1.740736722946167, 1.6669325828552246, 1.7291309833526611, 1.874094009399414, 1.8874480724334717], [2.0920522212982178, 2.216301918029785, 2.1956429481506348, 2.166142463684082, 2.0206522941589355, 2.1703295707702637, 2.029149055480957, 1.9199714660644531, 2.025956153869629, 2.0922749042510986, 2.060901641845703, 2.0216784477233887, 1.9893183708190918, 2.1019225120544434, 2.05922532081604, 2.0148627758026123, 2.026613235473633, 2.044520854949951, 2.0887982845306396, 2.118637800216675], [2.38907790184021, 2.398834228515625, 2.2506823539733887, 2.2806344032287598, 2.4604849815368652, 2.583395004272461, 2.4212646484375, 2.330970287322998, 2.3744776248931885, 2.2718427181243896, 2.3947038650512695, 2.427002191543579, 2.359546661376953, 2.2894840240478516, 2.4505679607391357, 2.528015613555908, 2.509458541870117, 2.4302480220794678, 2.414494752883911, 2.382004976272583], [2.784918785095215, 2.774930715560913, 2.736036777496338, 2.835134983062744, 2.813084840774536, 2.902191162109375, 2.778920888900757, 2.7886383533477783, 2.6323177814483643, 2.6933298110961914, 2.86531138420105, 2.8854312896728516, 2.677420139312744, 2.857375144958496, 2.7466249465942383, 2.9006965160369873, 3.0084829330444336, 2.68021297454834, 2.8227548599243164, 2.801072835922241], [3.086514949798584, 2.958820104598999, 3.0167195796966553, 3.091224193572998, 3.057565689086914, 2.932425022125244, 3.0765891075134277, 3.1866886615753174, 3.0371034145355225, 3.1114675998687744, 3.076948404312134, 3.067145586013794, 3.2304418087005615, 3.266833543777466, 2.9943737983703613, 3.1835429668426514, 2.9592533111572266, 3.0897817611694336, 3.1504790782928467, 3.1950535774230957], [3.263516664505005, 3.4082062244415283, 3.2650909423828125, 3.502418279647827, 3.449709892272949, 3.2488951683044434, 3.423516035079956, 3.3086225986480713, 3.488457441329956, 3.4791765213012695, 3.398751974105835, 3.4178757667541504, 3.4743688106536865, 3.375324010848999, 3.5171260833740234, 3.239780902862549, 3.5134165287017822, 3.280726194381714, 3.6424708366394043, 3.448960781097412], [3.5964720249176025, 3.784214496612549, 3.592132806777954, 3.829936981201172, 4.17305588722229, 3.836780548095703, 3.7293050289154053, 3.994065999984741, 3.8214457035064697, 3.7653310298919678, 3.682234764099121, 3.731052875518799, 3.7091033458709717, 3.720811605453491, 3.7010254859924316, 3.783036708831787, 3.5943470001220703, 3.7987656593322754, 3.7379074096679688, 3.561807155609131], [3.9410080909729004, 4.133928537368774, 3.948371171951294, 4.22105073928833, 4.050885438919067, 4.08708930015564, 3.821840524673462, 4.071935653686523, 4.099034786224365, 4.0232744216918945, 3.973524332046509, 4.196082353591919, 4.1027162075042725, 3.890798568725586, 3.9732208251953125, 4.068822383880615, 3.96260142326355, 3.888432264328003, 3.9666130542755127, 4.062924146652222], [4.333147287368774, 4.541968107223511, 4.637663125991821, 4.254805564880371, 4.244317531585693, 4.15888786315918, 4.388832092285156, 4.405026435852051, 4.550595283508301, 4.212946176528931, 4.561777830123901, 4.421143054962158, 4.478137731552124, 4.469460964202881, 4.2668373584747314, 4.641908884048462, 4.067051649093628, 4.2401745319366455, 4.622819662094116, 4.580071210861206], [4.666085243225098, 4.654189348220825, 4.709306478500366, 4.7220776081085205, 4.889087915420532, 5.184941530227661, 4.556096792221069, 4.487075090408325, 4.70060396194458, 4.538040637969971, 4.460783243179321, 4.884641170501709, 4.710691690444946, 4.400359153747559, 4.88016939163208, 4.5478880405426025, 4.570371389389038, 4.6283347606658936, 4.745904922485352, 4.76743483543396], [5.08498215675354, 5.093394756317139, 4.979118585586548, 4.950904130935669, 4.83673095703125, 5.076871633529663, 4.891198396682739, 4.990953207015991, 4.992021560668945, 5.369465589523315, 5.170453310012817, 5.227595806121826, 4.881303787231445, 5.202955961227417, 5.019321441650391, 4.995419025421143, 4.994173288345337, 4.841436862945557, 5.0846617221832275, 5.092514753341675], [5.64131760597229, 5.440750360488892, 5.264200210571289, 5.304049015045166, 5.42648458480835, 5.350833415985107, 5.2847840785980225, 5.152626037597656, 5.4807751178741455, 5.359986066818237, 5.481745958328247, 5.205963611602783, 5.163458347320557, 5.670033931732178, 5.477313756942749, 5.506266355514526, 5.369386672973633, 5.2778496742248535, 5.29961085319519, 5.098721265792847], [5.823939561843872, 5.480631589889526, 5.4901251792907715, 6.044651985168457, 5.878684043884277, 5.98267388343811, 5.883947372436523, 5.5335915088653564, 5.682639122009277, 5.581546306610107, 5.399226188659668, 5.550250768661499, 5.650679111480713, 5.8725056648254395, 5.636397123336792, 5.491361379623413, 5.992116689682007, 5.70060133934021, 5.779947519302368, 5.643778085708618], [6.131918907165527, 5.970399618148804, 5.980648994445801, 6.193863391876221, 5.759427309036255, 6.237466812133789, 6.206258535385132, 6.050776481628418, 5.846733093261719, 6.025606870651245, 6.327289342880249, 5.877396821975708, 6.168549299240112, 6.151050567626953, 5.788518190383911, 6.1078760623931885, 6.137188911437988, 5.960705041885376, 6.038033723831177, 6.209711074829102], [6.294931650161743, 6.256380319595337, 6.481908321380615, 6.187687158584595, 6.233998537063599, 6.1867218017578125, 6.309228897094727, 6.118242502212524, 6.508282423019409, 6.107142210006714, 6.025921821594238, 6.479389190673828, 6.277316570281982, 6.40810751914978, 6.342134475708008, 6.060747385025024, 6.487745761871338, 6.331002235412598, 6.483815431594849, 6.1639392375946045], [6.535988092422485, 6.608641862869263, 6.4708967208862305, 6.58460259437561, 6.388927936553955, 6.773571014404297, 6.492801666259766, 6.533337593078613, 6.583679676055908, 6.542117595672607, 6.480908155441284, 6.527679443359375, 6.4556872844696045, 6.351255416870117, 6.593559980392456, 6.6702094078063965, 6.909517765045166, 6.672946214675903, 6.652010440826416, 6.693511247634888]],