{"size": [752, 1504, 2256, 3008, 3760, 4512, 5264, 6768], "time": [[0.005949974060058594, 0.003089427947998047, 0.002873659133911133, 0.0025339126586914062, 0.002749919891357422, 0.0026848316192626953, 0.0026717185974121094, 0.002913951873779297, 0.0027513504028320312, 0.0027527809143066406, 0.0026977062225341797, 0.0030138492584228516, 0.0028128623962402344, 0.0029799938201904297, 0.003012418746948242, 0.0031054019927978516, 0.002796173095703125, 0.002956867218017578, 0.0027513504028320312, 0.0028629302978515625], [0.0032036304473876953, 0.0034024715423583984, 0.0032148361206054688, 0.0028197765350341797, 0.003189563751220703, 0.002532958984375, 0.0023162364959716797, 0.002618551254272461, 0.0030858516693115234, 0.0025634765625, 0.0026216506958007812, 0.0023102760314941406, 0.0023207664489746094, 0.0022780895233154297, 0.002610921859741211, 0.002437591552734375, 0.0020647048950195312, 0.0023436546325683594, 0.002920866012573242, 0.002329111099243164], [0.002938985824584961, 0.0025649070739746094, 0.002330780029296875, 0.0023543834686279297, 0.002657651901245117, 0.0023941993713378906, 0.002319812774658203, 0.0030176639556884766, 0.002413034439086914, 0.002202749252319336, 0.0029611587524414062, 0.0024099349975585938, 0.0027098655700683594, 0.0023927688598632812, 0.0023779869079589844, 0.002469301223754883, 0.0022771358489990234, 0.002341747283935547, 0.002687692642211914, 0.002689838409423828], [0.0024161338806152344, 0.0021810531616210938, 0.0022814273834228516, 0.002390623092651367, 0.0023584365844726562, 0.0027637481689453125, 0.002573251724243164, 0.0022275447845458984, 0.0023424625396728516, 0.002371072769165039, 0.003299236297607422, 0.0025768280029296875, 0.0030486583709716797, 0.0024666786193847656, 0.0023496150970458984, 0.002855062484741211, 0.0025053024291992188, 0.0024652481079101562, 0.0023403167724609375, 0.0024564266204833984], [0.0025801658630371094, 0.0024242401123046875, 0.0023980140686035156, 0.0024347305297851562, 0.002432107925415039, 0.0024352073669433594, 0.0027463436126708984, 0.0024983882904052734, 0.0024738311767578125, 0.003835916519165039, 0.0025331974029541016, 0.0028531551361083984, 0.0024709701538085938, 0.002424001693725586, 0.0025475025177001953, 0.002485513687133789, 0.0023763179779052734, 0.0026154518127441406, 0.002453327178955078, 0.002477407455444336], [0.002786397933959961, 0.003476858139038086, 0.0026061534881591797, 0.0027234554290771484, 0.0026111602783203125, 0.002798795700073242, 0.0026044845581054688, 0.002609729766845703, 0.002501249313354492, 0.0026504993438720703, 0.0025496482849121094, 0.0029692649841308594, 0.0028104782104492188, 0.0026285648345947266, 0.0025255680084228516, 0.0026671886444091797, 0.0024619102478027344, 0.0027358531951904297, 0.0026769638061523438, 0.002692699432373047], [0.0028955936431884766, 0.0032851696014404297, 0.0028934478759765625, 0.002839326858520508, 0.0027074813842773438, 0.0028836727142333984, 0.002671480178833008, 0.002797365188598633, 0.002652406692504883, 0.0028634071350097656, 0.0027701854705810547, 0.0027112960815429688, 0.0028541088104248047, 0.002957582473754883, 0.0029611587524414062, 0.002828836441040039, 0.0028715133666992188, 0.003089427947998047, 0.002761363983154297, 0.002824544906616211], [0.0031778812408447266, 0.002974987030029297, 0.0031065940856933594, 0.0036118030548095703, 0.0038712024688720703, 0.0036919116973876953, 0.0029048919677734375, 0.0030159950256347656, 0.0030412673950195312, 0.0029146671295166016, 0.0032355785369873047, 0.003229379653930664, 0.002894163131713867, 0.003832101821899414, 0.0036280155181884766, 0.0035965442657470703, 0.0036606788635253906, 0.004010915756225586, 0.0036449432373046875, 0.0036497116088867188]]}