{"size": [677, 1354, 2030, 2707, 3384, 4061, 4738, 5414, 6091, 6768], "time": [[0.002418041229248047, 0.0006191730499267578, 0.0001442432403564453, 0.0003161430358886719, 0.0009207725524902344, 0.0003185272216796875, 0.00021266937255859375, 0.0005664825439453125, 0.00022792816162109375, 0.00035643577575683594, 0.00019598007202148438, 0.0005998611450195312, 0.0008568763732910156, 0.00018978118896484375, 0.0004665851593017578, 0.0007784366607666016, 0.00029921531677246094, 0.0003921985626220703, 0.0004057884216308594, 0.0002582073211669922], [1.6689300537109375e-06, 0.0004229545593261719, 7.081031799316406e-05, 0.00011897087097167969, 0.0003936290740966797, 0.0005815029144287109, 0.00021839141845703125, 0.0002472400665283203, 5.8650970458984375e-05, 0.00032258033752441406, 0.00042319297790527344, 0.0005967617034912109, 0.00038504600524902344, 0.0005280971527099609, 3.0517578125e-05, 0.00041675567626953125, 0.0007216930389404297, 0.00017380714416503906, 0.0001862049102783203, 0.0005061626434326172], [0.0001087188720703125, 0.0002961158752441406, 0.00022673606872558594, 0.00030040740966796875, 0.00048732757568359375, 9.250640869140625e-05, 0.002027273178100586, 0.00021505355834960938, 0.0006165504455566406, 0.00016117095947265625, 0.00033855438232421875, 0.0001437664031982422, 0.0006241798400878906, 0.0003654956817626953, 0.00031065940856933594, 0.0015287399291992188, 1.9788742065429688e-05, 0.001010894775390625, 4.363059997558594e-05, 0.00041985511779785156], [0.0003514289855957031, 0.00010013580322265625, 0.0004165172576904297, 4.744529724121094e-05, 0.0003349781036376953, 0.0007755756378173828, 3.838539123535156e-05, 0.00042510032653808594, 8.58306884765625e-06, 0.0006577968597412109, 0.0008122920989990234, 0.0004296302795410156, 0.000396728515625, 3.409385681152344e-05, 0.0002956390380859375, 8.296966552734375e-05, 0.0002837181091308594, 0.00017714500427246094, 0.0002639293670654297, 0.000324249267578125], [0.0007238388061523438, 0.0005140304565429688, 0.0003979206085205078, 0.0004203319549560547, 0.0004444122314453125, 0.0007269382476806641, 6.341934204101562e-05, 0.00035309791564941406, 0.0005359649658203125, 4.267692565917969e-05, 0.00021600723266601562, 0.00039887428283691406, 0.0005276203155517578, 0.0004987716674804688, 0.0005908012390136719, 0.0003399848937988281, 0.0004429817199707031, 0.0004899501800537109, 6.008148193359375e-05, 0.0013651847839355469], [0.0007097721099853516, 0.0005877017974853516, 0.0006334781646728516, 0.0005619525909423828, 0.00011110305786132812, 0.0005364418029785156, 0.0003101825714111328, 0.0003962516784667969, 0.0006668567657470703, 0.0005261898040771484, 0.0006060600280761719, 0.0006453990936279297, 0.0004150867462158203, 0.0011801719665527344, 0.0006761550903320312, 0.0005116462707519531, 0.000568389892578125, 0.0005967617034912109, 0.0005514621734619141, 0.0008575916290283203], [0.0002837181091308594, 0.0015552043914794922, 0.0006771087646484375, 0.0006196498870849609, 0.0010263919830322266, 0.0015532970428466797, 0.0012011528015136719, 0.0008261203765869141, 0.0009009838104248047, 0.00045490264892578125, 0.0014276504516601562, 0.0007832050323486328, 0.0008223056793212891, 0.0014414787292480469, 0.0008473396301269531, 0.0009050369262695312, 0.0015287399291992188, 0.0013451576232910156, 0.0008788108825683594, 0.0007951259613037109], [0.0008778572082519531, 0.0011174678802490234, 0.0010106563568115234, 0.0007245540618896484, 0.0007255077362060547, 0.0009295940399169922, 0.0010786056518554688, 0.0008993148803710938, 0.001188039779663086, 0.0009372234344482422, 0.0010259151458740234, 0.0011906623840332031, 0.0011134147644042969, 0.0010030269622802734, 0.0008859634399414062, 0.0007321834564208984, 0.0009508132934570312, 0.0010488033294677734, 0.0001850128173828125, 0.0005395412445068359], [0.0006833076477050781, 0.0007610321044921875, 0.0008494853973388672, 0.0014128684997558594, 0.0004956722259521484, 0.0013306140899658203, 0.0018489360809326172, 0.0010046958923339844, 0.0016434192657470703, 0.0008721351623535156, 0.0010995864868164062, 0.0004134178161621094, 0.0012929439544677734, 0.000675201416015625, 0.0009281635284423828, 0.0009484291076660156, 0.0008389949798583984, 0.0011150836944580078, 0.0006797313690185547, 0.00032258033752441406], [0.0005280971527099609, 0.0009620189666748047, 0.0008823871612548828, 0.0008742809295654297, 0.0006842613220214844, 0.0006883144378662109, 0.0008642673492431641, 0.0006034374237060547, 0.0015206336975097656, 0.0009672641754150391, 0.00040602684020996094, 0.0006396770477294922, 0.0011501312255859375, 0.0010554790496826172, 0.0008578300476074219, 0.0014791488647460938, 0.000762939453125, 0.0016474723815917969, 0.0009045600891113281, 0.0016622543334960938]]}