{"size": [752, 1504, 2256, 3008, 3760, 4512, 5264, 6016, 6768], "time": [[0.005167961120605469, 0.0022728443145751953, 0.0022275447845458984, 0.002143383026123047, 0.002432584762573242, 0.0023076534271240234, 0.002192974090576172, 0.00214385986328125, 0.002187490463256836, 0.002294778823852539, 0.0020771026611328125, 0.002224445343017578, 0.0021474361419677734, 0.002600431442260742, 0.0021800994873046875, 0.0025739669799804688, 0.0022058486938476562, 0.0022258758544921875, 0.0022330284118652344, 0.0021767616271972656], [0.0021419525146484375, 0.0020294189453125, 0.0023272037506103516, 0.0021033287048339844, 0.002042055130004883, 0.0020589828491210938, 0.0020494461059570312, 0.002055644989013672, 0.0020613670349121094, 0.0019986629486083984, 0.002076864242553711, 0.0020105838775634766, 0.0020186901092529297, 0.002077341079711914, 0.0020601749420166016, 0.0020978450775146484, 0.0020186901092529297, 0.0025463104248046875, 0.002039194107055664, 0.0021169185638427734], [0.002125978469848633, 0.0020973682403564453, 0.002190828323364258, 0.002227783203125, 0.002292633056640625, 0.0021517276763916016, 0.002031087875366211, 0.0022652149200439453, 0.0020935535430908203, 0.0021255016326904297, 0.0020520687103271484, 0.002178192138671875, 0.0019905567169189453, 0.002127408981323242, 0.0021598339080810547, 0.0022089481353759766, 0.0020494461059570312, 0.0022826194763183594, 0.002057790756225586, 0.0021724700927734375], [0.0023336410522460938, 0.0023126602172851562, 0.002524852752685547, 0.0023572444915771484, 0.002234220504760742, 0.00229644775390625, 0.0023338794708251953, 0.0022077560424804688, 0.0022025108337402344, 0.002429962158203125, 0.002082347869873047, 0.002061128616333008, 0.002563953399658203, 0.002402782440185547, 0.002170562744140625, 0.0020258426666259766, 0.0020532608032226562, 0.002074003219604492, 0.0021042823791503906, 0.002206087112426758], [0.002308368682861328, 0.0023620128631591797, 0.0022296905517578125, 0.0022792816162109375, 0.002348184585571289, 0.0023484230041503906, 0.002378225326538086, 0.002208232879638672, 0.0021486282348632812, 0.0023474693298339844, 0.002397298812866211, 0.0023543834686279297, 0.0024521350860595703, 0.0022628307342529297, 0.0023267269134521484, 0.0024678707122802734, 0.0023305416107177734, 0.0024073123931884766, 0.0023169517517089844, 0.002310037612915039], [0.0026674270629882812, 0.0026443004608154297, 0.0025200843811035156, 0.002518892288208008, 0.0024955272674560547, 0.0026750564575195312, 0.0027158260345458984, 0.0026366710662841797, 0.0023279190063476562, 0.0025212764739990234, 0.0024750232696533203, 0.0022537708282470703, 0.0025153160095214844, 0.002236604690551758, 0.0028235912322998047, 0.0028989315032958984, 0.002480745315551758, 0.0024313926696777344, 0.0024712085723876953, 0.002616405487060547], [0.0027086734771728516, 0.0026466846466064453, 0.0026183128356933594, 0.0026040077209472656, 0.0027425289154052734, 0.0026051998138427734, 0.0031845569610595703, 0.0031049251556396484, 0.0026788711547851562, 0.002710103988647461, 0.002496957778930664, 0.002462625503540039, 0.0024640560150146484, 0.002669095993041992, 0.0026102066040039062, 0.002745389938354492, 0.0027151107788085938, 0.0031156539916992188, 0.003032684326171875, 0.002341032028198242], [0.003192901611328125, 0.0031561851501464844, 0.002526521682739258, 0.0024306774139404297, 0.0030660629272460938, 0.0029191970825195312, 0.003812551498413086, 0.0028433799743652344, 0.0032262802124023438, 0.003341197967529297, 0.003163576126098633, 0.0031867027282714844, 0.0030236244201660156, 0.0028142929077148438, 0.002920389175415039, 0.002988576889038086, 0.0030188560485839844, 0.002789735794067383, 0.0028128623962402344, 0.0030443668365478516], [0.002803325653076172, 0.003651142120361328, 0.003350496292114258, 0.0040209293365478516, 0.0030858516693115234, 0.003373861312866211, 0.0030808448791503906, 0.0035219192504882812, 0.0032126903533935547, 0.0032749176025390625, 0.0031173229217529297, 0.0029163360595703125, 0.003244638442993164, 0.0032651424407958984, 0.0034646987915039062, 0.0031447410583496094, 0.0030286312103271484, 0.002362966537475586, 0.003962516784667969, 0.0030121803283691406]]}