{"size": [677, 1354, 2030, 2707, 3384, 4061, 4738, 5414, 6091, 6768], "time": {"func": [[0.006110429763793945, 0.0033104419708251953, 0.0031366348266601562, 0.003466367721557617, 0.003186464309692383, 0.003702402114868164, 0.0034465789794921875, 0.003145933151245117, 0.0033338069915771484, 0.003634214401245117, 0.002927064895629883, 0.003264904022216797, 0.003387451171875, 0.0031843185424804688, 0.0033702850341796875, 0.002962827682495117, 0.003138303756713867, 0.0034914016723632812, 0.00341033935546875, 0.0032074451446533203], [0.0028641223907470703, 0.0032699108123779297, 0.002778291702270508, 0.0031194686889648438, 0.002765655517578125, 0.0028028488159179688, 0.0025680065155029297, 0.003532886505126953, 0.0036156177520751953, 0.0030214786529541016, 0.003192424774169922, 0.0030798912048339844, 0.002791166305541992, 0.0035827159881591797, 0.0027642250061035156, 0.0028111934661865234, 0.002744913101196289, 0.0027556419372558594, 0.0027332305908203125, 0.0032393932342529297], [0.0027391910552978516, 0.003238677978515625, 0.0031273365020751953, 0.0042438507080078125, 0.0028014183044433594, 0.002824068069458008, 0.002857685089111328, 0.002796649932861328, 0.0027501583099365234, 0.0027916431427001953, 0.0028603076934814453, 0.0028057098388671875, 0.002853870391845703, 0.003091096878051758, 0.002749204635620117, 0.002756357192993164, 0.002789020538330078, 0.0028824806213378906, 0.002765655517578125, 0.0027964115142822266], [0.002825021743774414, 0.002857208251953125, 0.0028374195098876953, 0.002809286117553711, 0.0035810470581054688, 0.0027980804443359375, 0.0028455257415771484, 0.002861499786376953, 0.0028433799743652344, 0.0028433799743652344, 0.003230571746826172, 0.003361225128173828, 0.0035982131958007812, 0.002841949462890625, 0.002832651138305664, 0.0029001235961914062, 0.0028159618377685547, 0.00350189208984375, 0.002885103225708008, 0.0028362274169921875], [0.0029578208923339844, 0.002816438674926758, 0.0034418106079101562, 0.0028858184814453125, 0.002823352813720703, 0.0030481815338134766, 0.0028188228607177734, 0.003424406051635742, 0.0028464794158935547, 0.002912282943725586, 0.003306150436401367, 0.0037009716033935547, 0.002877473831176758, 0.002859354019165039, 0.003002166748046875, 0.002902507781982422, 0.002954721450805664, 0.002884387969970703, 0.0027992725372314453, 0.0030655860900878906], [0.003588438034057617, 0.0031566619873046875, 0.003432750701904297, 0.0032608509063720703, 0.0032167434692382812, 0.0030295848846435547, 0.002930164337158203, 0.003073453903198242, 0.0029761791229248047, 0.004012346267700195, 0.0031058788299560547, 0.0030362606048583984, 0.0032958984375, 0.0032835006713867188, 0.003160238265991211, 0.002990245819091797, 0.003039836883544922, 0.0029578208923339844, 0.003011465072631836, 0.0033416748046875], [0.0038318634033203125, 0.0038688182830810547, 0.0032067298889160156, 0.0033788681030273438, 0.003095865249633789, 0.0039730072021484375, 0.0030999183654785156, 0.00319671630859375, 0.0032029151916503906, 0.003064393997192383, 0.0030438899993896484, 0.0032203197479248047, 0.003165721893310547, 0.003259897232055664, 0.003393411636352539, 0.004572153091430664, 0.0036902427673339844, 0.003249645233154297, 0.003950595855712891, 0.0031960010528564453], [0.0034608840942382812, 0.0033042430877685547, 0.0034880638122558594, 0.0033669471740722656, 0.0033583641052246094, 0.0033440589904785156, 0.0034062862396240234, 0.003379344940185547, 0.0034465789794921875, 0.0038957595825195312, 0.0037047863006591797, 0.003641366958618164, 0.003510713577270508, 0.003503084182739258, 0.0032052993774414062, 0.0030999183654785156, 0.0037078857421875, 0.0034770965576171875, 0.003294229507446289, 0.0035390853881835938], [0.0037331581115722656, 0.003256559371948242, 0.003416776657104492, 0.003191709518432617, 0.0033986568450927734, 0.003268718719482422, 0.0037047863006591797, 0.0032694339752197266, 0.004065275192260742, 0.004566192626953125, 0.0037450790405273438, 0.003305196762084961, 0.0033545494079589844, 0.0031566619873046875, 0.0036461353302001953, 0.0034956932067871094, 0.0034780502319335938, 0.0034008026123046875, 0.0032672882080078125, 0.004433155059814453], [0.003658771514892578, 0.0033855438232421875, 0.00398707389831543, 0.003319263458251953, 0.003336191177368164, 0.0036323070526123047, 0.0031480789184570312, 0.0032923221588134766, 0.0030579566955566406, 0.003866434097290039, 0.003138303756713867, 0.004056453704833984, 0.0033235549926757812, 0.0032558441162109375, 0.003919839859008789, 0.004173755645751953, 0.0035195350646972656, 0.003339052200317383, 0.003568887710571289, 0.0033540725708007812]],