{"size": [677, 1354, 2030, 2707, 3384, 4061, 4738, 5414, 6091, 6768], "time": [[0.004967689514160156, 0.0028722286224365234, 0.003049612045288086, 0.002374887466430664, 0.002235889434814453, 0.0023031234741210938, 0.0022292137145996094, 0.0023643970489501953, 0.0021796226501464844, 0.002666950225830078, 0.002729654312133789, 0.002245664596557617, 0.002544879913330078, 0.0022940635681152344, 0.0020606517791748047, 0.0022733211517333984, 0.0026764869689941406, 0.002289295196533203, 0.002686738967895508, 0.002300739288330078], [0.004388093948364258, 0.0032100677490234375, 0.0032453536987304688, 0.003142833709716797, 0.004413127899169922, 0.0027883052825927734, 0.0035250186920166016, 0.0035469532012939453, 0.003566265106201172, 0.003453493118286133, 0.0035729408264160156, 0.0034029483795166016, 0.0031213760375976562, 0.0030765533447265625, 0.0035991668701171875, 0.0026671886444091797, 0.003317117691040039, 0.0033659934997558594, 0.0029249191284179688, 0.0033812522888183594], [0.002590179443359375, 0.0027725696563720703, 0.003052234649658203, 0.003946065902709961, 0.0027675628662109375, 0.0028645992279052734, 0.002618551254272461, 0.0028145313262939453, 0.003070831298828125, 0.0028502941131591797, 0.0038423538208007812, 0.0028123855590820312, 0.0031757354736328125, 0.002841472625732422, 0.0028023719787597656, 0.0025587081909179688, 0.002721548080444336, 0.0028617382049560547, 0.0028982162475585938, 0.0027806758880615234], [0.002752542495727539, 0.0028290748596191406, 0.00273895263671875, 0.002867460250854492, 0.002824068069458008, 0.002682209014892578, 0.0025866031646728516, 0.0027189254760742188, 0.002732992172241211, 0.003275632858276367, 0.0024569034576416016, 0.002665281295776367, 0.002780914306640625, 0.00286102294921875, 0.0028667449951171875, 0.0027379989624023438, 0.002666950225830078, 0.0028183460235595703, 0.002811908721923828, 0.0028972625732421875], [0.002909421920776367, 0.002820730209350586, 0.002856016159057617, 0.0029151439666748047, 0.0029451847076416016, 0.0030057430267333984, 0.002804994583129883, 0.0032002925872802734, 0.003363370895385742, 0.0028934478759765625, 0.0027697086334228516, 0.0026483535766601562, 0.002798318862915039, 0.002979755401611328, 0.002897977828979492, 0.003698587417602539, 0.003406047821044922, 0.0030603408813476562, 0.002878427505493164, 0.003197908401489258], [0.002972126007080078, 0.0030269622802734375, 0.002962827682495117, 0.003138303756713867, 0.0028884410858154297, 0.003184080123901367, 0.0029511451721191406, 0.002966165542602539, 0.0028798580169677734, 0.0029413700103759766, 0.0030603408813476562, 0.0029730796813964844, 0.0029134750366210938, 0.0031054019927978516, 0.003118753433227539, 0.0030515193939208984, 0.003233671188354492, 0.003049135208129883, 0.002871274948120117, 0.0030689239501953125], [0.0036041736602783203, 0.0038509368896484375, 0.0035927295684814453, 0.0033211708068847656, 0.0037055015563964844, 0.0031960010528564453, 0.0032639503479003906, 0.0028073787689208984, 0.0031566619873046875, 0.0026865005493164062, 0.0038225650787353516, 0.0031321048736572266, 0.0038237571716308594, 0.0027637481689453125, 0.003133058547973633, 0.0029456615447998047, 0.0036106109619140625, 0.002760171890258789, 0.0038454532623291016, 0.0030541419982910156], [0.004194974899291992, 0.0028591156005859375, 0.0037512779235839844, 0.0030553340911865234, 0.003458261489868164, 0.002961874008178711, 0.003331899642944336, 0.0028662681579589844, 0.004007577896118164, 0.0030565261840820312, 0.003539562225341797, 0.0031805038452148438, 0.0036237239837646484, 0.0028722286224365234, 0.003850698471069336, 0.002938985824584961, 0.0034170150756835938, 0.0030927658081054688, 0.004256725311279297, 0.00295257568359375], [0.003934383392333984, 0.0037212371826171875, 0.0033457279205322266, 0.0037627220153808594, 0.004232645034790039, 0.0036644935607910156, 0.0033025741577148438, 0.0030214786529541016, 0.0036063194274902344, 0.0039904117584228516, 0.0036809444427490234, 0.0033206939697265625, 0.003814697265625, 0.003657102584838867, 0.0034606456756591797, 0.002944469451904297, 0.0034134387969970703, 0.0034329891204833984, 0.004524946212768555, 0.0032885074615478516], [0.004153728485107422, 0.003888368606567383, 0.003752470016479492, 0.004159450531005859, 0.003472566604614258, 0.0038487911224365234, 0.0034172534942626953, 0.0030641555786132812, 0.004397869110107422, 0.0037114620208740234, 0.004910945892333984, 0.0037577152252197266, 0.003470182418823242, 0.0030469894409179688, 0.0036101341247558594, 0.0039708614349365234, 0.003408670425415039, 0.003920555114746094, 0.004143953323364258, 0.0036432743072509766]]}