{"size": [677, 1354, 2030, 2707, 3384, 4061, 4738, 5414, 6091, 6768], "time": [[0.012382984161376953, 0.002977132797241211, 0.0032699108123779297, 0.003662109375, 0.0032961368560791016, 0.0031309127807617188, 0.0032677650451660156, 0.002794981002807617, 0.0033452510833740234, 0.0029218196868896484, 0.003210783004760742, 0.002907991409301758, 0.0033445358276367188, 0.00299072265625, 0.003389120101928711, 0.002773761749267578, 0.0033631324768066406, 0.0029604434967041016, 0.0033707618713378906, 0.003161907196044922], [0.004131793975830078, 0.005454540252685547, 0.0059854984283447266, 0.004196882247924805, 0.004625558853149414, 0.003971576690673828, 0.003960847854614258, 0.006075620651245117, 0.00392913818359375, 0.003591299057006836, 0.004670143127441406, 0.006353616714477539, 0.0049266815185546875, 0.004606485366821289, 0.004026889801025391, 0.005209207534790039, 0.004649162292480469, 0.005440711975097656, 0.005321979522705078, 0.004047870635986328], [0.00590968132019043, 0.006616353988647461, 0.0049779415130615234, 0.004683971405029297, 0.004374504089355469, 0.004382133483886719, 0.006544351577758789, 0.005250692367553711, 0.00474095344543457, 0.005917549133300781, 0.0048902034759521484, 0.006002902984619141, 0.005162239074707031, 0.006341457366943359, 0.006183624267578125, 0.004744052886962891, 0.0057981014251708984, 0.006195068359375, 0.00550389289855957, 0.004533052444458008], [0.006104946136474609, 0.005736589431762695, 0.005163908004760742, 0.005741596221923828, 0.007817268371582031, 0.007239341735839844, 0.005452394485473633, 0.0056591033935546875, 0.00537419319152832, 0.00711822509765625, 0.0065326690673828125, 0.006891012191772461, 0.005915403366088867, 0.0053517818450927734, 0.005700349807739258, 0.0056989192962646484, 0.006117105484008789, 0.006221294403076172, 0.0051081180572509766, 0.0072460174560546875], [0.008352279663085938, 0.006651878356933594, 0.006196260452270508, 0.007975339889526367, 0.007785797119140625, 0.0070476531982421875, 0.006142377853393555, 0.00633549690246582, 0.0073680877685546875, 0.007291316986083984, 0.007061004638671875, 0.007874011993408203, 0.0066127777099609375, 0.006471872329711914, 0.006139039993286133, 0.006377458572387695, 0.006331443786621094, 0.006243705749511719, 0.006853818893432617, 0.00664830207824707], [0.0068590641021728516, 0.007715702056884766, 0.0076982975006103516, 0.007245540618896484, 0.007619142532348633, 0.0074117183685302734, 0.007540225982666016, 0.008440494537353516, 0.007295370101928711, 0.0077648162841796875, 0.008310556411743164, 0.0072040557861328125, 0.00729823112487793, 0.007346153259277344, 0.007605075836181641, 0.007506847381591797, 0.0073871612548828125, 0.0077610015869140625, 0.007093906402587891, 0.007894039154052734], [0.00846719741821289, 0.008368730545043945, 0.008523225784301758, 0.008366823196411133, 0.009479284286499023, 0.00878286361694336, 0.008628129959106445, 0.008232593536376953, 0.008912324905395508, 0.00843954086303711, 0.008437156677246094, 0.008373260498046875, 0.008733034133911133, 0.008607864379882812, 0.009465694427490234, 0.007729768753051758, 0.007970571517944336, 0.008336305618286133, 0.008266687393188477, 0.008291006088256836], [0.010247468948364258, 0.009406566619873047, 0.009786844253540039, 0.009775876998901367, 0.010721683502197266, 0.009666681289672852, 0.009927988052368164, 0.009775638580322266, 0.009376287460327148, 0.010028600692749023, 0.008409738540649414, 0.009613037109375, 0.010989189147949219, 0.011078596115112305, 0.00951075553894043, 0.009271383285522461, 0.009074926376342773, 0.010638952255249023, 0.009786128997802734, 0.009756803512573242], [0.009533405303955078, 0.011350393295288086, 0.010802507400512695, 0.010479211807250977, 0.010481595993041992, 0.010991811752319336, 0.011350154876708984, 0.011341571807861328, 0.010410308837890625, 0.010497570037841797, 0.011039495468139648, 0.010870695114135742, 0.011012077331542969, 0.010637998580932617, 0.011031627655029297, 0.009943485260009766, 0.010120630264282227, 0.010669708251953125, 0.011025667190551758, 0.010067939758300781], [0.012870550155639648, 0.012413740158081055, 0.012052059173583984, 0.013284683227539062, 0.011987686157226562, 0.011704444885253906, 0.013098001480102539, 0.01253509521484375, 0.011213302612304688, 0.012624263763427734, 0.011019229888916016, 0.011237382888793945, 0.010995626449584961, 0.011563777923583984, 0.011665582656860352, 0.012435436248779297, 0.011278152465820312, 0.011180639266967773, 0.012532711029052734, 0.010996818542480469]]}