{"size": [752, 1504, 2256, 3008, 3760, 4512, 5264, 6768], "time": [[0.01269388198852539, 0.0028672218322753906, 0.0029435157775878906, 0.0030875205993652344, 0.0026695728302001953, 0.0028798580169677734, 0.003016233444213867, 0.0030448436737060547, 0.0029363632202148438, 0.002948760986328125, 0.003090381622314453, 0.0029680728912353516, 0.002967357635498047, 0.0028710365295410156, 0.0028939247131347656, 0.0030455589294433594, 0.0026221275329589844, 0.002788543701171875, 0.002810239791870117, 0.004929065704345703], [0.004486083984375, 0.003926515579223633, 0.0037467479705810547, 0.0034894943237304688, 0.0035355091094970703, 0.004042387008666992, 0.0048143863677978516, 0.0038444995880126953, 0.003506898880004883, 0.0039784908294677734, 0.004472255706787109, 0.0035009384155273438, 0.0034532546997070312, 0.0035562515258789062, 0.00400996208190918, 0.0036575794219970703, 0.004218339920043945, 0.0040988922119140625, 0.004274129867553711, 0.0034444332122802734], [0.005562543869018555, 0.00496220588684082, 0.005262851715087891, 0.005316257476806641, 0.0049059391021728516, 0.0052950382232666016, 0.006121397018432617, 0.004572153091430664, 0.005401611328125, 0.006023406982421875, 0.005281686782836914, 0.006252288818359375, 0.006256103515625, 0.004664421081542969, 0.004500150680541992, 0.005770444869995117, 0.004724025726318359, 0.005606889724731445, 0.00464630126953125, 0.005074024200439453], [0.005735635757446289, 0.005300998687744141, 0.005701303482055664, 0.005880117416381836, 0.007096052169799805, 0.006221771240234375, 0.00532078742980957, 0.005491971969604492, 0.005358219146728516, 0.005151987075805664, 0.008261442184448242, 0.006930828094482422, 0.005496025085449219, 0.006831169128417969, 0.006461381912231445, 0.0071103572845458984, 0.006885528564453125, 0.005870342254638672, 0.006724119186401367, 0.00609135627746582], [0.008392572402954102, 0.007426738739013672, 0.007672309875488281, 0.0070765018463134766, 0.007157564163208008, 0.006595611572265625, 0.00678706169128418, 0.0068471431732177734, 0.007565975189208984, 0.006813526153564453, 0.007211446762084961, 0.007025957107543945, 0.007230520248413086, 0.006566286087036133, 0.008002281188964844, 0.006871223449707031, 0.00860905647277832, 0.006319999694824219, 0.007146596908569336, 0.006507396697998047], [0.0090789794921875, 0.007925033569335938, 0.008864164352416992, 0.007956981658935547, 0.007920980453491211, 0.0077211856842041016, 0.008284807205200195, 0.008077144622802734, 0.00767207145690918, 0.007594108581542969, 0.008259296417236328, 0.007694721221923828, 0.009720802307128906, 0.00823974609375, 0.00830841064453125, 0.008733034133911133, 0.007803916931152344, 0.007841348648071289, 0.00748753547668457, 0.007714271545410156], [0.010523796081542969, 0.011341333389282227, 0.008611202239990234, 0.008983850479125977, 0.011815309524536133, 0.00872492790222168, 0.008977890014648438, 0.010142326354980469, 0.008100509643554688, 0.008009910583496094, 0.007759571075439453, 0.008471012115478516, 0.00942850112915039, 0.01008296012878418, 0.008914470672607422, 0.00948023796081543, 0.00902557373046875, 0.012484312057495117, 0.010049581527709961, 0.009500265121459961], [0.011709213256835938, 0.012940406799316406, 0.011377811431884766, 0.01055288314819336, 0.010456085205078125, 0.009514331817626953, 0.011025667190551758, 0.010136842727661133, 0.010943174362182617, 0.010869026184082031, 0.01146697998046875, 0.01098179817199707, 0.012641429901123047, 0.010414361953735352, 0.01147913932800293, 0.011090755462646484, 0.010705232620239258, 0.010898590087890625, 0.012206315994262695, 0.015542745590209961]]}