{"size": [677, 1354, 2030, 2707, 3384, 4061, 4738, 5414, 6091, 6768], "time": {"func": [[0.011996030807495117, 0.0034198760986328125, 0.0034525394439697266, 0.003376483917236328, 0.0033855438232421875, 0.0034863948822021484, 0.0034737586975097656, 0.003393411636352539, 0.0033693313598632812, 0.0034995079040527344, 0.0034999847412109375, 0.0034444332122802734, 0.003511667251586914, 0.003385305404663086, 0.0033881664276123047, 0.0033462047576904297, 0.0033872127532958984, 0.003522634506225586, 0.0035390853881835938, 0.003517627716064453], [0.0047070980072021484, 0.003615856170654297, 0.00394129753112793, 0.003990650177001953, 0.0034885406494140625, 0.003843545913696289, 0.003658294677734375, 0.0035839080810546875, 0.003595590591430664, 0.003576040267944336, 0.0036821365356445312, 0.003671407699584961, 0.0039386749267578125, 0.0045318603515625, 0.004148960113525391, 0.0037102699279785156, 0.004023075103759766, 0.003802776336669922, 0.0036711692810058594, 0.0037636756896972656], [0.0045490264892578125, 0.006774187088012695, 0.005830049514770508, 0.004422426223754883, 0.0049648284912109375, 0.004961252212524414, 0.005037069320678711, 0.007590532302856445, 0.006209850311279297, 0.004683256149291992, 0.005725860595703125, 0.004069089889526367, 0.004122734069824219, 0.006747722625732422, 0.0061244964599609375, 0.00437474250793457, 0.00443267822265625, 0.005142927169799805, 0.005383491516113281, 0.004405021667480469], [0.008644819259643555, 0.008104324340820312, 0.004720211029052734, 0.0052642822265625, 0.0059185028076171875, 0.0055084228515625, 0.006369590759277344, 0.005605220794677734, 0.0063629150390625, 0.005585908889770508, 0.0056133270263671875, 0.00607752799987793, 0.0062713623046875, 0.0052814483642578125, 0.005328655242919922, 0.005433559417724609, 0.005622386932373047, 0.005769014358520508, 0.005814552307128906, 0.006177186965942383], [0.006641864776611328, 0.007314205169677734, 0.006133317947387695, 0.006142854690551758, 0.00696873664855957, 0.006747245788574219, 0.006696939468383789, 0.006649971008300781, 0.006192684173583984, 0.007024049758911133, 0.007843494415283203, 0.00694727897644043, 0.007888078689575195, 0.007503986358642578, 0.0065686702728271484, 0.0062448978424072266, 0.006501913070678711, 0.006136417388916016, 0.007041454315185547, 0.006585121154785156], [0.0069732666015625, 0.008772850036621094, 0.00905752182006836, 0.007931709289550781, 0.008618354797363281, 0.008078575134277344, 0.007796287536621094, 0.008386611938476562, 0.007805347442626953, 0.0068988800048828125, 0.007451295852661133, 0.007697105407714844, 0.007862567901611328, 0.007585763931274414, 0.007598400115966797, 0.007970809936523438, 0.008488893508911133, 0.008505821228027344, 0.007705211639404297, 0.007554769515991211], [0.010267257690429688, 0.008732080459594727, 0.008204460144042969, 0.00863194465637207, 0.008232593536376953, 0.00798177719116211, 0.008236408233642578, 0.008358001708984375, 0.011400461196899414, 0.0081939697265625, 0.009259223937988281, 0.009042978286743164, 0.008515596389770508, 0.008223295211791992, 0.008379220962524414, 0.0090789794921875, 0.008955240249633789, 0.008036375045776367, 0.00934743881225586, 0.009311199188232422], [0.010906457901000977, 0.01025533676147461, 0.009337902069091797, 0.010320663452148438, 0.011999368667602539, 0.01012873649597168, 0.009495258331298828, 0.0097198486328125, 0.009134769439697266, 0.009400606155395508, 0.010260343551635742, 0.010515213012695312, 0.009854316711425781, 0.009301185607910156, 0.009627103805541992, 0.010095357894897461, 0.010609626770019531, 0.009351968765258789, 0.01025247573852539, 0.009407758712768555], [0.010381221771240234, 0.012220144271850586, 0.011046171188354492, 0.011483430862426758, 0.010743856430053711, 0.011780261993408203, 0.010642290115356445, 0.011480331420898438, 0.009915351867675781, 0.01365971565246582, 0.013704538345336914, 0.01171565055847168, 0.01130533218383789, 0.01011514663696289, 0.011962652206420898, 0.010803937911987305, 0.011253118515014648, 0.010433673858642578, 0.009691476821899414, 0.011136054992675781], [0.012108802795410156, 0.011278867721557617, 0.013167858123779297, 0.012176036834716797, 0.011630773544311523, 0.014509916305541992, 0.012501716613769531, 0.012070417404174805, 0.012796878814697266, 0.012327432632446289, 0.01170659065246582, 0.011254549026489258, 0.011208057403564453, 0.012136697769165039, 0.010497570037841797, 0.01488494873046875, 0.012360334396362305, 0.010533571243286133, 0.011967182159423828, 0.010827302932739258]],