{"size": [677, 1354, 2030, 2707, 3384, 4061, 4738, 5414, 6091, 6768], "time": [[0.009834766387939453, 0.0005407333374023438, 0.0005779266357421875, 0.0007627010345458984, 0.0003936290740966797, 0.0005075931549072266, 0.0007801055908203125, 0.0005064010620117188, 0.0006320476531982422, 0.0003733634948730469, 0.0006875991821289062, 0.0006074905395507812, 0.0007574558258056641, 0.00037932395935058594, 0.0007004737854003906, 0.0005598068237304688, 0.0006022453308105469, 0.0006859302520751953, 0.0008263587951660156, 0.0005800724029541016], [0.0012097358703613281, 0.001241922378540039, 0.0005261898040771484, 0.0016829967498779297, 0.0014650821685791016, 0.00035119056701660156, 0.0004889965057373047, 0.00041103363037109375, 0.00027823448181152344, 0.0002970695495605469, 0.0004165172576904297, 0.0001957416534423828, 0.0004956722259521484, 0.002366304397583008, 0.002777099609375, 0.0005354881286621094, 0.0003917217254638672, 0.0002853870391845703, 0.00040650367736816406, 0.0005216598510742188], [0.0029196739196777344, 0.0019540786743164062, 0.0027887821197509766, 0.002046346664428711, 0.0026526451110839844, 0.0016231536865234375, 0.0010974407196044922, 0.0024938583374023438, 0.0008955001831054688, 0.001953125, 0.0003516674041748047, 0.0023756027221679688, 0.00286865234375, 0.0026197433471679688, 0.0030431747436523438, 0.0013332366943359375, 0.0026700496673583984, 0.0008847713470458984, 0.0012276172637939453, 0.00041556358337402344], [0.001087188720703125, 0.002158641815185547, 6.079673767089844e-05, 0.0013742446899414062, 0.0012841224670410156, 0.003303050994873047, 0.00222015380859375, 0.0007688999176025391, 0.0014750957489013672, 0.0005218982696533203, 0.0020427703857421875, 0.00045561790466308594, 0.0009379386901855469, 0.0010929107666015625, 0.0038063526153564453, 0.0009958744049072266, 0.002809762954711914, 0.0006318092346191406, 0.0014736652374267578, 0.0005650520324707031], [0.0007100105285644531, 0.002423524856567383, 0.0007145404815673828, 0.0019183158874511719, 0.0011887550354003906, 3.790855407714844e-05, 0.0002231597900390625, 0.0011515617370605469, 0.0032367706298828125, 0.0033228397369384766, 0.0005717277526855469, 0.0013837814331054688, 0.0007569789886474609, 0.002255678176879883, 0.001434326171875, 0.0013957023620605469, 0.0017971992492675781, 0.00014662742614746094, 0.0008046627044677734, 0.0015399456024169922], [0.0022068023681640625, 0.001287698745727539, 0.002034425735473633, 0.0022344589233398438, 0.0015225410461425781, 0.0016222000122070312, 0.002130270004272461, 0.00396418571472168, 0.002055644989013672, 0.0024292469024658203, 0.001172780990600586, 0.0005304813385009766, 0.0031900405883789062, 0.0012483596801757812, 0.0016353130340576172, 0.005300760269165039, 0.003827810287475586, 0.0027341842651367188, 0.002691030502319336, 0.0009801387786865234], [0.0017011165618896484, 0.0022711753845214844, 0.0010590553283691406, 0.002759218215942383, 0.0026895999908447266, 0.0037703514099121094, 0.002243518829345703, 0.0003230571746826172, 0.004851818084716797, 0.0011610984802246094, 0.0015630722045898438, 0.0019941329956054688, 0.0022323131561279297, 0.002607583999633789, 0.0024983882904052734, 0.002074718475341797, 0.0032799243927001953, 0.0027856826782226562, 0.0017406940460205078, 0.0017724037170410156], [0.002976655960083008, 0.0027511119842529297, 0.0026702880859375, 0.0021898746490478516, 0.00286865234375, 0.0046117305755615234, 0.0018184185028076172, 0.006433725357055664, 0.003105640411376953, 0.0035877227783203125, 0.0046918392181396484, 0.0025904178619384766, 0.0026383399963378906, 0.0004897117614746094, 0.003542661666870117, 0.0031032562255859375, 0.005546092987060547, 0.002323627471923828, 0.003005504608154297, 0.0031893253326416016], [0.001936197280883789, 0.002254009246826172, 0.0033347606658935547, 0.004578113555908203, 0.00583648681640625, 0.0021941661834716797, 0.002892017364501953, 0.002645730972290039, 0.0038068294525146484, 0.0053598880767822266, 0.003779888153076172, 0.0036764144897460938, 0.004216909408569336, 0.0036079883575439453, 0.002728700637817383, 0.004230499267578125, 0.003526926040649414, 0.0030825138092041016, 0.003437042236328125, 0.0014235973358154297], [0.0031952857971191406, 0.0030629634857177734, 0.002277374267578125, 0.00433349609375, 0.003938913345336914, 0.002904176712036133, 0.0045735836029052734, 0.004399299621582031, 0.003890514373779297, 0.002508401870727539, 0.002801179885864258, 0.0038557052612304688, 0.005499124526977539, 0.0035707950592041016, 0.004532575607299805, 0.0030243396759033203, 0.003995180130004883, 0.0043871402740478516, 0.003975391387939453, 0.0020270347595214844]]}