{"size": [752, 1504, 2256, 3008, 3760, 4512, 5264, 6016, 6768], "time": [[0.010651111602783203, 0.0032639503479003906, 0.002751588821411133, 0.0026853084564208984, 0.002734661102294922, 0.003033161163330078, 0.002893686294555664, 0.0028824806213378906, 0.002921581268310547, 0.002893686294555664, 0.0027618408203125, 0.002655029296875, 0.0028808116912841797, 0.0027730464935302734, 0.0030448436737060547, 0.002905130386352539, 0.0033884048461914062, 0.0028603076934814453, 0.003207683563232422, 0.003245115280151367], [0.0034339427947998047, 0.0033915042877197266, 0.004108428955078125, 0.003966569900512695, 0.0035414695739746094, 0.004528045654296875, 0.0055084228515625, 0.0036487579345703125, 0.003610849380493164, 0.0031387805938720703, 0.0034592151641845703, 0.004168510437011719, 0.0037775039672851562, 0.004235267639160156, 0.0030863285064697266, 0.0037517547607421875, 0.003986358642578125, 0.0035626888275146484, 0.003660440444946289, 0.0036745071411132812], [0.004935503005981445, 0.004952907562255859, 0.0051729679107666016, 0.0052318572998046875, 0.005834102630615234, 0.0044765472412109375, 0.005502223968505859, 0.004576444625854492, 0.0044841766357421875, 0.006123542785644531, 0.007135152816772461, 0.00570368766784668, 0.005036354064941406, 0.005525350570678711, 0.007462024688720703, 0.005415201187133789, 0.00582122802734375, 0.0043487548828125, 0.005603790283203125, 0.006546974182128906], [0.0057904720306396484, 0.006491184234619141, 0.006679058074951172, 0.005523681640625, 0.005837917327880859, 0.0072479248046875, 0.007053375244140625, 0.00556182861328125, 0.0075228214263916016, 0.007658720016479492, 0.006232261657714844, 0.007015705108642578, 0.0058062076568603516, 0.00815439224243164, 0.005424022674560547, 0.006285190582275391, 0.005697011947631836, 0.006451845169067383, 0.006227254867553711, 0.00707554817199707], [0.008537530899047852, 0.007784366607666016, 0.011105537414550781, 0.007334709167480469, 0.009186506271362305, 0.009298324584960938, 0.0076105594635009766, 0.008013725280761719, 0.0068225860595703125, 0.007222175598144531, 0.0064465999603271484, 0.006998538970947266, 0.008441686630249023, 0.00846552848815918, 0.00846409797668457, 0.007800579071044922, 0.007498502731323242, 0.008485555648803711, 0.006035804748535156, 0.007358074188232422], [0.009781122207641602, 0.009111642837524414, 0.008472442626953125, 0.008777141571044922, 0.007666110992431641, 0.008005619049072266, 0.008324384689331055, 0.013001203536987305, 0.01326608657836914, 0.014688253402709961, 0.010923147201538086, 0.007833719253540039, 0.008493661880493164, 0.008687973022460938, 0.00816798210144043, 0.007277250289916992, 0.010154962539672852, 0.009143590927124023, 0.01160883903503418, 0.009263038635253906], [0.012355566024780273, 0.008863210678100586, 0.011288166046142578, 0.009105205535888672, 0.009508848190307617, 0.008870840072631836, 0.00896143913269043, 0.01019287109375, 0.009133577346801758, 0.009439468383789062, 0.010663986206054688, 0.01109170913696289, 0.008850812911987305, 0.00958395004272461, 0.009322643280029297, 0.012118101119995117, 0.00956869125366211, 0.00870823860168457, 0.008712530136108398, 0.01209402084350586], [0.009996891021728516, 0.01117253303527832, 0.010511398315429688, 0.01192331314086914, 0.011069536209106445, 0.009416580200195312, 0.010728597640991211, 0.010241508483886719, 0.010193586349487305, 0.011681795120239258, 0.012526988983154297, 0.009827852249145508, 0.009741067886352539, 0.011498689651489258, 0.010536670684814453, 0.010066747665405273, 0.016052722930908203, 0.01378941535949707, 0.015419721603393555, 0.011369466781616211], [0.014835357666015625, 0.016150951385498047, 0.015794754028320312, 0.011814594268798828, 0.011718034744262695, 0.015137195587158203, 0.011565923690795898, 0.011812210083007812, 0.011652946472167969, 0.012829780578613281, 0.011467933654785156, 0.014467477798461914, 0.015883445739746094, 0.009158134460449219, 0.011690616607666016, 0.009495973587036133, 0.011141300201416016, 0.00982356071472168, 0.01198887825012207, 0.011692047119140625]]}