{"time": [1514.7241399288177, 1467.7847113609314, 1473.6903791427612, 1427.0017392635345, 1396.900152683258, 1377.8061575889587, 1456.6360561847687, 1436.9098386764526, 1395.99302816391, 1469.0326609611511, 1432.7506337165833, 1447.9144949913025, 1407.0639264583588, 1438.0224912166595, 1360.860345840454, 1341.2807457447052, 1404.6536538600922, 1413.9913713932037, 1378.5533096790314, 1390.1991934776306], "LL": [35082.61840784212, 35082.61840741985, 35082.618403097964, 35082.61840647606, 35082.61842014701, 35082.618407287846, 35082.61840777185, 35082.61841458873, 35082.61842025739, 35082.61840656669, 35082.61840374826, 35082.618403445325, 35082.61840467504, 35082.61840418377, 35082.618429922244, 35082.61841777896, 35082.618403448316, 35082.61840280743, 35082.61840706451, 35082.61840502843], "epochs": [173.12237519628968, 169.83022313113975, 173.55633057006173, 167.66588759449292, 164.5745900741336, 161.95803965964285, 174.19541321257714, 168.6841470985648, 164.7066793265895, 173.2319322207209, 175.66588759449292, 175.70240660263667, 167.66588759449292, 173.7571851148523, 163.64762809042105, 162.73892561078043, 169.72066610670853, 170.5745900741336, 165.9762991637147, 167.77971734287695]}