{"time": [940.6760921478271, 1059.4386835098267, 1035.7799129486084, 967.4533205032349, 1080.499554157257, 1056.7113814353943, 1062.1861679553986, 1187.3326568603516, 1029.5902879238129, 1202.8505625724792, 983.6522881984711, 1118.5777683258057, 1023.5341503620148, 1077.5626957416534, 1026.0056829452515, 1047.9816358089447, 937.6245872974396, 1063.663083076477, 979.8863694667816, 1016.6835310459137], "LL": [35082.61840473578, 35082.618422155916, 35082.61840416322, 35082.618405228764, 35082.61841147452, 35082.618409037714, 35082.61840782472, 35082.618405978465, 35082.618425334, 35082.61842374479, 35082.61843336228, 35082.618410250936, 35082.61840543888, 35082.618407034395, 35082.61840353379, 35082.61844346596, 35082.61841590954, 35082.61840383363, 35082.618426071596, 35082.6184216415], "epochs": [82.81196362706788, 92.90326114742723, 90.99455866778658, 90.50155205784611, 85.68841982251762, 97.8667421392835, 101.59284957820546, 91.96231238359566, 91.68414709856481, 96.96231238359566, 91.5745900741336, 106.66588759449293, 97.51981156191798, 96.19541321257715, 102.55633057006172, 89.26845122886462, 91.51981156191798, 106.59284957820546, 98.53807106598984, 96.75718511485228]}