{"time": [5264.338427066803, 5248.588443040848, 5187.277040719986, 5113.264781713486, 5107.5197331905365, 5103.2529191970825, 5105.433348655701, 5109.026301383972, 5107.535243034363, 5133.215785264969, 5127.469109773636, 5109.315348148346, 5108.108869552612, 5110.01716709137, 5109.044947147369, 5110.363128900528, 5109.257764339447, 5107.094568014145, 5103.329224824905, 5108.207988023758], "LL": [38871.410750222356, 38871.410750222356, 38871.410750222356, 38871.410750222356, 38871.410750222356, 38871.410750222356, 38871.410750222356, 38871.410750222356, 38871.410750222356, 38871.410750222356, 38871.410750222356, 38871.410750222356, 38871.410750222356, 38871.410750222356, 38871.410750222356, 38871.410750222356, 38871.410750222356, 38871.410750222356, 38871.410750222356, 38871.410750222356], "epochs": [1000.0, 1000.0, 1000.0, 1000.0, 1000.0, 1000.0, 1000.0, 1000.0, 1000.0, 1000.0, 1000.0, 1000.0, 1000.0, 1000.0, 1000.0, 1000.0, 1000.0, 1000.0, 1000.0, 1000.0]}