{"time": [1082.7023956775665, 1120.8002948760986, 1359.4750080108643, 1224.9593286514282, 939.2451748847961, 1082.8851125240326, 1019.1916244029999, 1072.522406578064, 1048.5544934272766, 1169.6774797439575, 986.5689795017242, 1115.0493035316467, 1185.3832643032074, 955.8600406646729, 1198.8036060333252, 1302.2092764377594, 1121.0456359386444, 1054.6069583892822, 1073.3141856193542, 1073.901030778885], "LL": [35082.61840255798, 35082.618402428525, 35082.61840242155, 35082.61840243186, 35082.61840292917, 35082.61840246897, 35082.61840245905, 35082.618402920925, 35082.618402418775, 35082.618402413565, 35082.61840459775, 35082.61840241327, 35082.61840243068, 35082.61840255525, 35082.618402411965, 35082.61840241391, 35082.61840246974, 35082.61840336367, 35082.618402464715, 35082.61840242536], "epochs": [8.122375196289669, 8.665887594492933, 10.48329255377424, 9.48329255377424, 7.268451228864624, 8.629368586349194, 8.1041156922178, 8.629368586349194, 8.501552057846109, 9.48329255377424, 7.885001643355366, 8.994558667786583, 9.574590074133587, 7.720666106708542, 9.574590074133587, 10.574590074133587, 8.866742139283497, 8.51981156191798, 8.665887594492933, 8.720666106708542]}