{"time": [1462.402492761612, 1349.3344886302948, 1552.8398797512054, 1531.2637526988983, 1518.1014752388, 1638.2480504512787, 1293.6078569889069, 1397.9334933757782, 1539.1456282138824, 1593.4548711776733, 1424.047367811203, 1364.0362057685852, 1436.1664521694183, 1445.339941740036, 1522.905737400055, 1395.5013825893402, 1494.750450849533, 1512.517959356308, 1389.5216181278229, 1440.7426285743713], "LL": [35082.6184120594, 35082.618406343485, 35082.61840533655, 35082.61840609588, 35082.61840734921, 35082.61840262945, 35082.6184042693, 35082.618402608685, 35082.61840276545, 35082.6184066627, 35082.61840418731, 35082.61840294026, 35082.61840703236, 35082.61840259981, 35082.618404983674, 35082.61840451945, 35082.61840422412, 35082.61840276678, 35082.61840336228, 35082.61840634768], "epochs": [235.9762991637147, 226.59284957820546, 261.793704122996, 246.213672716649, 242.2319322207209, 272.95803965964285, 212.61110908227732, 234.6293685863492, 255.90326114742723, 278.5380710659898, 239.8484826352116, 232.73892561078043, 252.5015520578461, 251.6841470985648, 267.6111090822773, 234.92152065149912, 252.0310776759303, 264.64762809042105, 244.51981156191798, 255.48329255377425]}