{"time": [2152.9892933368683, 2134.184958934784, 2104.5708632469177, 2064.6142110824585, 2061.0458393096924, 2078.5777571201324, 2086.0735692977905, 2056.4778928756714, 2058.7275919914246, 2065.0143599510193, 2082.179928302765, 2090.684722185135, 2075.733144760132, 2059.9426651000977, 2075.045736312866, 2061.3463082313538, 2074.5342972278595, 2069.3537435531616, 2061.655029296875, 2059.895233631134], "LL": [35082.6184024184, 35082.6184024184, 35082.6184024184, 35082.6184024184, 35082.6184024184, 35082.6184024184, 35082.6184024184, 35082.6184024184, 35082.6184024184, 35082.6184024184, 35082.6184024184, 35082.6184024184, 35082.6184024184, 35082.6184024184, 35082.6184024184, 35082.6184024184, 35082.6184024184, 35082.6184024184, 35082.6184024184, 35082.6184024184], "epochs": [16.0, 16.0, 16.0, 16.0, 16.0, 16.0, 16.0, 16.0, 16.0, 16.0, 16.0, 16.0, 16.0, 16.0, 16.0, 16.0, 16.0, 16.0, 16.0, 16.0]}