{"time": [2.650114, 2.663883, 2.629854, 2.611666, 2.653027, 2.64233, 2.637965, 2.621383, 2.647483, 2.597474, 2.662638, 2.647303, 2.619301, 2.628253, 2.644719, 2.646605, 2.651608, 2.655851, 2.64229, 2.659616], "LL": [-45585.28287078431, -45585.28287078431, -45585.28287078431, -45585.28287078431, -45585.28287078431, -45585.28287078431, -45585.28287078431, -45585.28287078431, -45585.28287078431, -45585.28287078431, -45585.28287078431, -45585.28287078431, -45585.28287078431, -45585.28287078431, -45585.28287078431, -45585.28287078431, -45585.28287078431, -45585.28287078431, -45585.28287078431, -45585.28287078431], "epochs": [114, 114, 114, 114, 114, 114, 114, 114, 114, 114, 114, 114, 114, 114, 114, 114, 114, 114, 114, 114]}