{"time": [2.82761, 2.820373, 2.835378, 2.798943, 2.808458, 2.814756, 2.803665, 2.771644, 2.802715, 2.780291, 2.767662, 2.781256, 2.789493, 2.761244, 2.777796, 2.799948, 2.788496, 2.802824, 2.784853, 2.769626], "LL": [-45585.28287078431, -45585.28287078431, -45585.28287078431, -45585.28287078431, -45585.28287078431, -45585.28287078431, -45585.28287078431, -45585.28287078431, -45585.28287078431, -45585.28287078431, -45585.28287078431, -45585.28287078431, -45585.28287078431, -45585.28287078431, -45585.28287078431, -45585.28287078431, -45585.28287078431, -45585.28287078431, -45585.28287078431, -45585.28287078431], "epochs": [114, 114, 114, 114, 114, 114, 114, 114, 114, 114, 114, 114, 114, 114, 114, 114, 114, 114, 114, 114]}