{"time": [2.5475494861602783, 2.086972951889038, 2.122713565826416, 2.02017879486084, 2.13533878326416, 2.109694480895996, 2.160188674926758, 2.1745874881744385, 2.1509041786193848, 2.169037342071533, 2.115359306335449, 2.025545835494995, 2.0898945331573486, 2.1262097358703613, 2.083096981048584, 2.1257119178771973, 2.0854742527008057, 2.0113744735717773, 2.1946961879730225, 2.0897629261016846], "LL": [-45585.281445666915, -45585.281445670196, -45585.28144576672, -45585.28144580235, -45585.28144576069, -45585.28144566536, -45585.28144566582, -45585.2814456718, -45585.28144568482, -45585.2814456729, -45585.28144578655, -45585.2814456992, -45585.2814459226, -45585.28144568012, -45585.281445674314, -45585.28144566518, -45585.28144566673, -45585.28144572108, -45585.28144566749, -45585.28144574047], "epochs": [9.665887594492933, 6.519811561917979, 6.519811561917979, 6.501552057846109, 7.501552057846109, 7.519811561917979, 7.501552057846109, 7.519811561917979, 7.483292553774239, 7.519811561917979, 6.556330570061718, 6.519811561917979, 6.538071065989848, 6.538071065989848, 6.519811561917979, 7.483292553774239, 6.538071065989848, 6.519811561917979, 7.519811561917979, 6.538071065989848]}