{"time": [2.175697088241577, 2.100968360900879, 2.216808795928955, 2.126105785369873, 2.1611812114715576, 2.142728567123413, 2.154249906539917, 2.087076425552368, 2.1454269886016846, 2.1179654598236084, 2.1154274940490723, 2.1061811447143555, 2.1149191856384277, 2.090675115585327, 2.1487958431243896, 23.690377712249756, 2.286592721939087, 2.1092545986175537, 2.255079984664917, 2.129307746887207], "LL": [-45585.2814462696, -45585.28144641772, -45585.28144582691, -45585.2814462774, -45585.281446046596, -45585.28144588714, -45585.281445822206, -45585.28144638146, -45585.28144740218, -45585.28144576286, -45585.281445830726, -45585.28144604146, -45585.28144623509, -45585.281446535606, -45585.28144612601, -45585.281450019094, -45585.28144670823, -45585.28144607335, -45585.28144579468, -45585.28144640635], "epochs": [6.519811561917979, 6.483292553774239, 6.574590074133587, 6.501552057846109, 6.556330570061718, 6.538071065989848, 6.538071065989848, 6.501552057846109, 6.574590074133587, 6.501552057846109, 6.556330570061718, 6.501552057846109, 6.501552057846109, 6.483292553774239, 6.538071065989848, 200.48329255377425, 7.556330570061718, 6.519811561917979, 7.519811561917979, 6.519811561917979]}