{"time": [2.2919394969940186, 2.1599130630493164, 2.101050853729248, 2.1562461853027344, 1.9851737022399902, 2.1237642765045166, 2.093285322189331, 2.0942728519439697, 2.054899215698242, 2.018777370452881, 2.1076061725616455, 2.084418773651123, 2.0204596519470215, 2.1082863807678223, 1.989811897277832, 2.159966230392456, 2.1259593963623047, 2.1671218872070312, 2.149998188018799, 2.139840602874756], "LL": [-45585.28144566594, -45585.28144566782, -45585.281445879664, -45585.28144566673, -45585.28144573765, -45585.281445665925, -45585.28144567116, -45585.28144570144, -45585.28144566584, -45585.281445863824, -45585.28144566538, -45585.28144566966, -45585.28144641632, -45585.281445694214, -45585.28144569284, -45585.281445667635, -45585.28144566898, -45585.281445667635, -45585.28144574154, -45585.28144566608], "epochs": [7.538071065989848, 7.611109082277325, 6.556330570061718, 7.501552057846109, 6.501552057846109, 7.501552057846109, 7.483292553774239, 7.501552057846109, 6.538071065989848, 6.501552057846109, 7.483292553774239, 7.483292553774239, 6.519811561917979, 7.501552057846109, 6.501552057846109, 7.538071065989848, 7.501552057846109, 7.538071065989848, 7.538071065989848, 7.538071065989848]}