{"time": [10.829720258712769, 10.55955195426941, 10.292065382003784, 10.757612943649292, 10.566404104232788, 11.07890772819519, 9.851454973220825, 10.830050706863403, 10.32297682762146, 10.522831916809082, 11.514702558517456, 10.283849477767944, 10.50013256072998, 11.243959426879883, 10.848798274993896, 10.375251054763794, 9.970980644226074, 10.50979733467102, 10.712092876434326, 10.193309307098389], "LL": [-45585.28144785047, -45585.28144677328, -45585.281447439345, -45585.28144755179, -45585.28144672454, -45585.28144805949, -45585.28144718242, -45585.28144762876, -45585.2814468152, -45585.28144725046, -45585.2814460964, -45585.28144726279, -45585.28144654388, -45585.28144911943, -45585.28144718383, -45585.28144641314, -45585.28144613284, -45585.28144666141, -45585.28144715596, -45585.28144763848], "epochs": [81.83022313113976, 80.68414709856481, 76.68414709856481, 82.68414709856481, 78.73892561078041, 84.66588759449293, 71.62936858634919, 83.61110908227732, 77.70240660263667, 77.68414709856481, 87.93978015557097, 74.68414709856481, 76.83022313113976, 85.66588759449293, 81.75718511485228, 77.61110908227732, 71.72066610670853, 77.77544461892415, 79.77544461892415, 74.59284957820546]}