{"time": [11.308958053588867, 11.000598907470703, 11.266022443771362, 11.360291242599487, 11.1745445728302, 11.024076700210571, 11.325691223144531, 10.905235052108765, 11.223828077316284, 11.434327125549316, 11.15567135810852, 11.462727069854736, 11.391884326934814, 11.21608591079712, 11.173161029815674, 11.272120237350464, 11.265403270721436, 11.482015132904053, 11.270386695861816, 11.400736570358276], "LL": [-45585.28144898371, -45585.28144568288, -45585.28144568923, -45585.281445691966, -45585.28144636591, -45585.28144569174, -45585.28144568526, -45585.28144569814, -45585.28144760494, -45585.28144569728, -45585.28144636049, -45585.28144569174, -45585.2814487483, -45585.28144568807, -45585.281445724024, -45585.281445699926, -45585.281445689565, -45585.28144568609, -45585.28144569433, -45585.28144570416], "epochs": [87.66588759449293, 85.61110908227732, 88.66588759449293, 89.5745900741336, 88.5745900741336, 86.61110908227732, 89.5745900741336, 84.66588759449293, 88.62936858634919, 89.66588759449293, 86.61110908227732, 89.5745900741336, 87.68414709856481, 86.68414709856481, 86.59284957820546, 88.59284957820546, 86.64762809042107, 89.68414709856481, 86.97629916371471, 88.62936858634919]}