{"time": [2.444551944732666, 2.8243560791015625, 2.7348432540893555, 2.428699254989624, 2.7590575218200684, 2.346017360687256, 2.5365025997161865, 2.575371265411377, 2.4874749183654785, 2.3697779178619385, 2.5022337436676025, 2.406538486480713, 2.5498759746551514, 2.4687206745147705, 2.4501004219055176, 2.661252498626709, 2.2654941082000732, 2.4129815101623535, 2.517944812774658, 2.767235517501831], "LL": [-45585.28144639655, -45585.281447670146, -45585.281445973895, -45585.28144649191, -45585.28144643023, -45585.281446869536, -45585.28144714737, -45585.281447471185, -45585.28144585777, -45585.28144719803, -45585.28144621773, -45585.28144868923, -45585.281445771136, -45585.281451307885, -45585.281446495705, -45585.28144689678, -45585.28144895847, -45585.28144615471, -45585.281447001034, -45585.28144676154], "epochs": [8.51981156191798, 11.501552057846109, 10.48329255377424, 7.538071065989848, 10.538071065989847, 7.483292553774239, 9.46503304970237, 9.48329255377424, 7.574590074133587, 7.501552057846109, 8.51981156191798, 7.501552057846109, 8.538071065989847, 8.538071065989847, 7.519811561917979, 9.538071065989847, 6.501552057846109, 7.538071065989848, 9.46503304970237, 10.538071065989847]}