{"time": [11.163869619369507, 11.29956865310669, 11.272178173065186, 10.853994131088257, 11.238192558288574, 11.009901762008667, 11.143842935562134, 11.08770227432251, 11.035907745361328, 10.991512775421143, 11.203941583633423, 11.222258567810059, 11.011056661605835, 11.031533002853394, 11.052260637283325, 11.286123752593994, 11.047873735427856, 11.200617790222168, 10.940727233886719, 11.421162605285645], "LL": [-45585.281445683984, -45585.281445690445, -45585.28144568911, -45585.2814457049, -45585.28144568171, -45585.281445679255, -45585.28144568052, -45585.28144567527, -45585.28144824028, -45585.28144569427, -45585.28144569391, -45585.28144569779, -45585.28144568043, -45585.2814456782, -45585.281445680695, -45585.281445678775, -45585.28144568523, -45585.281445693654, -45585.28144593972, -45585.2814456853], "epochs": [87.88500164335537, 89.59284957820546, 90.55633057006172, 84.75718511485228, 89.59284957820546, 86.73892561078041, 89.59284957820546, 88.62936858634919, 87.59284957820546, 86.64762809042107, 87.68414709856481, 88.62936858634919, 86.62936858634919, 86.72066610670853, 86.62936858634919, 88.72066610670853, 86.70240660263667, 86.73892561078041, 85.61110908227732, 90.17715370850527]}