{"time": [92.07397532463074, 92.3455560207367, 92.02320861816406, 91.59583854675293, 92.75195050239563, 93.12504291534424, 93.18916034698486, 93.3499767780304, 92.71333360671997, 92.78519940376282, 92.24207186698914, 92.77996063232422, 93.36570715904236, 93.35853981971741, 92.64512014389038, 93.01530337333679, 92.84839463233948, 92.95362758636475, 93.20905470848083, 93.59465336799622], "LL": [-45867.69631109972, -45867.18194428523, -45872.21557222561, -45877.698776878104, -45873.73709100953, -45879.41570707411, -45875.092992123784, -45866.5480006686, -45889.96108308946, -45887.04498813158, -45872.67235665256, -45869.19251353882, -45876.54953140002, -45881.54759213656, -45864.270095837, -45881.92409111813, -45875.268942129806, -45872.10291052311, -45878.71162622333, -45883.212243039794], "epochs": [1000.5015520578461, 1000.5015520578461, 1000.647628090421, 1000.519811561918, 1000.5745900741335, 1000.5380710659898, 1000.5380710659898, 1000.5380710659898, 1000.5015520578461, 1000.5563305700617, 1000.5928495782055, 1000.519811561918, 1000.4650330497024, 1000.519811561918, 1000.519811561918, 1000.5380710659898, 1000.5015520578461, 1000.4832925537743, 1000.5015520578461, 1000.519811561918]}