{"time": [4.4329540729522705, 4.7535786628723145, 4.667795419692993, 4.473614692687988, 4.6703855991363525, 4.569714546203613, 5.092778444290161, 4.9046525955200195, 4.67706298828125, 4.904986143112183, 4.889243125915527, 5.2808167934417725, 4.567380666732788, 4.396772623062134, 4.703489780426025, 5.151769161224365, 4.696771621704102, 5.2592363357543945, 4.760371208190918, 4.583451271057129], "LL": [-45585.28144753269, -45585.28144609214, -45585.28144593909, -45585.28144606261, -45585.281446643254, -45585.28144802662, -45585.28144711589, -45585.28144792039, -45585.28144682601, -45585.28144624765, -45585.28144580861, -45585.281445674984, -45585.28144582347, -45585.28144669421, -45585.28144669644, -45585.28144627344, -45585.28144571241, -45585.28144580971, -45585.28145026635, -45585.28144620854], "epochs": [26.51981156191798, 30.592849578205456, 30.48329255377424, 28.46503304970237, 29.50155205784611, 28.538071065989847, 33.519811561917976, 31.50155205784611, 28.57459007413359, 31.50155205784611, 31.50155205784611, 35.50155205784611, 27.48329255377424, 27.50155205784611, 29.46503304970237, 32.57459007413359, 29.48329255377424, 34.53807106598985, 30.48329255377424, 27.51981156191798]}