{"time": [3.358640193939209, 2.7940752506256104, 3.1388745307922363, 3.5665292739868164, 2.879507541656494, 2.8759024143218994, 3.0452795028686523, 3.099722385406494, 3.225423574447632, 2.926069736480713, 3.1291866302490234, 3.150277853012085, 3.095374345779419, 2.887284278869629, 3.2263407707214355, 3.118696928024292, 3.5030012130737305, 3.167407989501953, 3.1533987522125244, 2.9317972660064697], "LL": [-45585.28144628429, -45585.28144577042, -45585.281445711116, -45585.28144571812, -45585.2814457247, -45585.28144569696, -45585.281445716646, -45585.281445697576, -45585.28144570449, -45585.2814457526, -45585.28144588853, -45585.281445702516, -45585.28144597495, -45585.281445823064, -45585.28144569827, -45585.28144569415, -45585.28144569923, -45585.281445848785, -45585.28144567352, -45585.28144570661], "epochs": [16.50155205784611, 10.501552057846109, 13.48329255377424, 18.48329255377424, 10.48329255377424, 11.48329255377424, 12.51981156191798, 13.48329255377424, 14.501552057846109, 12.46503304970237, 14.46503304970237, 13.501552057846109, 13.501552057846109, 10.538071065989847, 14.556330570061718, 13.501552057846109, 16.538071065989847, 14.48329255377424, 13.51981156191798, 11.48329255377424]}