{"time": [117.22644329071045, 2.3288512229919434, 2.3928208351135254, 2.276641845703125, 117.16986322402954, 2.2486047744750977, 2.2367680072784424, 2.3103742599487305, 2.1826164722442627, 2.354884386062622, 116.85085225105286, 2.332481861114502, 2.199080467224121, 2.1967296600341797, 2.172773838043213, 2.1874284744262695, 117.57949304580688, 2.1827900409698486, 117.73116660118103, 117.59717559814453], "LL": [-45585.281452386036, -45585.28144615396, -45585.281446459914, -45585.28144638775, -45585.28145416266, -45585.28144702992, -45585.28144588639, -45585.281446246765, -45585.281446796485, -45585.28144595782, -45585.281446054934, -45585.281448101014, -45585.28144584003, -45585.28144628627, -45585.281446430046, -45585.28144714095, -45585.28145105723, -45585.28144592379, -45585.28144666031, -45585.28145052521], "epochs": [1000.5563305700617, 7.501552057846109, 7.519811561917979, 6.538071065989848, 1000.5380710659898, 6.538071065989848, 6.538071065989848, 7.501552057846109, 6.501552057846109, 7.519811561917979, 1000.4832925537743, 7.501552057846109, 6.483292553774239, 6.483292553774239, 6.483292553774239, 6.501552057846109, 1000.5015520578461, 6.483292553774239, 1000.5380710659898, 1000.5380710659898]}