{"time": [2.2847378253936768, 2.469059705734253, 2.5359749794006348, 2.4530999660491943, 2.300305128097534, 2.4578802585601807, 2.5964722633361816, 2.371631622314453, 2.314608573913574, 2.2727389335632324, 2.288186550140381, 2.4136264324188232, 2.2315597534179688, 2.3118083477020264, 2.460996150970459, 2.3661298751831055, 2.4311470985412598, 2.3099467754364014, 2.748746156692505, 2.541539430618286], "LL": [-45585.28144606372, -45585.2814464827, -45585.281445916495, -45585.28144586979, -45585.281446631874, -45585.28144619786, -45585.28144604156, -45585.2814466774, -45585.28144704752, -45585.281446041685, -45585.28144583787, -45585.28144719825, -45585.28144596726, -45585.28144621982, -45585.28144750277, -45585.2814459095, -45585.2814471773, -45585.28144600339, -45585.28144671592, -45585.2814473881], "epochs": [7.519811561917979, 8.538071065989847, 9.51981156191798, 8.51981156191798, 7.501552057846109, 9.48329255377424, 10.556330570061718, 8.51981156191798, 8.46503304970237, 7.501552057846109, 7.501552057846109, 7.556330570061718, 7.46503304970237, 7.501552057846109, 8.538071065989847, 8.48329255377424, 9.48329255377424, 7.501552057846109, 10.592849578205456, 9.501552057846109]}