{"time": [10.660274505615234, 11.172855377197266, 11.191412925720215, 10.676197290420532, 10.642726182937622, 10.707933902740479, 11.080906391143799, 10.694730281829834, 10.925882816314697, 10.206694602966309, 11.420163869857788, 10.612408638000488, 10.285695314407349, 10.831047296524048, 11.740781784057617, 10.939074993133545, 10.79796552658081, 10.627747535705566, 10.516800165176392, 10.356273651123047], "LL": [-45585.28144738633, -45585.2814461626, -45585.28144726932, -45585.28144642541, -45585.28144748264, -45585.2814473368, -45585.28144706356, -45585.28144717402, -45585.28144722856, -45585.28144666585, -45585.28144731095, -45585.281447081376, -45585.28144690349, -45585.28144603279, -45585.28144641037, -45585.28144727141, -45585.28144657696, -45585.281446609915, -45585.28144664476, -45585.28144623426], "epochs": [80.75718511485228, 85.25019172479276, 86.72066610670853, 79.72066610670853, 80.62936858634919, 81.64762809042107, 82.70240660263667, 81.61110908227732, 82.75718511485228, 76.59284957820546, 89.68414709856481, 81.62936858634919, 75.15889420443341, 82.70240660263667, 91.03107767593032, 83.64762809042107, 80.83022313113976, 79.5745900741336, 77.84848263521162, 77.72066610670853]}