{"time": [19.852360248565674, 19.524245977401733, 19.91740655899048, 19.711000442504883, 19.77232050895691, 19.66341471672058, 19.70409321784973, 19.445364475250244, 19.44098472595215, 19.829689025878906, 19.52375817298889, 19.531948804855347, 19.58806562423706, 19.52197527885437, 19.69591450691223, 19.511756420135498, 19.884170293807983, 19.751126289367676, 19.649410009384155, 19.638004064559937], "LL": [-46901.61146673406, -47094.425060437, -46856.37819390788, -46946.795935069866, -46735.94546169716, -47081.122284002064, -47005.55905259714, -47088.66314256306, -47203.4137383526, -46814.164230088085, -47240.304764651606, -47258.90767109348, -47265.35428809128, -47279.80795047997, -47092.43279842394, -47245.06682684674, -46819.05543870824, -47114.277481194804, -46919.1491023111, -47076.42162566657], "epochs": [200.5015520578461, 200.51981156191798, 200.5015520578461, 200.51981156191798, 200.5015520578461, 200.53807106598984, 200.53807106598984, 200.48329255377425, 200.46503304970236, 200.55633057006173, 200.48329255377425, 200.51981156191798, 200.48329255377425, 200.48329255377425, 200.51981156191798, 200.51981156191798, 200.53807106598984, 200.46503304970236, 200.5015520578461, 200.46503304970236]}