{"time": [13.152930736541748, 13.255210161209106, 13.109403133392334, 13.108939409255981, 13.075471639633179, 13.105005025863647, 13.104863166809082, 13.099059581756592, 13.072203159332275, 13.054390668869019, 13.106305599212646, 13.05251407623291, 13.134078025817871, 13.126855611801147, 13.137887001037598, 13.178531646728516, 13.176352739334106, 13.199657440185547, 13.02907133102417, 13.015523672103882], "LL": [-45585.28144765972, -45585.28144765972, -45585.28144765972, -45585.28144765972, -45585.28144765972, -45585.28144765972, -45585.28144765972, -45585.28144765972, -45585.28144765972, -45585.28144765972, -45585.28144765972, -45585.28144765972, -45585.28144765972, -45585.28144765972, -45585.28144765972, -45585.28144765972, -45585.28144765972, -45585.28144765972, -45585.28144765972, -45585.28144765972], "epochs": [109.0, 109.0, 109.0, 109.0, 109.0, 109.0, 109.0, 109.0, 109.0, 109.0, 109.0, 109.0, 109.0, 109.0, 109.0, 109.0, 109.0, 109.0, 109.0, 109.0]}