{"time": [13.210409164428711, 13.145892858505249, 13.074747323989868, 13.052600860595703, 12.86143159866333, 13.034852504730225, 13.229849576950073, 13.03743577003479, 13.541703939437866, 13.090388059616089, 13.109209299087524, 13.07219123840332, 13.033843278884888, 13.183313369750977, 13.135190486907959, 13.220446825027466, 13.159202098846436, 13.238245725631714, 13.28928518295288, 13.262490034103394], "LL": [-45585.28144593942, -45585.28144593942, -45585.28144593942, -45585.28144593942, -45585.28144593942, -45585.28144593942, -45585.28144593942, -45585.28144593942, -45585.28144593942, -45585.28144593942, -45585.28144593942, -45585.28144593942, -45585.28144593942, -45585.28144593942, -45585.28144593942, -45585.28144593942, -45585.28144593942, -45585.28144593942, -45585.28144593942, -45585.28144593942], "epochs": [112.0, 112.0, 112.0, 112.0, 112.0, 112.0, 112.0, 112.0, 112.0, 112.0, 112.0, 112.0, 112.0, 112.0, 112.0, 112.0, 112.0, 112.0, 112.0, 112.0]}