{"time": [13.170419454574585, 13.086057424545288, 12.914897918701172, 12.859174489974976, 12.801565408706665, 12.859496116638184, 12.837862014770508, 12.914177417755127, 12.926951885223389, 12.925815105438232, 12.953519582748413, 12.879056215286255, 12.806808471679688, 12.971245288848877, 12.965843439102173, 13.103726387023926, 12.938030242919922, 12.980172395706177, 13.089280366897583, 13.119547843933105], "LL": [-45585.28144593942, -45585.28144593942, -45585.28144593942, -45585.28144593942, -45585.28144593942, -45585.28144593942, -45585.28144593942, -45585.28144593942, -45585.28144593942, -45585.28144593942, -45585.28144593942, -45585.28144593942, -45585.28144593942, -45585.28144593942, -45585.28144593942, -45585.28144593942, -45585.28144593942, -45585.28144593942, -45585.28144593942, -45585.28144593942], "epochs": [112.0, 112.0, 112.0, 112.0, 112.0, 112.0, 112.0, 112.0, 112.0, 112.0, 112.0, 112.0, 112.0, 112.0, 112.0, 112.0, 112.0, 112.0, 112.0, 112.0]}