{"time": [12.713759422302246, 12.760322332382202, 12.653497695922852, 12.790605068206787, 12.734976768493652, 12.742902755737305, 12.761794328689575, 12.741475820541382, 12.6957106590271, 12.75574517250061, 12.815049648284912, 12.669409990310669, 12.698927164077759, 12.759698629379272, 12.862671852111816, 12.864308595657349, 12.896083354949951, 12.757464170455933, 12.765593767166138, 12.77889370918274], "LL": [-45585.28144765972, -45585.28144765972, -45585.28144765972, -45585.28144765972, -45585.28144765972, -45585.28144765972, -45585.28144765972, -45585.28144765972, -45585.28144765972, -45585.28144765972, -45585.28144765972, -45585.28144765972, -45585.28144765972, -45585.28144765972, -45585.28144765972, -45585.28144765972, -45585.28144765972, -45585.28144765972, -45585.28144765972, -45585.28144765972], "epochs": [109.0, 109.0, 109.0, 109.0, 109.0, 109.0, 109.0, 109.0, 109.0, 109.0, 109.0, 109.0, 109.0, 109.0, 109.0, 109.0, 109.0, 109.0, 109.0, 109.0]}