{"time": [19.44975209236145, 19.34594988822937, 19.329589128494263, 19.289616107940674, 19.248669624328613, 19.334312677383423, 19.116982221603394, 19.05925416946411, 19.086293935775757, 19.136269330978394, 19.177972316741943, 19.205783367156982, 19.280717611312866, 19.009023189544678, 19.252896070480347, 19.330851793289185, 19.345592498779297, 19.321903705596924, 19.36130452156067, 19.314292430877686], "LL": [-47145.65665846095, -47145.65665846095, -47145.65665846095, -47145.65665846095, -47145.65665846095, -47145.65665846095, -47145.65665846095, -47145.65665846095, -47145.65665846095, -47145.65665846095, -47145.65665846095, -47145.65665846095, -47145.65665846095, -47145.65665846095, -47145.65665846095, -47145.65665846095, -47145.65665846095, -47145.65665846095, -47145.65665846095, -47145.65665846095], "epochs": [200.0, 200.0, 200.0, 200.0, 200.0, 200.0, 200.0, 200.0, 200.0, 200.0, 200.0, 200.0, 200.0, 200.0, 200.0, 200.0, 200.0, 200.0, 200.0, 200.0]}