{"time": [94.5645866394043, 94.75216603279114, 94.15723705291748, 94.36537337303162, 94.76967525482178, 95.3592119216919, 95.28029322624207, 95.43848323822021, 95.5782618522644, 95.10965824127197, 94.84457492828369, 95.7273371219635, 95.87239265441895, 95.25172162055969, 94.92688131332397, 95.68189930915833, 95.1454803943634, 94.77085161209106, 94.70095491409302, 95.00715398788452], "LL": [-45886.40231451606, -45886.40231451606, -45886.40231451606, -45886.40231451606, -45886.40231451606, -45886.40231451606, -45886.40231451606, -45886.40231451606, -45886.40231451606, -45886.40231451606, -45886.40231451606, -45886.40231451606, -45886.40231451606, -45886.40231451606, -45886.40231451606, -45886.40231451606, -45886.40231451606, -45886.40231451606, -45886.40231451606, -45886.40231451606], "epochs": [1000.0, 1000.0, 1000.0, 1000.0, 1000.0, 1000.0, 1000.0, 1000.0, 1000.0, 1000.0, 1000.0, 1000.0, 1000.0, 1000.0, 1000.0, 1000.0, 1000.0, 1000.0, 1000.0, 1000.0]}