{"time": [1.1758651733398438, 1.1446142196655273, 1.1414072513580322, 1.1589205265045166, 1.1548855304718018, 1.1655504703521729, 1.1643157005310059, 1.164445400238037, 1.156036138534546, 1.1643891334533691, 1.168607234954834, 1.1744318008422852, 1.1741771697998047, 1.1667325496673584, 1.1626002788543701, 1.169661045074463, 1.175818920135498, 1.159860372543335, 1.165970802307129, 1.156264066696167], "LL": [-45585.28144610388, -45585.28144610388, -45585.28144610388, -45585.28144610388, -45585.28144610388, -45585.28144610388, -45585.28144610388, -45585.28144610388, -45585.28144610388, -45585.28144610388, -45585.28144610388, -45585.28144610388, -45585.28144610388, -45585.28144610388, -45585.28144610388, -45585.28144610388, -45585.28144610388, -45585.28144610388, -45585.28144610388, -45585.28144610388], "epochs": [10.0, 10.0, 10.0, 10.0, 10.0, 10.0, 10.0, 10.0, 10.0, 10.0, 10.0, 10.0, 10.0, 10.0, 10.0, 10.0, 10.0, 10.0, 10.0, 10.0]}