{"time": [1.2274811267852783, 1.2293155193328857, 1.245840072631836, 1.2256946563720703, 1.223344326019287, 1.2375080585479736, 1.2297205924987793, 1.2322018146514893, 1.2531445026397705, 1.2396776676177979, 1.2288925647735596, 1.236818552017212, 1.2302196025848389, 1.232161283493042, 1.2514736652374268, 1.2255840301513672, 1.2311408519744873, 1.2241177558898926, 1.2239272594451904, 1.2300739288330078], "LL": [-45585.28144610388, -45585.28144610388, -45585.28144610388, -45585.28144610388, -45585.28144610388, -45585.28144610388, -45585.28144610388, -45585.28144610388, -45585.28144610388, -45585.28144610388, -45585.28144610388, -45585.28144610388, -45585.28144610388, -45585.28144610388, -45585.28144610388, -45585.28144610388, -45585.28144610388, -45585.28144610388, -45585.28144610388, -45585.28144610388], "epochs": [10.0, 10.0, 10.0, 10.0, 10.0, 10.0, 10.0, 10.0, 10.0, 10.0, 10.0, 10.0, 10.0, 10.0, 10.0, 10.0, 10.0, 10.0, 10.0, 10.0]}