{"time": [6.279381513595581, 6.395300388336182, 6.367753028869629, 6.460425853729248, 6.493057489395142, 6.440976142883301, 6.738022804260254, 6.340160846710205, 6.305222988128662, 6.51049542427063, 6.397160291671753, 6.305049657821655, 6.336770057678223, 6.734366416931152, 6.466867208480835, 6.201244115829468, 6.713271141052246, 6.3979737758636475, 6.356122970581055, 6.361470460891724], "LL": [-45585.28144578192, -45585.28144566505, -45585.28144569036, -45585.281445665576, -45585.28144566534, -45585.281445669236, -45585.28144566766, -45585.281445666704, -45585.281445709996, -45585.281445667846, -45585.28144568008, -45585.28144566509, -45585.28144567015, -45585.281445665896, -45585.28144566534, -45585.281445665074, -45585.281445665096, -45585.28144568239, -45585.281445666216, -45585.28144566515], "epochs": [15.635576817733622, 16.7086148340211, 15.945988386955399, 16.23814045210531, 15.89120987473979, 15.945988386955399, 16.20162144396157, 15.690355329949227, 15.67209582587736, 16.055545411386614, 15.690355329949227, 15.67209582587736, 15.599057809589883, 16.58507102947083, 15.690355329949227, 15.599057809589883, 16.311178468392786, 15.653836321805489, 15.799912354380442, 15.599057809589883]}