{"time": [16.766357421875, 16.65806770324707, 16.57964301109314, 1.7694382667541504, 1.8450837135314941, 16.718767166137695, 10.3404700756073, 16.702924251556396, 1.8785226345062256, 16.66727566719055, 2.1090312004089355, 1.7840142250061035, 5.063880205154419, 1.840578317642212, 1.9353668689727783, 2.6571359634399414, 10.386505365371704, 2.228593587875366, 1.9023025035858154, 14.506540536880493], "LL": [-45585.28145857788, -45585.28145529913, -45585.2814525359, -45585.2814460059, -45585.28145287077, -45585.281451767885, -45585.281450492585, -45585.28144678624, -45585.28144826288, -45585.281457009165, -45585.28144810327, -45585.28144581616, -45585.28145094057, -45585.28144614758, -45585.28144645514, -45585.281446390036, -45585.28145081766, -45585.28144967996, -45585.28144896739, -45585.281452986266], "epochs": [200.5015520578461, 200.46503304970236, 200.48329255377425, 5.46503304970237, 6.46503304970237, 200.5015520578461, 116.46503304970237, 200.48329255377425, 6.483292553774239, 200.46503304970236, 9.48329255377424, 5.46503304970237, 48.46503304970237, 6.501552057846109, 7.46503304970237, 16.50155205784611, 116.55633057006172, 11.446773545630501, 7.46503304970237, 170.48329255377425]}