{"time": [7.388000011444092, 7.47328782081604, 7.773699760437012, 7.725375175476074, 7.554741859436035, 7.394573450088501, 7.9375319480896, 7.27392840385437, 7.978366136550903, 7.337724924087524, 7.291180372238159, 7.308968782424927, 7.500486612319946, 7.396353244781494, 7.229872941970825, 7.862294912338257, 7.4143006801605225, 7.625381946563721, 7.7005486488342285, 7.200585603713989], "LL": [-45585.281445926536, -45585.281445725544, -45585.28144575133, -45585.28144575944, -45585.281445868444, -45585.28144578705, -45585.28144574651, -45585.28144572693, -45585.28144568113, -45585.28144576012, -45585.28144570875, -45585.28144654139, -45585.28144568511, -45585.28144583891, -45585.28144569624, -45585.28144599726, -45585.281446562316, -45585.28144571137, -45585.28144570959, -45585.28144604107], "epochs": [34.81817185845232, 39.61731731366175, 40.25639995617718, 39.07380491545848, 38.79991235438044, 36.87295037066792, 43.146842931745965, 34.85469086659605, 43.92772888288353, 35.81817185845232, 32.31117846839278, 36.61731731366175, 36.11032392360222, 34.29291896432092, 32.81817185845232, 42.781652850308575, 38.72687433809297, 38.03728590731475, 42.653836321805485, 33.7086148340211]}