{"time": [4.149026870727539, 3.687312602996826, 3.8091015815734863, 3.618349313735962, 3.915924310684204, 3.901216506958008, 3.582310914993286, 3.4956164360046387, 3.8463168144226074, 3.664109468460083, 4.038182735443115, 4.191349267959595, 3.722928762435913, 4.0698816776275635, 3.576953172683716, 3.9256529808044434, 3.5915334224700928, 3.9875991344451904, 3.7395009994506836, 3.886021137237549], "LL": [-45585.28144566952, -45585.281445776054, -45585.281445829576, -45585.28144681428, -45585.281446251276, -45585.28144568368, -45585.281446604036, -45585.281445952874, -45585.28144587665, -45585.28144601444, -45585.28144630191, -45585.28144569126, -45585.2814457921, -45585.28144589167, -45585.281446078974, -45585.281445851484, -45585.2814459467, -45585.28144637895, -45585.28144571918, -45585.281446914465], "epochs": [41.55633057006172, 35.48329255377424, 37.519811561917976, 34.48329255377424, 38.519811561917976, 39.48329255377424, 33.50155205784611, 33.46503304970237, 37.50155205784611, 35.48329255377424, 41.46503304970237, 42.48329255377424, 36.46503304970237, 41.48329255377424, 34.42851404155863, 38.519811561917976, 34.46503304970237, 39.55633057006172, 36.46503304970237, 38.48329255377424]}