{"time": [15.177760124206543, 6.446955442428589, 15.14210557937622, 15.001436948776245, 6.3316733837127686, 15.079463243484497, 11.679245710372925, 15.206508874893188, 15.195200443267822, 15.093758583068848, 15.177637815475464, 15.061012029647827, 15.1018545627594, 15.169854402542114, 15.38109827041626, 15.174834728240967, 15.232898712158203, 8.836490154266357, 6.5436999797821045, 15.17998719215393], "LL": [-45585.28145325531, -45585.28144817716, -45585.2814509353, -45585.28145193675, -45585.281449116155, -45585.28144954618, -45585.28144905287, -45585.28145098472, -45585.28145225015, -45585.28145196078, -45585.28145292006, -45585.281449844464, -45585.28145108593, -45585.28145215716, -45585.28144725012, -45585.28145236373, -45585.28145018572, -45585.281448577305, -45585.28145196985, -45585.28145138922], "epochs": [200.66588759449292, 71.88500164335537, 200.61110908227732, 200.5745900741336, 71.59284957820546, 200.61110908227732, 149.61110908227732, 200.70240660263667, 200.0493371800022, 200.59284957820546, 200.66588759449292, 200.61110908227732, 200.6293685863492, 200.73892561078043, 200.72066610670853, 200.6293685863492, 200.64762809042105, 106.62936858634919, 73.5745900741336, 200.55633057006173]}