{"time": [11.311440706253052, 12.072088241577148, 13.477190494537354, 13.265165090560913, 12.290249824523926, 12.549486637115479, 13.420726776123047, 11.147084474563599, 11.349935293197632, 12.451750755310059, 12.978044509887695, 12.615075826644897, 12.829684019088745, 12.252102136611938, 12.81669545173645, 12.421005964279175, 13.496716260910034, 11.796241283416748, 11.620232582092285, 13.728090047836304], "LL": [-45585.28144642353, -45585.281446069275, -45585.28144593584, -45585.28144608987, -45585.28144833349, -45585.281446143665, -45585.281447939036, -45585.28144639927, -45585.28144671949, -45585.28144656796, -45585.281445675675, -45585.281446140085, -45585.28144649385, -45585.28144580322, -45585.28144574507, -45585.28144711151, -45585.281445695786, -45585.28144651149, -45585.281446953755, -45585.281447649715], "epochs": [90.70861483402109, 98.76339334623671, 121.69035532994923, 112.89120987473979, 102.74513384216483, 111.37994376072746, 124.12431070372128, 81.32943797246466, 87.72687433809297, 101.76339334623671, 112.81817185845232, 107.72687433809297, 111.69035532994923, 101.70861483402109, 109.72687433809297, 102.47551400503961, 116.92772888288353, 93.69035532994923, 88.87295037066792, 120.74513384216483]}