{"time": [2.80704402923584, 4.091403961181641, 2.522318124771118, 3.501514196395874, 3.1047379970550537, 14.505849838256836, 2.6514790058135986, 1.8521673679351807, 1.9684672355651855, 1.8188459873199463, 9.177577257156372, 14.466366052627563, 1.8131587505340576, 2.1701409816741943, 13.615102767944336, 1.8970401287078857, 5.2694091796875, 14.540310621261597, 4.3333423137664795, 2.0243375301361084], "LL": [-45585.281447585454, -45585.28144770157, -45585.28144850769, -45585.281446417655, -45585.28144674134, -45585.28144904134, -45585.28144938235, -45585.28144823226, -45585.28144816974, -45585.28144967013, -45585.28144857142, -45585.281456467885, -45585.28144648503, -45585.28145443146, -45585.28144622509, -45585.281447151516, -45585.281448971895, -45585.28145464784, -45585.28145405752, -45585.28144980742], "epochs": [21.48329255377424, 40.50155205784611, 17.48329255377424, 32.46503304970237, 25.51981156191798, 200.46503304970236, 18.48329255377424, 6.538071065989848, 8.46503304970237, 6.46503304970237, 117.50155205784611, 200.46503304970236, 6.483292553774239, 11.48329255377424, 186.48329255377425, 7.483292553774239, 59.46503304970237, 199.53807106598984, 44.46503304970237, 9.48329255377424]}