{"time": [6.566901922225952, 6.5764923095703125, 6.45835018157959, 6.358564615249634, 6.399425745010376, 6.428211450576782, 6.432982921600342, 6.470931768417358, 6.798340559005737, 6.475613117218018, 6.486992597579956, 6.457358121871948, 6.436283111572266, 6.473700523376465, 6.50894021987915, 6.461492300033569, 6.482476472854614, 6.429348945617676, 6.482867956161499, 6.430002927780151], "LL": [-45585.28144804167, -45585.28144804167, -45585.28144804167, -45585.28144804167, -45585.28144804167, -45585.28144804167, -45585.28144804167, -45585.28144804167, -45585.28144804167, -45585.28144804167, -45585.28144804167, -45585.28144804167, -45585.28144804167, -45585.28144804167, -45585.28144804167, -45585.28144804167, -45585.28144804167, -45585.28144804167, -45585.28144804167, -45585.28144804167], "epochs": [93.0, 93.0, 93.0, 93.0, 93.0, 93.0, 93.0, 93.0, 93.0, 93.0, 93.0, 93.0, 93.0, 93.0, 93.0, 93.0, 93.0, 93.0, 93.0, 93.0]}