{"time": [11.304329633712769, 11.252558708190918, 11.193272829055786, 11.274048089981079, 10.968910217285156, 10.942047357559204, 10.89621615409851, 10.923507928848267, 10.982466459274292, 11.008842706680298, 11.15599274635315, 11.012369871139526, 10.98850154876709, 11.030766487121582, 11.01995062828064, 11.025611162185669, 11.031891345977783, 10.993807554244995, 11.058573246002197, 11.014069080352783], "LL": [-45585.28144589134, -45585.28144589134, -45585.28144589134, -45585.28144589134, -45585.28144589134, -45585.28144589134, -45585.28144589134, -45585.28144589134, -45585.28144589134, -45585.28144589134, -45585.28144589134, -45585.28144589134, -45585.28144589134, -45585.28144589134, -45585.28144589134, -45585.28144589134, -45585.28144589134, -45585.28144589134, -45585.28144589134, -45585.28144589134], "epochs": [148.0, 148.0, 148.0, 148.0, 148.0, 148.0, 148.0, 148.0, 148.0, 148.0, 148.0, 148.0, 148.0, 148.0, 148.0, 148.0, 148.0, 148.0, 148.0, 148.0]}