{"time": [0.8656189441680908, 0.8481621742248535, 0.8493847846984863, 0.8497152328491211, 0.8467586040496826, 0.8512413501739502, 0.848045825958252, 0.8427243232727051, 0.8369803428649902, 0.8499777317047119, 0.8689916133880615, 0.8507254123687744, 0.8379342555999756, 0.8462634086608887, 0.8446073532104492, 0.8572468757629395, 0.8408117294311523, 0.8508059978485107, 0.8285098075866699, 0.8428714275360107], "LL": [-45585.28145576495, -45585.28145576495, -45585.28145576495, -45585.28145576495, -45585.28145576495, -45585.28145576495, -45585.28145576495, -45585.28145576495, -45585.28145576495, -45585.28145576495, -45585.28145576495, -45585.28145576495, -45585.28145576495, -45585.28145576495, -45585.28145576495, -45585.28145576495, -45585.28145576495, -45585.28145576495, -45585.28145576495, -45585.28145576495], "epochs": [10.0, 10.0, 10.0, 10.0, 10.0, 10.0, 10.0, 10.0, 10.0, 10.0, 10.0, 10.0, 10.0, 10.0, 10.0, 10.0, 10.0, 10.0, 10.0, 10.0]}