{"time": [0.7497384548187256, 0.7391765117645264, 0.7533087730407715, 0.729783296585083, 0.7508718967437744, 0.7564108371734619, 0.7487967014312744, 0.723827600479126, 0.7490553855895996, 0.7302393913269043, 0.7429649829864502, 0.7594666481018066, 0.7343735694885254, 0.7349138259887695, 0.7326724529266357, 0.7523534297943115, 0.7356946468353271, 0.7216207981109619, 0.7483570575714111, 0.7370462417602539], "LL": [-45585.281445665016, -45585.281445665016, -45585.281445665016, -45585.281445665016, -45585.281445665016, -45585.281445665016, -45585.281445665016, -45585.281445665016, -45585.281445665016, -45585.281445665016, -45585.281445665016, -45585.281445665016, -45585.281445665016, -45585.281445665016, -45585.281445665016, -45585.281445665016, -45585.281445665016, -45585.281445665016, -45585.281445665016, -45585.281445665016], "epochs": [8.0, 8.0, 8.0, 8.0, 8.0, 8.0, 8.0, 8.0, 8.0, 8.0, 8.0, 8.0, 8.0, 8.0, 8.0, 8.0, 8.0, 8.0, 8.0, 8.0]}