{"size": [4054, 8109, 12163, 16217, 20272, 24326, 28380, 32434, 36489, 40543, 44597, 48652, 52706, 56760, 60815, 64869, 68923, 72977, 77032, 81086], "time": [[0.8588316440582275, 0.44478774070739746, 0.4531562328338623, 0.4238922595977783, 0.43302202224731445, 0.4148828983306885, 0.4562559127807617, 0.39316272735595703, 0.4311184883117676, 0.44377923011779785, 0.46085309982299805, 0.3974604606628418, 0.4042394161224365, 0.4307377338409424, 0.4376652240753174, 0.4365217685699463, 0.4210033416748047, 0.43228697776794434, 0.44283151626586914, 0.4458470344543457], [0.8135793209075928, 0.8033280372619629, 0.9054672718048096, 0.8754861354827881, 0.8349006175994873, 0.8490903377532959, 0.9021594524383545, 0.7810492515563965, 0.7615828514099121, 0.8060111999511719, 0.7875425815582275, 0.7593457698822021, 0.8370518684387207, 0.907822847366333, 0.8137044906616211, 0.8750758171081543, 0.8735215663909912, 0.8081479072570801, 0.886878490447998, 0.8409895896911621], [1.3511826992034912, 1.1290576457977295, 1.2347898483276367, 1.2549231052398682, 1.2250874042510986, 1.2045812606811523, 1.1555907726287842, 1.1664226055145264, 1.2209312915802002, 1.1259264945983887, 1.1894323825836182, 1.168245553970337, 1.3080129623413086, 1.1705138683319092, 1.1896021366119385, 1.1282601356506348, 1.156543254852295, 1.1813116073608398, 1.2571287155151367, 1.1808936595916748], [1.6309549808502197, 1.42185640335083, 1.357060432434082, 1.3857898712158203, 1.39680814743042, 1.394256830215454, 1.4585282802581787, 1.3500611782073975, 1.4547054767608643, 1.413184404373169, 1.354820966720581, 1.3742773532867432, 1.4353859424591064, 1.4575512409210205, 1.3675625324249268, 1.383592128753662, 1.5084731578826904, 1.3845579624176025, 1.477797269821167, 1.371267318725586], [1.7262520790100098, 1.8365747928619385, 1.7970199584960938, 1.7980775833129883, 1.8646924495697021, 1.8649191856384277, 1.8317155838012695, 1.8644895553588867, 1.9195911884307861, 1.9443042278289795, 1.84580659866333, 1.778162956237793, 1.6657745838165283, 1.8088860511779785, 1.898902416229248, 1.909780740737915, 1.8143305778503418, 1.83939790725708, 1.7662971019744873, 1.7606885433197021], [2.130549430847168, 2.053029775619507, 2.189253568649292, 2.1069767475128174, 2.208721876144409, 2.0096395015716553, 2.067054510116577, 2.028224229812622, 2.2305233478546143, 2.1425657272338867, 2.176227569580078, 2.2924532890319824, 2.115323781967163, 2.1607916355133057, 2.0433712005615234, 2.0440423488616943, 2.0433149337768555, 2.028329372406006, 2.240318536758423, 2.102825880050659], [2.575706720352173, 2.5813958644866943, 2.4753379821777344, 2.614143133163452, 2.54837703704834, 2.7570955753326416, 2.722217321395874, 2.5752620697021484, 2.4364631175994873, 2.4072461128234863, 2.5729968547821045, 2.5667214393615723, 2.578213691711426, 2.442347288131714, 2.5901312828063965, 2.534752607345581, 2.7297961711883545, 2.5009734630584717, 2.3951921463012695, 2.4084644317626953], [2.7695722579956055, 2.895429849624634, 2.837085485458374, 2.7373220920562744, 2.7509360313415527, 2.7761383056640625, 2.7748947143554688, 2.622398614883423, 2.9389641284942627, 2.8151068687438965, 2.9647750854492188, 2.912097930908203, 2.915628671646118, 2.9722445011138916, 2.9557254314422607, 2.8805291652679443, 2.8860373497009277, 2.7820518016815186, 2.8820016384124756, 2.8526625633239746], [3.2141990661621094, 3.2657735347747803, 3.2183384895324707, 3.027266025543213, 3.172869920730591, 3.236046075820923, 3.354640007019043, 2.899484634399414, 3.12722110748291, 3.0794880390167236, 3.1381678581237793, 3.148174285888672, 2.970107316970825, 3.064955711364746, 3.123539447784424, 3.105956792831421, 3.1786704063415527, 2.9994564056396484, 3.2316009998321533, 3.035728931427002], [3.4008355140686035, 3.343031406402588, 3.448434591293335, 3.4707727432250977, 3.5993473529815674, 3.4728522300720215, 3.522244453430176, 3.430119752883911, 3.6204543113708496, 3.7040140628814697, 3.723876714706421, 3.3574302196502686, 3.429455518722534, 3.510561466217041, 3.644932270050049, 3.5299594402313232, 3.7319202423095703, 3.432072162628174, 3.626801013946533, 3.5210704803466797], [3.8280415534973145, 3.864295482635498, 3.9071924686431885, 3.8874571323394775, 3.687817096710205, 3.731766700744629, 3.98079252243042, 3.7775418758392334, 3.6357553005218506, 3.745387077331543, 3.8680295944213867, 4.04026985168457, 3.936293125152588, 3.8094289302825928, 3.855074644088745, 3.6969761848449707, 3.728745460510254, 3.579953908920288, 3.657254934310913, 3.9627702236175537], [4.077617406845093, 4.0941691398620605, 4.2407543659210205, 4.4265007972717285, 4.092253923416138, 4.251628398895264, 4.250286102294922, 4.567103147506714, 4.366633653640747, 4.368757009506226, 4.121570587158203, 4.199637413024902, 4.389613389968872, 4.246149063110352, 4.250302076339722, 4.295787572860718, 4.307701587677002, 4.493537425994873, 4.46949028968811, 4.1564202308654785], [4.569742679595947, 4.774415493011475, 4.922370672225952, 4.565925359725952, 4.545041084289551, 5.189944744110107, 4.663984775543213, 4.475513696670532, 4.744868278503418, 4.892888307571411, 4.72676944732666, 4.628131628036499, 4.711099624633789, 4.657151937484741, 4.937215089797974, 4.74917459487915, 4.941181898117065, 4.687072515487671, 4.6540422439575195, 4.4019176959991455], [4.754579305648804, 5.273526668548584, 5.005523681640625, 5.013250827789307, 4.731822490692139, 4.894008159637451, 4.9157395362854, 4.879232406616211, 5.024970769882202, 4.919231176376343, 4.6696319580078125, 4.81123948097229, 4.748122692108154, 4.97577166557312, 4.7781031131744385, 4.915448904037476, 5.078061103820801, 5.373027086257935, 4.798527956008911, 5.043663263320923], [5.2478039264678955, 4.966918468475342, 4.9497692584991455, 5.306792736053467, 4.8324432373046875, 5.178710222244263, 5.36766505241394, 5.213742971420288, 4.848492622375488, 5.303758859634399, 5.28268027305603, 5.2230048179626465, 5.0662336349487305, 5.088836193084717, 5.336930274963379, 5.100974798202515, 5.084173679351807, 5.149699926376343, 5.6406402587890625, 5.1327736377716064], [5.6713972091674805, 5.539454460144043, 5.609649896621704, 5.444830894470215, 5.311384677886963, 5.317927122116089, 5.815923452377319, 5.45675253868103, 5.421152591705322, 5.701713562011719, 5.792317867279053, 5.83320426940918, 5.82530951499939, 5.83353853225708, 5.852205991744995, 5.601553678512573, 5.637355089187622, 5.782120704650879, 5.98052978515625, 5.8725457191467285], [5.928613185882568, 6.121340990066528, 5.785694599151611, 6.013283967971802, 5.774575471878052, 5.968846082687378, 6.020382881164551, 5.960776329040527, 5.6739747524261475, 5.916771411895752, 5.642947196960449, 5.9270172119140625, 5.750706195831299, 5.813008785247803, 5.458498239517212, 6.002345085144043, 6.142695665359497, 5.885138273239136, 6.056081295013428, 5.733217716217041], [6.302703857421875, 6.005215644836426, 6.385694742202759, 6.090831279754639, 6.487639904022217, 6.375452995300293, 6.449765682220459, 6.144710063934326, 6.306942701339722, 6.292602300643921, 6.317528247833252, 6.232595205307007, 6.507513761520386, 6.4377031326293945, 6.300134897232056, 6.337080001831055, 6.610750436782837, 6.342083930969238, 5.855223655700684, 6.4340949058532715], [6.5783913135528564, 6.950006723403931, 6.397710084915161, 6.759204387664795, 6.1911280155181885, 6.394044399261475, 6.550481796264648, 6.729067802429199, 6.494409799575806, 6.612353801727295, 6.459933280944824, 6.258484125137329, 6.607491970062256, 6.92139196395874, 6.928811073303223, 6.301772594451904, 6.260406017303467, 6.4843268394470215, 6.380204916000366, 6.261588096618652], [6.603877067565918, 6.301062107086182, 6.902704238891602, 7.188910245895386, 7.526346206665039, 7.115417242050171, 7.16980504989624, 6.675550937652588, 7.051898002624512, 7.029456377029419, 6.68296217918396, 7.117809295654297, 6.952501535415649, 6.586782693862915, 6.679779529571533, 6.471573114395142, 6.635207414627075, 6.656524658203125, 6.3679070472717285, 7.465038299560547]]}