{"time": [64.10712385177612, 62.092904806137085, 62.19657897949219, 62.37234425544739, 62.22789168357849, 62.2718665599823, 62.00118160247803, 62.02699303627014, 62.025792360305786, 61.82925820350647, 61.97613215446472, 61.70262622833252, 61.82890963554382, 61.73255491256714, 61.71198487281799, 61.63549494743347, 62.0043261051178, 62.11188364028931, 61.99869203567505, 62.29076814651489], "LL": [-18367.205285751876, -18367.205285751876, -18367.205285751876, -18367.205285751876, -18367.205285751876, -18367.205285751876, -18367.205285751876, -18367.205285751876, -18367.205285751876, -18367.205285751876, -18367.205285751876, -18367.205285751876, -18367.205285751876, -18367.205285751876, -18367.205285751876, -18367.205285751876, -18367.205285751876, -18367.205285751876, -18367.205285751876, -18367.205285751876], "epochs": [787, 787, 787, 787, 787, 787, 787, 787, 787, 787, 787, 787, 787, 787, 787, 787, 787, 787, 787, 787]}