{"time": [39.038591384887695, 40.66605830192566, 39.32494568824768, 41.56061053276062, 41.76487874984741, 38.16623830795288, 39.73045468330383, 40.488483905792236, 39.98464846611023, 42.519354820251465, 41.36589002609253, 40.19541573524475, 40.39161682128906, 40.33749079704285, 40.98981022834778, 41.015254735946655, 42.07171297073364, 40.58820915222168, 41.66757273674011, 36.544809341430664], "LL": [18367.19611902978, 18367.19611141368, 18367.196109936503, 18367.196114073788, 18367.196110578443, 18367.196111095174, 18367.196108634755, 18367.196115409555, 18367.19611068357, 18367.196110496225, 18367.19611125205, 18367.19610866758, 18367.196131405453, 18367.196111535348, 18367.19611109063, 18367.196123080765, 18367.19611105518, 18367.196113562208, 18367.196126093655, 18367.196108963726], "epochs": [86.91142004512702, 91.12977654851153, 88.98420554625518, 92.2389548002038, 94.38452580246015, 85.87502729456293, 89.20256204963971, 90.2389548002038, 90.9478127956911, 95.16616929907562, 92.9478127956911, 89.91142004512702, 91.11238081374191, 90.98420554625518, 91.98420554625518, 92.09338379794745, 94.16616929907562, 91.9478127956911, 92.98420554625518, 82.02059829681927]}