{"time": [13.788564205169678, 12.754112482070923, 13.169952392578125, 13.200152158737183, 13.74857473373413, 12.314541578292847, 12.357698440551758, 12.9612717628479, 13.912730932235718, 12.885016679763794, 12.814804315567017, 12.468139886856079, 12.376768112182617, 12.758382081985474, 13.236655712127686, 14.488505840301514, 13.960543155670166, 14.621976852416992, 11.930320262908936, 14.012136936187744], "LL": [-18367.196108417982, -18367.196108469263, -18367.19610841564, -18367.196108451048, -18367.196108652293, -18367.196108479995, -18367.19610841559, -18367.19610841249, -18367.196108418677, -18367.1961085772, -18367.19610848037, -18367.196108438027, -18367.19610846017, -18367.196108491273, -18367.196108546843, -18367.196108438573, -18367.196108482, -18367.1961084131, -18367.196108439795, -18367.19610841665], "epochs": [13.894024310357377, 13.693063541742486, 13.9478127956911, 14.020598296819273, 15.984205546255186, 13.693063541742486, 13.693063541742486, 13.911420045127011, 16.9478127956911, 14.875027294562923, 13.838634543998836, 12.9478127956911, 13.693063541742486, 13.729456292306573, 15.693063541742486, 18.802241793434746, 16.09338379794745, 17.984205546255186, 12.693063541742486, 14.275347550767886]}