{"time": [30.469730854034424], "LL": [-18367.19610852654], "epochs": [59.05699104738336]}