{"time": [14.365818738937378, 13.904720544815063], "LL": [-18367.196108413493, -18367.196108556083], "epochs": [13.9478127956911, 18.76584904287066]}