{"time": [30.469730854034424, 29.28830862045288, 29.5405490398407, 29.184081077575684, 30.339033365249634, 27.4722957611084, 29.65426540374756, 29.986122608184814, 31.373058319091797, 29.12770104408264, 29.358961820602417, 29.864473819732666, 29.483145713806152, 30.226644277572632, 28.1390700340271, 27.36753559112549, 27.971216201782227, 29.47141456604004, 28.105945348739624, 28.645174741744995], "LL": [-18367.19610852654, -18367.196108431388, -18367.19610844519, -18367.196108454536, -18367.196108417655, -18367.19610843404, -18367.196108437194, -18367.19610852402, -18367.19610840709, -18367.196108453107, -18367.196108450902, -18367.196108467313, -18367.19610854551, -18367.19610849278, -18367.196108733304, -18367.19610851791, -18367.19610852243, -18367.19610844981, -18367.19610861625, -18367.196108431333], "epochs": [59.05699104738336, 58.675667806972854, 58.07598806317782, 58.5300968047165, 59.49370405415242, 50.78484605866511, 57.294344566562344, 59.384525802460146, 63.802241793434746, 56.930417060921464, 58.129776548511536, 57.31174030133197, 57.56648955528059, 59.34813305189606, 55.27534755076789, 53.45731130358833, 53.14877356430599, 58.71206055753694, 56.2389548002038, 55.185166314870074]}