{"time": [51.58405303955078, 53.14842367172241, 57.34802007675171, 47.022998094558716, 55.68133592605591, 49.00875496864319, 51.58067274093628, 54.97835445404053, 53.358466386795044, 52.18987011909485, 52.473695278167725, 48.87966442108154, 48.22610425949097, 47.63564205169678, 53.04769706726074, 49.960686445236206, 44.87584900856018, 57.022194623947144, 50.54228472709656, 51.02131700515747], "LL": [18367.196111196274, 18367.19610951095, 18367.196110825833, 18367.19611301585, 18367.196123031066, 18367.1961137393, 18367.196109776018, 18367.196111020476, 18367.196117603093, 18367.196109884342, 18367.196112261492, 18367.19611708054, 18367.19611297063, 18367.196113285652, 18367.19610865862, 18367.19611021131, 18367.196109862198, 18367.19611253722, 18367.196109523506, 18367.196108951648], "epochs": [19.729456292306573, 20.129776548511536, 22.311740301331973, 17.729456292306573, 20.76584904287066, 18.91142004512701, 19.91142004512701, 20.76584904287066, 19.875027294562923, 19.729456292306573, 19.76584904287066, 18.76584904287066, 17.9478127956911, 18.275347550767886, 20.20256204963971, 18.984205546255186, 16.693063541742486, 21.76584904287066, 18.729456292306573, 19.348133051896063]}