{"time": [44.31369709968567, 43.6238477230072, 43.716837644577026, 43.76349925994873, 43.784539461135864, 43.890066385269165, 43.79768419265747, 43.83885192871094, 43.74552321434021, 43.65886569023132, 43.77527928352356, 43.56233334541321, 43.841448068618774, 43.76794910430908, 43.907581090927124, 43.82900285720825, 43.69466471672058, 43.7748019695282, 43.6844527721405, 43.837584257125854], "LL": [18367.196117173185, 18367.196117173185, 18367.196117173185, 18367.196117173185, 18367.196117173185, 18367.196117173185, 18367.196117173185, 18367.196117173185, 18367.196117173185, 18367.196117173185, 18367.196117173185, 18367.196117173185, 18367.196117173185, 18367.196117173185, 18367.196117173185, 18367.196117173185, 18367.196117173185, 18367.196117173185, 18367.196117173185, 18367.196117173185], "epochs": [98.0, 98.0, 98.0, 98.0, 98.0, 98.0, 98.0, 98.0, 98.0, 98.0, 98.0, 98.0, 98.0, 98.0, 98.0, 98.0, 98.0, 98.0, 98.0, 98.0]}