{"time": [33.196800231933594], "LL": [-18367.196108410353], "epochs": [69.0]}