{"time": [60.46655511856079, 60.29575324058533, 59.66686797142029, 60.883883476257324, 60.22372651100159, 60.311750411987305, 61.01996946334839, 60.95225667953491, 61.433454513549805, 61.023566246032715, 61.14241051673889, 60.63771724700928, 60.30089831352234, 59.985239028930664, 60.62555432319641, 60.35298299789429, 60.48902177810669, 60.598408699035645, 60.13339018821716, 59.985087394714355], "LL": [18367.196110305696, 18367.196110305696, 18367.196110305696, 18367.196110305696, 18367.196110305696, 18367.196110305696, 18367.196110305696, 18367.196110305696, 18367.196110305696, 18367.196110305696, 18367.196110305696, 18367.196110305696, 18367.196110305696, 18367.196110305696, 18367.196110305696, 18367.196110305696, 18367.196110305696, 18367.196110305696, 18367.196110305696, 18367.196110305696], "epochs": [23.0, 23.0, 23.0, 23.0, 23.0, 23.0, 23.0, 23.0, 23.0, 23.0, 23.0, 23.0, 23.0, 23.0, 23.0, 23.0, 23.0, 23.0, 23.0, 23.0]}