{"time": [280.23881220817566, 266.90260672569275, 277.78972458839417, 279.9454047679901, 268.86889004707336, 279.92990136146545, 261.6735029220581, 273.5766923427582, 253.45417642593384, 273.8930912017822, 268.0278277397156, 262.21204829216003, 265.09593510627747, 280.1932029724121, 270.3433222770691, 270.67701029777527, 279.3449795246124, 256.7617223262787, 280.0370202064514, 265.6576178073883], "LL": [18367.196145851252, 18367.196126293573, 18367.196122631085, 18367.19616346453, 18367.196123898197, 18367.196161710766, 18367.19612919537, 18367.19612406914, 18367.19612881655, 18367.196126164577, 18367.1961291601, 18367.196119005737, 18367.196123898062, 18367.19614146949, 18367.19612768945, 18367.19612947667, 18367.19612884589, 18367.196128537013, 18367.196144996647, 18367.196127058494], "epochs": [1000.0205982968193, 953.9478127956911, 992.1297765485115, 1000.9478127956911, 959.3481330518961, 1000.8022417934347, 933.2389548002038, 977.275347550768, 904.5143023509717, 979.0569910473833, 957.0205982968193, 935.9478127956911, 945.4937040541524, 1000.9842055462552, 963.5664895552806, 965.1661692990756, 996.0569910473833, 917.0569910473833, 1000.0205982968193, 947.1155833757915]}