{"time": [42.26443386077881, 48.36388683319092, 44.91616725921631, 44.734848737716675, 43.649402141571045, 44.16562080383301, 46.03314471244812, 43.05842447280884, 44.140692472457886, 42.126787185668945, 42.05069875717163, 40.01200723648071, 43.84756684303284, 44.211289167404175, 43.296448707580566, 44.81969618797302, 46.64793944358826, 44.35973596572876, 47.6816520690918, 45.76546001434326], "LL": [18367.19610842643, 18367.196117205338, 18367.196110144236, 18367.19610915455, 18367.196117904143, 18367.196125196722, 18367.196110879402, 18367.196110010234, 18367.196116594583, 18367.196108802666, 18367.196109888162, 18367.196123573216, 18367.196109076853, 18367.196111262692, 18367.196108978296, 18367.196120772624, 18367.19610883374, 18367.19610886104, 18367.196108670505, 18367.196109346805], "epochs": [152.87502729456293, 180.87502729456293, 169.65667079117839, 165.91142004512702, 164.65667079117839, 160.16616929907562, 168.12977654851153, 160.72945629230657, 164.80224179343475, 157.65667079117839, 155.76584904287066, 144.98420554625517, 158.2389548002038, 167.62027804061432, 160.83863454399884, 169.65667079117839, 176.6930635417425, 166.6930635417425, 180.6930635417425, 169.87502729456293]}