{"time": [19.92135000228882, 14.910472393035889, 17.813303470611572, 17.56335473060608, 17.169011116027832, 17.609796047210693, 18.254249095916748, 17.04119563102722, 17.202308416366577, 17.02825665473938, 16.692901849746704, 17.645419120788574, 17.212273120880127, 17.8022518157959, 17.95806097984314, 17.2274227142334, 17.23618245124817, 18.709137439727783, 16.7825927734375, 18.93962550163269], "LL": [18367.19610840642, 18367.19610855326, 18367.19610840643, 18367.196108406377, 18367.196108406373, 18367.196108406388, 18367.1961084067, 18367.1961084064, 18367.196108406362, 18367.196108406417, 18367.196108406373, 18367.196108406395, 18367.196108406388, 18367.19610840642, 18367.19610840642, 18367.196108406388, 18367.196108406366, 18367.196108406406, 18367.19610840637, 18367.1961084064], "epochs": [7.202562049639711, 5.693063541742485, 6.802241793434748, 6.620278040614309, 6.6566707911783976, 6.838634543998836, 6.875027294562923, 6.693063541742485, 6.693063541742485, 6.693063541742485, 6.547492539486134, 6.802241793434748, 6.6566707911783976, 6.76584904287066, 6.947812795691099, 6.693063541742485, 6.6566707911783976, 7.2389548002038, 6.6566707911783976, 7.311740301331975]}