{"time": [168.57340025901794, 167.25275564193726, 167.24840188026428, 167.3453288078308, 167.38006472587585, 167.6248321533203, 167.95778226852417, 167.13821268081665, 167.17271327972412, 167.56140875816345, 167.8330090045929, 168.31034755706787, 167.54951906204224, 167.19791221618652, 167.34077072143555, 167.7162787914276, 167.4266812801361, 167.0652515888214, 167.52414441108704, 166.9510371685028], "LL": [-55713.15128423091, -55713.15128423091, -55713.15128423091, -55713.15128423091, -55713.15128423091, -55713.15128423091, -55713.15128423091, -55713.15128423091, -55713.15128423091, -55713.15128423091, -55713.15128423091, -55713.15128423091, -55713.15128423091, -55713.15128423091, -55713.15128423091, -55713.15128423091, -55713.15128423091, -55713.15128423091, -55713.15128423091, -55713.15128423091], "epochs": [772, 772, 772, 772, 772, 772, 772, 772, 772, 772, 772, 772, 772, 772, 772, 772, 772, 772, 772, 772]}