{"time": [84.48517942428589, 87.66915035247803, 82.83651566505432, 82.54278326034546, 73.35394406318665, 83.335942029953, 84.89300060272217, 86.28067111968994, 84.01544833183289, 81.9383454322815, 78.90509533882141, 81.16552519798279, 83.02808022499084, 87.24352383613586, 84.11164927482605, 86.81675148010254, 83.37726783752441, 78.92101216316223, 85.76502108573914, 83.92638850212097], "LL": [-55712.9914431242, -55712.991442350074, -55712.99144360097, -55712.99144283238, -55712.991442864135, -55712.991442483355, -55712.991442176404, -55712.99144214015, -55712.991442375955, -55712.99144253934, -55712.99144223081, -55712.99144508602, -55712.991442173094, -55712.991442137405, -55712.99144221789, -55712.99144214055, -55712.99144220172, -55712.99144248836, -55712.991442759136, -55712.9914430604], "epochs": [61.514786769602644, 64.58878228054165, 62.539451939915644, 60.92176207976716, 51.95875983523666, 61.06975310164516, 63.42845867350714, 64.52711935475915, 62.39146091803764, 59.66277779148065, 57.267074464149175, 59.57644969538515, 62.539451939915644, 65.52711935475915, 63.42845867350714, 63.93409466492366, 63.45312384382014, 57.66277779148065, 63.74910588757615, 61.67511037663715]}