{"time": [30.603757619857788, 28.397981882095337, 30.82226252555847, 30.609379529953003, 30.290295839309692, 31.260786771774292, 32.09034538269043, 29.000590085983276], "LL": [-55712.99144221309, -55712.99144222281, -55712.991442162514, -55712.991442242004, -55712.991442730956, -55712.991442236395, -55712.99144299832, -55712.9914429035], "epochs": [12.366795747724638, 12.280467651629134, 13.41612608835064, 13.366795747724638, 12.490121599289644, 14.305132821942136, 16.280467651629134, 12.292800236785634]}