{"time": [129.87604570388794, 165.9640073776245, 113.2168836593628, 145.20254063606262, 128.49927020072937, 134.65710592269897, 127.60042595863342, 134.85912489891052, 130.23450589179993, 135.5962598323822, 128.21213603019714, 142.61735272407532, 143.04575634002686, 135.57000756263733, 127.51653409004211, 138.80945253372192, 134.30465936660767, 128.26456689834595, 121.34197807312012, 140.98587846755981], "LL": [55712.99145234129, 55712.99144872023, 55712.991450465146, 55712.991449677385, 55712.99144926845, 55712.99151754918, 55712.99145869119, 55712.991447012064, 55712.99145362313, 55712.99151287183, 55712.99145856381, 55712.99146856777, 55712.99144597274, 55712.991500869146, 55712.991488806394, 55712.99146347817, 55712.9914505558, 55712.99144348251, 55712.99147289937, 55712.99144723311], "epochs": [17.305132821942138, 22.280467651629134, 15.39146091803764, 19.490121599289644, 17.305132821942138, 18.280467651629134, 17.292800236785634, 18.280467651629134, 17.66277779148065, 18.280467651629134, 17.292800236785634, 19.280467651629134, 19.317465407098638, 18.280467651629134, 17.317465407098638, 18.798436228202156, 18.280467651629134, 17.317465407098638, 16.354463162568138, 19.329797992255138]}