{"time": [106.89176535606384, 105.97271156311035, 108.64662837982178, 103.98980617523193, 108.10600423812866, 108.68691539764404, 110.31071019172668, 104.68529200553894, 104.64908504486084, 105.97490954399109, 102.98083472251892, 104.52587914466858, 107.71406507492065, 104.21966648101807, 115.03051781654358, 104.03710579872131, 106.71824049949646, 101.30513191223145, 104.02995252609253, 104.30272006988525], "LL": [55712.99145290055, 55712.99148149207, 55712.991483928796, 55712.991448250206, 55712.99145708894, 55712.99144710854, 55712.99152580531, 55712.991456111806, 55712.99144719706, 55712.99148275973, 55712.99147290265, 55712.99147327865, 55712.99146181024, 55712.99146035811, 55712.99145481363, 55712.991457982374, 55712.991448742505, 55712.99144566223, 55712.991458212535, 55712.99145560361], "epochs": [86.44079125866364, 86.37912833288114, 90.40379350319414, 85.42845867350714, 88.34213057741164, 90.32979799225514, 91.39146091803764, 86.49012159928964, 86.44079125866364, 88.35446316256814, 84.44079125866364, 86.39146091803764, 89.32979799225514, 85.32979799225514, 95.32979799225514, 86.32979799225514, 88.52711935475915, 83.37912833288114, 85.55178452507215, 85.34213057741164]}