{"time": [33.234055042266846, 30.774051189422607, 30.954965114593506, 30.493800401687622, 34.8028244972229, 30.419896125793457, 30.053234815597534, 28.80725908279419, 33.04527735710144, 30.631908893585205, 30.92030906677246, 34.86275815963745, 36.9616641998291, 30.01871967315674, 30.79275107383728, 31.453370809555054, 30.78392004966736, 30.34459114074707, 32.31501388549805, 29.125706672668457], "LL": [-55712.991442245475, -55712.99144230374, -55712.99144217179, -55712.991442284496, -55712.9914424745, -55712.99144221615, -55712.99144228344, -55712.99144241737, -55712.99144223024, -55712.9914422481, -55712.99144230664, -55712.99144214186, -55712.99144235434, -55712.99144229542, -55712.99144219699, -55712.99144217066, -55712.99144255637, -55712.99144218118, -55712.991442278486, -55712.991442302766], "epochs": [15.329797992255138, 12.45312384382014, 13.342130577411638, 13.292800236785634, 16.588782280541647, 13.317465407098636, 13.268135066472635, 12.292800236785634, 16.280467651629134, 13.317465407098636, 13.366795747724638, 17.329797992255138, 13.267074464149175, 13.280467651629134, 13.305132821942136, 14.268135066472635, 13.317465407098636, 13.305132821942136, 15.280467651629134, 12.280467651629134]}