{"time": [91.43716382980347, 90.838534116745, 90.77221918106079, 91.3340802192688, 90.96558547019958, 91.03527116775513, 91.15904593467712, 90.98627424240112, 91.02883744239807, 90.84650301933289, 91.17804312705994, 91.44934558868408, 91.13419485092163, 91.43162226676941, 91.42102241516113, 91.10307240486145, 90.94942331314087, 91.1923336982727, 91.03197741508484, 91.72760367393494], "LL": [-55712.99144215183, -55712.99144215183, -55712.99144215183, -55712.99144215183, -55712.99144215183, -55712.99144215183, -55712.99144215183, -55712.99144215183, -55712.99144215183, -55712.99144215183, -55712.99144215183, -55712.99144215183, -55712.99144215183, -55712.99144215183, -55712.99144215183, -55712.99144215183, -55712.99144215183, -55712.99144215183, -55712.99144215183, -55712.99144215183], "epochs": [71.0, 71.0, 71.0, 71.0, 71.0, 71.0, 71.0, 71.0, 71.0, 71.0, 71.0, 71.0, 71.0, 71.0, 71.0, 71.0, 71.0, 71.0, 71.0, 71.0]}