{"time": [177.88556623458862, 178.69882917404175, 178.08782291412354, 180.16972732543945, 178.60837745666504, 180.03263092041016, 178.80526113510132, 179.11518239974976, 178.90467619895935, 179.24025702476501, 179.39088106155396, 179.357994556427, 179.73092222213745, 182.16932654380798, 180.20828533172607, 180.04359412193298, 178.850647687912, 180.30125093460083, 179.31425833702087, 180.10541653633118], "LL": [55712.99146022156, 55712.99146022156, 55712.99146022156, 55712.99146022156, 55712.99146022156, 55712.99146022156, 55712.99146022156, 55712.99146022156, 55712.99146022156, 55712.99146022156, 55712.99146022156, 55712.99146022156, 55712.99146022156, 55712.99146022156, 55712.99146022156, 55712.99146022156, 55712.99146022156, 55712.99146022156, 55712.99146022156, 55712.99146022156], "epochs": [24.0, 24.0, 24.0, 24.0, 24.0, 24.0, 24.0, 24.0, 24.0, 24.0, 24.0, 24.0, 24.0, 24.0, 24.0, 24.0, 24.0, 24.0, 24.0, 24.0]}