{"time": [761.0661389827728, 761.0640559196472, 757.9298839569092, 760.465891122818, 759.0084900856018, 758.276848077774, 758.8439347743988, 758.6998882293701, 760.0905983448029, 754.2442364692688, 758.7168188095093, 758.2249355316162, 758.83247423172, 758.4715383052826, 758.1290655136108, 757.3712906837463, 757.5918259620667, 758.2190384864807, 758.9819073677063, 757.941076040268], "LL": [55712.994718419526, 55712.99234045109, 55712.99377375983, 55712.99231579659, 55712.991717763405, 55712.992545806184, 55712.99222430799, 55712.991702956686, 55712.993585584874, 55712.99151660453, 55712.99160826604, 55712.99226224867, 55712.9928977936, 55712.99415366513, 55712.99317762918, 55712.99184358354, 55712.9921534246, 55712.99201497931, 55712.99238632261, 55712.992473054386], "epochs": [1000.3791283328811, 1000.4284586735071, 1000.3914609180376, 1000.9041264829934, 1000.5887822805416, 1000.1930789532101, 1000.4407912586637, 1000.3667957477246, 1000.3791283328811, 991.4407912586637, 1000.3914609180376, 1000.5271193547592, 1000.7727104555656, 1000.5641171102286, 1000.4037935031942, 1000.4407912586637, 1000.3544631625682, 1000.3791283328811, 1000.3544631625682, 1000.3914609180376]}