{"time": [47.61462163925171, 46.06917333602905, 46.20935297012329, 46.90852427482605, 45.149017333984375, 45.07385015487671, 46.840617179870605, 46.205780267715454, 46.04833149909973, 46.11074662208557, 46.35979723930359, 46.09462547302246, 45.9725546836853, 46.243990659713745, 46.56429958343506, 45.417951583862305, 45.934751987457275, 46.49075508117676, 45.792914628982544, 45.770684003829956], "LL": [55712.99144226855, 55712.991442145394, 55712.99144214759, 55712.9914421453, 55712.99144222319, 55712.99144213812, 55712.99144222043, 55712.9914421413, 55712.99144216765, 55712.991442138875, 55712.991442178965, 55712.99144215787, 55712.99144239029, 55712.991442215505, 55712.991442186445, 55712.99144224383, 55712.991442169754, 55712.991442255414, 55712.991442162565, 55712.991442149316], "epochs": [6.329797992255136, 6.305132821942136, 6.255802481316134, 6.3667957477246375, 6.2681350664726345, 6.2681350664726345, 6.354463162568138, 6.391460918037639, 6.2804676516291345, 6.305132821942136, 6.255802481316134, 6.255802481316134, 6.305132821942136, 6.329797992255136, 6.342130577411638, 6.2804676516291345, 6.292800236785635, 6.305132821942136, 6.2681350664726345, 6.255802481316134]}