{"time": [154.53959393501282, 175.13474988937378, 164.77778840065002, 151.36591005325317, 144.18598103523254, 177.12967109680176, 181.43738055229187, 166.93495512008667, 190.8151433467865, 181.89217805862427, 174.81354880332947, 170.48194122314453, 185.36144065856934, 182.84165382385254, 179.89183473587036, 193.29633855819702, 196.99431991577148, 176.57434964179993, 181.94737124443054, 165.20164847373962], "LL": [55712.991499446885, 55712.99144383294, 55712.99151712089, 55712.99153213663, 55712.99147437248, 55712.99148427731, 55712.99148063183, 55712.99145407927, 55712.99144965435, 55712.99148863121, 55712.991529852734, 55712.99147071711, 55712.991495791815, 55712.991505621445, 55712.99145843779, 55712.99147933114, 55712.991464174665, 55712.99149632244, 55712.99145982818, 55712.99152554675], "epochs": [227.36679574772464, 260.3791283328811, 245.26813506647264, 224.30513282194215, 213.25580248131615, 264.3791283328811, 272.2681350664726, 249.26813506647264, 286.30513282194215, 273.25580248131615, 261.3297979922551, 255.29280023678564, 278.2681350664726, 274.2681350664726, 269.2804676516291, 291.2681350664726, 295.35446316256815, 264.2804676516291, 272.29280023678564, 245.25580248131615]}