{"time": [63.5153923034668, 60.74769687652588, 62.84495306015015, 61.500285387039185, 62.31528282165527, 61.75395965576172, 62.002018213272095, 61.12388372421265, 62.048181772232056, 61.641650438308716, 61.19718098640442, 61.79029679298401, 61.7039520740509, 63.61417508125305, 62.81126284599304, 62.799192667007446, 63.29618525505066, 64.58555579185486, 63.805269718170166, 62.50457739830017], "LL": [55712.99144213801, 55712.99144213801, 55712.99144213801, 55712.99144213801, 55712.99144213801, 55712.99144213801, 55712.99144213801, 55712.99144213801, 55712.99144213801, 55712.99144213801, 55712.99144213801, 55712.99144213801, 55712.99144213801, 55712.99144213801, 55712.99144213801, 55712.99144213801, 55712.99144213801, 55712.99144213801, 55712.99144213801, 55712.99144213801], "epochs": [8.0, 8.0, 8.0, 8.0, 8.0, 8.0, 8.0, 8.0, 8.0, 8.0, 8.0, 8.0, 8.0, 8.0, 8.0, 8.0, 8.0, 8.0, 8.0, 8.0]}