{"time": [2480.2878379821777, 2470.9055621623993, 2477.364419698715, 2414.0411076545715, 2396.001352071762, 2377.2694931030273, 2384.3195295333862, 2376.928249359131, 2380.57652759552, 2377.407570838928, 2391.390464782715, 2385.57395863533, 2381.245440006256, 2381.7472109794617, 2371.7223246097565, 2381.0165638923645, 2383.544923067093, 2378.9364111423492, 2379.9392261505127, 2380.4117155075073], "LL": [-35082.693303862325, -35082.693303862325, -35082.693303862325, -35082.693303862325, -35082.693303862325, -35082.693303862325, -35082.693303862325, -35082.693303862325, -35082.693303862325, -35082.693303862325, -35082.693303862325, -35082.693303862325, -35082.693303862325, -35082.693303862325, -35082.693303862325, -35082.693303862325, -35082.693303862325, -35082.693303862325, -35082.693303862325, -35082.693303862325], "epochs": [1531, 1531, 1531, 1531, 1531, 1531, 1531, 1531, 1531, 1531, 1531, 1531, 1531, 1531, 1531, 1531, 1531, 1531, 1531, 1531]}