{"time": [5127.5358872413635, 5119.382778167725, 5065.664300441742, 4967.235373020172, 4951.133950471878, 4978.814510345459, 4939.407350063324, 4965.295002222061, 4971.208473920822, 4953.956684112549, 4967.415287256241, 4966.478677511215, 4964.375699996948, 4966.455677032471, 5008.395482540131, 4989.286766529083, 4955.833961009979, 4944.307565450668, 4962.995787858963, 4969.3497705459595], "LL": [38770.26094802141, 39039.88027370387, 39100.45948769233, 38329.16637949819, 39034.874116898216, 38731.752585242844, 39161.231691085704, 39015.087668342094, 38675.97409283447, 39111.02999753479, 39014.96986339595, 39018.148841709044, 38682.33846660026, 39099.58085797139, 38833.292537977766, 38655.359697078995, 38992.39045647403, 39030.757339930184, 39106.212057132965, 39077.14961956298], "epochs": [1000.5928495782055, 1000.519811561918, 1000.4832925537743, 1000.5745900741335, 1000.4832925537743, 1000.4832925537743, 1000.4832925537743, 1000.519811561918, 1000.4650330497024, 1000.5563305700617, 1000.5380710659898, 1000.4832925537743, 1000.4650330497024, 1000.4650330497024, 1000.4832925537743, 1000.4650330497024, 1000.4832925537743, 1000.5015520578461, 1000.4832925537743, 1000.5745900741335]}