{"time": [907.6273951530457, 946.8694608211517, 881.403525352478, 899.202996969223, 898.7213859558105, 929.9422042369843, 930.9247858524323, 919.1589312553406, 847.3727123737335, 903.562402009964, 874.102038860321, 907.2939953804016, 944.8119268417358, 855.3103001117706, 887.9157755374908, 916.2625651359558, 883.161101102829, 842.108149766922, 918.2453072071075, 913.0872476100922], "LL": [-35082.61840245636, -35082.61840241258, -35082.61840244352, -35082.618402581495, -35082.61840242664, -35082.618402433305, -35082.6184024373, -35082.61840241825, -35082.61840250513, -35082.6184024678, -35082.61840242566, -35082.618402429594, -35082.61840242487, -35082.618402447886, -35082.61840248376, -35082.61840242088, -35082.61840242427, -35082.61840242565, -35082.61840243045, -35082.61840241888], "epochs": [92.56914874192017, 98.01709089581126, 90.95803965964285, 93.01281817185846, 92.8162363510207, 94.91180659533288, 98.17715370850527, 94.59712230215828, 87.08585618814593, 96.90326114742723, 92.14490742431435, 95.61965453018296, 98.85158675090385, 89.01709089581126, 93.90753387138005, 96.95803965964285, 93.61538180623015, 86.50582478179894, 96.30924296096117, 97.26845122886462]}