{"time": [609.8109698295593, 516.8649117946625, 498.626891374588, 517.0469436645508, 538.4320511817932, 563.583785533905, 556.3460676670074, 529.1524925231934, 613.6228322982788, 726.2533030509949, 662.8787035942078, 613.9716098308563, 488.8062574863434, 556.2022495269775, 516.5382199287415, 589.2906658649445, 507.7929561138153, 539.8113102912903, 483.14865493774414, 498.5715777873993], "LL": [-35082.61840242219, -35082.61840241292, -35082.61840243316, -35082.61840241204, -35082.618402413034, -35082.61840241795, -35082.61840241152, -35082.61840245056, -35082.61840242004, -35082.61840241302, -35082.61840241869, -35082.618402423555, -35082.61840241856, -35082.618402487744, -35082.618402411834, -35082.61840241587, -35082.61840242801, -35082.61840242699, -35082.618402417764, -35082.61840245107], "epochs": [18.56487601796735, 19.2082313844356, 19.062155351860643, 20.701237994376072, 20.244750392579338, 20.86130080707008, 21.372566921082424, 23.09867436000438, 19.336047912938685, 20.007376839645037, 19.797976846948835, 19.770003286710732, 19.062155351860643, 19.331775188985866, 21.043895847788775, 20.29098345688931, 20.646459482160466, 19.22221816455465, 19.025636343716904, 20.116933864076252]}