{"time": [3857.1778955459595, 3590.8459990024567, 3120.525145292282, 3324.606610059738, 3597.758241415024, 3480.451940536499, 3201.146963596344, 3083.22035074234, 3189.5979673862457, 2979.407526254654, 3391.247129678726, 3545.4731814861298, 3337.6265614032745, 3379.6687648296356, 3356.79985332489, 2896.1745522022247, 3083.9974839687347, 3190.6543185710907, 3128.85671043396, 3085.8541486263275], "LL": [35082.61840326475, 35082.61840959699, 35082.61841680024, 35082.618405573754, 35082.618402595755, 35082.618403437926, 35082.61840510169, 35082.618414280994, 35082.61844850772, 35082.61842999324, 35082.61840481419, 35082.618403360575, 35082.6184026468, 35082.61840265529, 35082.61840407394, 35082.6184177977, 35082.61840559995, 35082.61840271679, 35082.61840297882, 35082.61841026667], "epochs": [29.50155205784611, 27.592849578205456, 24.738925610780413, 26.364021473176788, 28.546616513895483, 27.647628090421065, 25.629368586349194, 24.72493883066136, 25.51981156191798, 23.83022313113976, 26.83022313113976, 28.254464448745573, 26.611109082277324, 26.79370412299602, 26.921520651499105, 23.122375196289667, 24.556330570061718, 25.538071065989847, 24.885001643355366, 24.50155205784611]}