{"time": [1572.3660140037537, 1539.0151720046997, 1552.692477941513, 1532.2651886940002, 1573.4242448806763, 1541.551521539688, 1529.303245306015, 1540.072333574295, 1536.1417481899261, 1538.486180305481, 1527.626377105713, 1541.6323158740997, 1533.2764847278595, 1530.4379801750183, 1555.58109664917, 1532.9572348594666, 1533.972514629364, 1524.9178113937378, 1534.4282577037811, 1546.5574133396149], "LL": [35082.61840668629, 35082.61840668629, 35082.61840668629, 35082.61840668629, 35082.61840668629, 35082.61840668629, 35082.61840668629, 35082.61840668629, 35082.61840668629, 35082.61840668629, 35082.61840668629, 35082.61840668629, 35082.61840668629, 35082.61840668629, 35082.61840668629, 35082.61840668629, 35082.61840668629, 35082.61840668629, 35082.61840668629, 35082.61840668629], "epochs": [184.0, 184.0, 184.0, 184.0, 184.0, 184.0, 184.0, 184.0, 184.0, 184.0, 184.0, 184.0, 184.0, 184.0, 184.0, 184.0, 184.0, 184.0, 184.0, 184.0]}