{"time": [1157.250188589096, 1158.04545378685, 1155.273069858551, 1146.6137261390686, 1154.461065530777, 1147.2299723625183, 1154.8020946979523, 1136.5319497585297, 1129.1108553409576, 1124.622706413269, 1125.3808348178864, 1125.9128286838531, 1130.2022535800934, 1120.499318599701, 1117.9601700305939, 1121.9747593402863, 1117.6080119609833, 1126.093623161316, 1121.1620349884033, 1128.1192638874054], "LL": [-35082.61840241064, -35082.61840241064, -35082.61840241064, -35082.61840241064, -35082.61840241064, -35082.61840241064, -35082.61840241064, -35082.61840241064, -35082.61840241064, -35082.61840241064, -35082.61840241064, -35082.61840241064, -35082.61840241064, -35082.61840241064, -35082.61840241064, -35082.61840241064, -35082.61840241064, -35082.61840241064, -35082.61840241064, -35082.61840241064], "epochs": [120.0, 120.0, 120.0, 120.0, 120.0, 120.0, 120.0, 120.0, 120.0, 120.0, 120.0, 120.0, 120.0, 120.0, 120.0, 120.0, 120.0, 120.0, 120.0, 120.0]}