{"time": [4282.828245639801, 4250.8347680568695, 4257.970685958862, 4148.912763834, 4097.877162456512, 4085.821900367737, 4107.921737909317, 4114.304812431335, 4087.726329088211, 4108.080579280853, 4087.978907585144, 4102.5131294727325, 4118.796619415283, 4090.529888868332, 4106.674175977707, 4084.668071269989, 4125.281460523605, 4061.983596801758, 4081.67720079422, 4082.6449999809265], "LL": [35082.618405047106, 35082.618405047106, 35082.618405047106, 35082.618405047106, 35082.618405047106, 35082.618405047106, 35082.618405047106, 35082.618405047106, 35082.618405047106, 35082.618405047106, 35082.618405047106, 35082.618405047106, 35082.618405047106, 35082.618405047106, 35082.618405047106, 35082.618405047106, 35082.618405047106, 35082.618405047106, 35082.618405047106, 35082.618405047106], "epochs": [32.0, 32.0, 32.0, 32.0, 32.0, 32.0, 32.0, 32.0, 32.0, 32.0, 32.0, 32.0, 32.0, 32.0, 32.0, 32.0, 32.0, 32.0, 32.0, 32.0]}