{"time": [5325.400664806366, 5313.549812078476, 5270.811426639557, 5191.195680141449, 5183.312444925308, 5190.609889745712, 5189.571341991425, 5198.502205848694, 5191.059224843979, 5193.688349246979, 5195.731203317642, 5192.486306667328, 5199.763248920441, 5192.234175443649, 5207.556149959564, 5192.279477357864, 5191.069602012634, 5199.718760728836, 5198.021271705627, 5189.1300411224365], "LL": [35134.92527319185, 35109.9006024071, 35126.103185716594, 35117.22714168709, 35123.01501057651, 35138.75622856913, 35137.17892921866, 35100.88421809559, 35133.89829223034, 35118.35202549572, 35110.239995499156, 35108.90594297571, 35117.24348100256, 35111.05445500456, 35103.88314509577, 35132.15656572557, 35116.12158791881, 35111.48693676153, 35149.64849902967, 35143.07497324996], "epochs": [1000.5563305700617, 1000.5745900741335, 1000.5563305700617, 1000.6658875944929, 1000.519811561918, 1000.519811561918, 1000.5745900741335, 1000.5015520578461, 1000.647628090421, 1000.5015520578461, 1000.647628090421, 1000.5745900741335, 1000.647628090421, 1000.5745900741335, 1000.5380710659898, 1000.519811561918, 1000.5745900741335, 1000.519811561918, 1000.519811561918, 1000.5015520578461]}