{"time": [1446.9703614711761, 1612.2474796772003, 1766.9635558128357, 1375.1383819580078, 1490.8103709220886, 1329.2797281742096, 1083.7603480815887, 1083.3651733398438, 1509.1081247329712, 1499.5433053970337, 1451.2796103954315, 1267.1246435642242, 1682.891553401947, 1146.9006385803223, 1832.0930399894714, 1796.6418359279633, 1004.8955557346344, 1285.0141332149506, 1363.3125207424164, 1708.0693657398224], "LL": [-35082.61840296729, -35082.61841195701, -35082.61840492916, -35082.61842516834, -35082.61843245757, -35082.61840264493, -35082.61840273824, -35082.61840264893, -35082.61840284839, -35082.61840745324, -35082.61840280321, -35082.618402594846, -35082.61840291606, -35082.618427462214, -35082.618402974054, -35082.618402985565, -35082.61840280372, -35082.618403797824, -35082.61840318548, -35082.61840317855], "epochs": [216.53807106598984, 248.59284957820546, 263.35974874922397, 206.7571851148523, 223.99455866778658, 191.01281817185844, 128.5788627980864, 149.7571851148523, 224.06759668407406, 226.939780155571, 221.73892561078043, 163.65190081437387, 259.1041156922178, 155.01281817185844, 255.4187999853924, 278.2501917247928, 131.83022313113975, 181.0493371800022, 194.12237519628968, 259.2684512288646]}