{"time": [5590.788452863693, 5584.914513587952, 5476.703605175018, 5441.236774921417, 5458.124993085861, 5460.996120691299, 5449.861200809479, 5457.883447170258, 5456.46982383728, 5455.315888166428, 5457.441241025925, 5454.601670265198, 5457.512024402618, 5441.2350425720215, 5442.744790554047, 5435.163166284561, 5458.407483816147, 5442.002984762192, 5445.135419845581, 5438.682801246643], "LL": [-35090.56215152882, -35092.88425533826, -35084.82010509893, -35087.540447214444, -35086.890475994674, -35085.37256748368, -35090.092164555, -35087.26269789596, -35093.209395898644, -35087.24995242892, -35084.719607272214, -35090.741350749326, -35090.54317882625, -35084.61709242479, -35089.928752802996, -35087.79050825158, -35087.892165080426, -35086.54067231576, -35084.537983690825, -35085.46920681185], "epochs": [1000.8119636270678, 1000.7754446189242, 1000.6658875944929, 1000.7024066026366, 1000.7024066026366, 1000.7024066026366, 1000.8119636270678, 1000.7024066026366, 1000.6658875944929, 1000.6658875944929, 1000.6658875944929, 1000.7024066026366, 1000.6658875944929, 1000.8119636270678, 1000.7389256107804, 1000.6658875944929, 1000.8850016433554, 1000.6658875944929, 1000.7754446189242, 1000.6658875944929]}