{"time": [1021.8220450878143, 1122.3651223182678, 1041.2113227844238, 1378.8947775363922, 1056.213758468628, 1037.4367809295654, 996.6365506649017, 1033.218070268631, 1034.101729631424, 1066.7130103111267, 1131.8268082141876, 1149.6204748153687, 1027.0331547260284, 1181.9440562725067, 1193.5417659282684, 1146.2457325458527, 1035.7712259292603, 1167.0847237110138, 1152.4984357357025, 1226.0132582187653], "LL": [-35082.6184029207, -35082.618402513996, -35082.61840244212, -35082.6184024111, -35082.61840244565, -35082.61840245989, -35082.6184024809, -35082.6184024959, -35082.618402473076, -35082.618402501066, -35082.618402453445, -35082.618402474785, -35082.61840242021, -35082.61840256002, -35082.61840241054, -35082.618402410684, -35082.61840241484, -35082.61840260405, -35082.61840241157, -35082.618402447115], "epochs": [6.684147098564804, 7.378008253295841, 6.79370412299602, 9.359748749223971, 7.031077675930322, 6.77544461892415, 6.6293685863491945, 6.811963627067889, 6.77544461892415, 7.122375196289669, 7.414527261439579, 7.72493883066136, 6.885001643355366, 8.199685936529963, 8.51981156191798, 8.140634700361538, 7.0675966840740605, 8.108388416170618, 7.958039659642845, 8.747471058686045]}