{"time": [5329.498071432114, 5260.998099088669, 5175.292279958725, 5195.003743171692, 5170.719754219055, 5182.044964551926, 5187.963913440704, 5171.538327455521, 5164.910397768021, 5152.539454936981, 5146.353282928467, 5145.9987008571625, 5147.1108293533325, 5151.859412431717, 5143.737966299057, 5143.830510854721, 5142.249290704727, 5140.874868154526, 5138.66570353508, 5171.288856506348], "LL": [35143.75173842997, 35143.75173842997, 35143.75173842997, 35143.75173842997, 35143.75173842997, 35143.75173842997, 35143.75173842997, 35143.75173842997, 35143.75173842997, 35143.75173842997, 35143.75173842997, 35143.75173842997, 35143.75173842997, 35143.75173842997, 35143.75173842997, 35143.75173842997, 35143.75173842997, 35143.75173842997, 35143.75173842997, 35143.75173842997], "epochs": [1000.0, 1000.0, 1000.0, 1000.0, 1000.0, 1000.0, 1000.0, 1000.0, 1000.0, 1000.0, 1000.0, 1000.0, 1000.0, 1000.0, 1000.0, 1000.0, 1000.0, 1000.0, 1000.0, 1000.0]}