{"time": [5601.777929067612, 5609.842657327652, 5478.568233013153, 5473.581002473831, 5480.7484929561615, 5476.108810901642, 5476.8076429367065, 5468.197296619415, 5476.2160432338715, 5469.215143203735, 5471.414443016052, 5478.5038595199585, 5473.402559041977, 5464.796565771103, 5474.712046146393, 5464.189521312714, 5470.050480365753, 5474.205929517746, 5473.909786939621, 5472.952674627304], "LL": [-35098.38365012598, -35098.38365012598, -35098.38365012598, -35098.38365012598, -35098.38365012598, -35098.38365012598, -35098.38365012598, -35098.38365012598, -35098.38365012598, -35098.38365012598, -35098.38365012598, -35098.38365012598, -35098.38365012598, -35098.38365012598, -35098.38365012598, -35098.38365012598, -35098.38365012598, -35098.38365012598, -35098.38365012598, -35098.38365012598], "epochs": [1000.0, 1000.0, 1000.0, 1000.0, 1000.0, 1000.0, 1000.0, 1000.0, 1000.0, 1000.0, 1000.0, 1000.0, 1000.0, 1000.0, 1000.0, 1000.0, 1000.0, 1000.0, 1000.0, 1000.0]}