{"time": [1143.798110485077, 1142.9241874217987, 1148.423591375351, 1145.5805168151855, 1123.0092933177948, 1094.8402118682861, 1101.8792459964752, 1120.5110304355621, 1115.5735511779785, 1119.4587442874908, 1099.2335538864136, 1091.4524705410004, 1097.3347272872925, 1093.163172006607, 1106.9639575481415, 1106.8300909996033, 1106.8169124126434, 1125.4546604156494, 1107.7755272388458, 1104.3633563518524], "LL": [-35082.61840257794, -35082.61840257794, -35082.61840257794, -35082.61840257794, -35082.61840257794, -35082.61840257794, -35082.61840257794, -35082.61840257794, -35082.61840257794, -35082.61840257794, -35082.61840257794, -35082.61840257794, -35082.61840257794, -35082.61840257794, -35082.61840257794, -35082.61840257794, -35082.61840257794, -35082.61840257794, -35082.61840257794, -35082.61840257794], "epochs": [7.0, 7.0, 7.0, 7.0, 7.0, 7.0, 7.0, 7.0, 7.0, 7.0, 7.0, 7.0, 7.0, 7.0, 7.0, 7.0, 7.0, 7.0, 7.0, 7.0]}