{"time": [0.5017390251159668, 0.5391190052032471, 0.4863271713256836, 0.5055925846099854, 0.5225293636322021, 0.508171558380127, 0.5330893993377686, 0.4662325382232666, 0.5111227035522461, 0.47383809089660645, 0.49332380294799805, 0.4786398410797119, 0.559302568435669, 0.545839786529541, 0.49610447883605957, 0.4982442855834961, 0.5220198631286621, 0.5198390483856201, 0.4818248748779297, 0.5555102825164795], "LL": [5331.25200692739, 5331.252006916342, 5331.252006986185, 5331.2520069163875, 5331.2520069158345, 5331.252006915855, 5331.2520069164575, 5331.252006918727, 5331.252006917363, 5331.25200692534, 5331.252006916778, 5331.252006919335, 5331.252006918556, 5331.252006915832, 5331.252006948885, 5331.252006920064, 5331.252006918065, 5331.2520069218235, 5331.252006919345, 5331.252006917043], "epochs": [11.151891252955082, 11.373522458628841, 10.210992907801419, 11.166666666666666, 11.270094562647754, 10.432624113475176, 12.018912529550828, 9.166666666666666, 11.166666666666666, 9.52127659574468, 9.47695035460993, 10.048463356973995, 12.284869976359339, 11.343971631205672, 10.1371158392435, 10.25531914893617, 9.875886524822693, 11.06323877068558, 9.44739952718676, 11.151891252955082]}