{"time": [0.4934554100036621, 0.5866842269897461, 0.5837740898132324, 0.6554732322692871, 0.6652796268463135, 0.5832700729370117, 0.5659844875335693, 0.5883545875549316, 0.5262765884399414, 0.5839657783508301, 0.6329352855682373, 0.5675418376922607, 0.6435823440551758, 0.6479237079620361, 0.5577507019042969, 0.5641317367553711, 0.5411920547485352, 0.6597697734832764, 0.59031081199646, 0.6001267433166504], "LL": [5331.252006932398, 5331.252006919676, 5331.252006915996, 5331.252006916054, 5331.252006919003, 5331.252006929801, 5331.252006915886, 5331.252006920218, 5331.252006946419, 5331.252006923392, 5331.252006915834, 5331.252006970561, 5331.252006915961, 5331.252006915831, 5331.252006920084, 5331.252006923507, 5331.252006944316, 5331.252006915883, 5331.252006940539, 5331.252006915836], "epochs": [11.078014184397162, 12.284869976359339, 11.654255319148936, 13.994089834515366, 15.210992907801419, 12.900709219858156, 12.782505910165485, 12.270094562647754, 10.092789598108746, 12.959810874704491, 13.536052009456263, 11.373522458628841, 14.91548463356974, 14.284869976359339, 11.18144208037825, 11.98936170212766, 10.959810874704491, 14.5951536643026, 12.299645390070921, 13.151891252955082]}