{"time": [0.4040834903717041, 0.5231726169586182, 0.4706082344055176, 0.4836859703063965, 0.4834761619567871, 0.4523494243621826, 0.4538910388946533, 0.4330708980560303, 0.42398810386657715, 0.4671061038970947, 0.5019121170043945, 0.41456079483032227, 0.5062894821166992, 0.4443206787109375, 0.4462006092071533, 0.467484712600708, 0.4643125534057617, 0.46996593475341797, 0.5063381195068359, 0.4608302116394043], "LL": [5331.252006915828, 5331.252006927281, 5331.252006926147, 5331.252006917624, 5331.252006982313, 5331.252006925123, 5331.252006935361, 5331.252006915828, 5331.2520069158345, 5331.252006915831, 5331.252006973218, 5331.2520069170705, 5331.252006944809, 5331.252006915884, 5331.252006915829, 5331.252006972383, 5331.252006915829, 5331.252006915838, 5331.252006968368, 5331.252006915831], "epochs": [10.240543735224586, 12.44739952718676, 11.32919621749409, 12.06323877068558, 12.048463356973995, 10.98936170212766, 10.98936170212766, 10.03368794326241, 10.06323877068558, 11.930260047281324, 11.156619385342788, 9.885933806146571, 12.25531914893617, 10.930260047281324, 10.945035460992909, 10.506501182033096, 11.373522458628841, 12.018912529550828, 11.89066193853428, 11.871158392434989]}