{"time": [0.5446922779083252, 0.5494630336761475, 0.5896635055541992, 0.5366051197052002, 0.5862998962402344, 0.6513681411743164, 0.6624364852905273, 0.6169843673706055, 0.6409342288970947, 0.6485095024108887, 0.6123731136322021, 0.6425490379333496, 0.6162946224212646, 0.5103693008422852, 0.5232048034667969, 0.6231915950775146, 0.5573225021362305, 0.5423455238342285, 0.6013028621673584, 0.5145983695983887], "LL": [-5331.2520069281845, -5331.252006916584, -5331.252006915922, -5331.252006917897, -5331.2520069312395, -5331.252006915909, -5331.252006916147, -5331.252006915909, -5331.252006917458, -5331.252006916426, -5331.252006915829, -5331.252006916262, -5331.252006915902, -5331.252006916486, -5331.252006917096, -5331.252006916025, -5331.252006941735, -5331.252006919438, -5331.252007011801, -5331.25200691915], "epochs": [10.343971631205672, 10.84160756501182, 11.974586288416075, 9.03368794326241, 11.1371158392435, 9.654255319148936, 11.18144208037825, 10.358747044917257, 12.166666666666666, 13.166666666666666, 10.018912529550828, 12.25531914893617, 12.417848699763592, 8.930260047281324, 9.885933806146571, 12.44739952718676, 10.91548463356974, 9.270094562647754, 12.18144208037825, 8.900709219858156]}