{"time": [0.4402122497558594, 0.473330020904541, 0.4791431427001953, 0.47346997261047363, 0.4747190475463867, 0.4723961353302002, 0.4759235382080078, 0.4759986400604248, 0.47539687156677246, 0.47564697265625, 0.4775547981262207, 0.4761948585510254, 0.4762442111968994, 0.4755535125732422, 0.4776453971862793, 0.47539234161376953, 0.4758923053741455, 0.47411417961120605, 0.4819483757019043, 0.47263002395629883], "LL": [5331.252006916214, 5331.252006916214, 5331.252006916214, 5331.252006916214, 5331.252006916214, 5331.252006916214, 5331.252006916214, 5331.252006916214, 5331.252006916214, 5331.252006916214, 5331.252006916214, 5331.252006916214, 5331.252006916214, 5331.252006916214, 5331.252006916214, 5331.252006916214, 5331.252006916214, 5331.252006916214, 5331.252006916214, 5331.252006916214], "epochs": [12.0, 12.0, 12.0, 12.0, 12.0, 12.0, 12.0, 12.0, 12.0, 12.0, 12.0, 12.0, 12.0, 12.0, 12.0, 12.0, 12.0, 12.0, 12.0, 12.0]}