{"time": [1.3053994178771973, 1.20674467086792, 1.266690969467163, 1.2186262607574463, 1.18595552444458, 1.369016408920288, 1.246213436126709, 1.367264986038208, 1.2123453617095947, 1.3284118175506592, 1.3112432956695557, 1.2841346263885498, 1.6825382709503174, 1.5514051914215088, 1.662118673324585, 1.6946930885314941, 1.789466381072998, 1.5720422267913818, 1.5198283195495605, 1.5420105457305908], "LL": [5331.252007004885, 5331.252007004885, 5331.252007004885, 5331.252007004885, 5331.252007004885, 5331.252007004885, 5331.252007004885, 5331.252007004885, 5331.252007004885, 5331.252007004885, 5331.252007004885, 5331.252007004885, 5331.252007004885, 5331.252007004885, 5331.252007004885, 5331.252007004885, 5331.252007004885, 5331.252007004885, 5331.252007004885, 5331.252007004885], "epochs": [39.0, 39.0, 39.0, 39.0, 39.0, 39.0, 39.0, 39.0, 39.0, 39.0, 39.0, 39.0, 39.0, 39.0, 39.0, 39.0, 39.0, 39.0, 39.0, 39.0]}