{"time": [0.8956356048583984, 0.8908755779266357, 0.8847973346710205, 0.8927500247955322, 0.8853468894958496, 0.8898804187774658, 0.8847894668579102, 0.9331326484680176, 0.9012479782104492, 0.9037392139434814, 0.9544286727905273, 0.9009699821472168, 0.9018220901489258, 0.9068408012390137, 0.9214394092559814, 0.9263830184936523, 0.91790771484375, 0.9188199043273926, 0.9215071201324463, 0.9276843070983887], "LL": [5331.252007004885, 5331.252007004885, 5331.252007004885, 5331.252007004885, 5331.252007004885, 5331.252007004885, 5331.252007004885, 5331.252007004885, 5331.252007004885, 5331.252007004885, 5331.252007004885, 5331.252007004885, 5331.252007004885, 5331.252007004885, 5331.252007004885, 5331.252007004885, 5331.252007004885, 5331.252007004885, 5331.252007004885, 5331.252007004885], "epochs": [39.0, 39.0, 39.0, 39.0, 39.0, 39.0, 39.0, 39.0, 39.0, 39.0, 39.0, 39.0, 39.0, 39.0, 39.0, 39.0, 39.0, 39.0, 39.0, 39.0]}