{"time": [0.40515923500061035, 0.40990447998046875, 0.4107997417449951, 0.40981101989746094, 0.4732794761657715, 0.4089620113372803, 0.41426730155944824, 0.41067075729370117, 0.42284560203552246, 0.4110734462738037, 0.4119453430175781, 0.40877795219421387, 0.41304659843444824, 0.4077603816986084, 0.41382765769958496, 0.41762709617614746, 0.4157397747039795, 0.41454482078552246, 0.41619324684143066, 0.4233078956604004], "LL": [5331.252006928627, 5331.252006928627, 5331.252006928627, 5331.252006928627, 5331.252006928627, 5331.252006928627, 5331.252006928627, 5331.252006928627, 5331.252006928627, 5331.252006928627, 5331.252006928627, 5331.252006928627, 5331.252006928627, 5331.252006928627, 5331.252006928627, 5331.252006928627, 5331.252006928627, 5331.252006928627, 5331.252006928627, 5331.252006928627], "epochs": [12.0, 12.0, 12.0, 12.0, 12.0, 12.0, 12.0, 12.0, 12.0, 12.0, 12.0, 12.0, 12.0, 12.0, 12.0, 12.0, 12.0, 12.0, 12.0, 12.0]}