{"time": [0.7295265197753906, 0.7820148468017578, 0.7362642288208008, 0.7671329975128174, 0.7315452098846436, 0.7254579067230225, 0.9770379066467285, 0.7356302738189697, 0.8092658519744873, 0.7649390697479248, 0.6877529621124268, 0.7089991569519043, 0.724053144454956, 0.876258373260498, 0.7623798847198486, 0.9369964599609375, 0.7901105880737305, 0.819821834564209, 0.7509379386901855, 0.8161525726318359], "LL": [5331.252006932398, 5331.252006965652, 5331.252006938318, 5331.252006924917, 5331.2520069777565, 5331.252006920795, 5331.252006921875, 5331.252006952187, 5331.252006937526, 5331.25200692887, 5331.252006950367, 5331.252006931678, 5331.25200691625, 5331.252006915878, 5331.2520069968505, 5331.252006945906, 5331.252006925339, 5331.252006953473, 5331.25200691593, 5331.252006916466], "epochs": [26.462174940898343, 26.580378250591018, 24.44739952718676, 27.048463356973997, 25.15189125295508, 24.18144208037825, 36.048463356974, 25.91548463356974, 28.225768321513, 26.092789598108745, 23.01891252955083, 24.048463356973997, 22.86111111111111, 30.417848699763592, 26.94503546099291, 31.78723404255319, 28.79728132387707, 28.388297872340424, 25.417848699763592, 29.048463356973997]}