{"time": [0.5206043720245361, 0.590686559677124, 0.5576777458190918, 0.7073538303375244, 0.6515786647796631, 0.6841115951538086, 0.608461856842041, 0.5907340049743652, 0.6656405925750732, 0.5252759456634521, 0.5544295310974121, 0.5764632225036621, 0.6306324005126953, 0.5788524150848389, 0.530245304107666, 0.612757682800293, 0.6164240837097168, 0.5463113784790039, 0.5766758918762207, 0.5866310596466064], "LL": [5331.2520069220045, 5331.25200692485, 5331.252006940931, 5331.252006919707, 5331.252006930037, 5331.252006916846, 5331.252006917434, 5331.252006916095, 5331.252006924045, 5331.25200698907, 5331.252006931989, 5331.252006916013, 5331.252006919985, 5331.25200699064, 5331.252006944793, 5331.252006917931, 5331.252006953801, 5331.252006946632, 5331.252006917143, 5331.252006916703], "epochs": [17.609929078014183, 19.270094562647756, 17.900709219858157, 22.949763593380613, 21.388297872340424, 24.03368794326241, 20.84160756501182, 19.225768321513, 21.875886524822693, 16.21099290780142, 17.196217494089836, 16.62470449172577, 21.092789598108745, 19.092789598108748, 16.98936170212766, 19.56560283687943, 20.98936170212766, 17.01891252955083, 18.91548463356974, 19.94503546099291]}