{"time": [0.09711027145385742, 0.10524439811706543, 0.10988473892211914, 0.11183977127075195, 0.11486077308654785, 0.11650252342224121, 0.11219024658203125, 0.11530303955078125, 0.11445212364196777, 0.1156926155090332, 0.11695241928100586, 0.11631011962890625, 0.11502885818481445, 0.11509060859680176, 0.11493420600891113, 0.1158449649810791, 0.11636042594909668, 0.11503314971923828, 0.11539983749389648, 0.11547708511352539], "LL": [5331.252006915827, 5331.252006915827, 5331.252006915827, 5331.252006915827, 5331.252006915827, 5331.252006915827, 5331.252006915827, 5331.252006915827, 5331.252006915827, 5331.252006915827, 5331.252006915827, 5331.252006915827, 5331.252006915827, 5331.252006915827, 5331.252006915827, 5331.252006915827, 5331.252006915827, 5331.252006915827, 5331.252006915827, 5331.252006915827], "epochs": [5.0, 5.0, 5.0, 5.0, 5.0, 5.0, 5.0, 5.0, 5.0, 5.0, 5.0, 5.0, 5.0, 5.0, 5.0, 5.0, 5.0, 5.0, 5.0, 5.0]}