{"time": [3.369717597961426, 2.780921697616577, 2.745920181274414, 2.7712771892547607, 2.727346181869507, 2.761629581451416, 2.7677001953125, 2.774348258972168, 2.7909157276153564, 2.7869982719421387, 2.77840518951416, 2.7262842655181885, 2.749558687210083, 2.7467808723449707, 2.7885830402374268, 2.752993583679199, 2.7678751945495605, 2.7913990020751953, 2.747652769088745, 2.7526612281799316], "LL": [-45585.28287078431, -45585.28287078431, -45585.28287078431, -45585.28287078431, -45585.28287078431, -45585.28287078431, -45585.28287078431, -45585.28287078431, -45585.28287078431, -45585.28287078431, -45585.28287078431, -45585.28287078431, -45585.28287078431, -45585.28287078431, -45585.28287078431, -45585.28287078431, -45585.28287078431, -45585.28287078431, -45585.28287078431, -45585.28287078431], "epochs": [114, 114, 114, 114, 114, 114, 114, 114, 114, 114, 114, 114, 114, 114, 114, 114, 114, 114, 114, 114]}