{"time": [3.0796892642974854, 3.3977134227752686, 3.053317070007324, 2.656771183013916, 3.171689033508301, 2.5389132499694824, 3.1240644454956055, 2.880309581756592, 3.069242238998413, 3.0641794204711914, 2.808628559112549, 2.870253324508667, 3.3037712574005127, 3.062450885772705, 3.1649792194366455, 3.0690906047821045, 3.0457499027252197, 2.729357957839966, 2.6793034076690674, 2.9769341945648193], "LL": [-45585.281445711735, -45585.2814457411, -45585.28144569407, -45585.28144576316, -45585.281445889166, -45585.28144627043, -45585.28144571562, -45585.281445876586, -45585.281445696426, -45585.28144582829, -45585.28144579569, -45585.281445717286, -45585.28144571492, -45585.28144582242, -45585.28144578158, -45585.2814457342, -45585.28144579682, -45585.281445729925, -45585.28144592305, -45585.28144573364], "epochs": [13.592849578205456, 17.51981156191798, 14.501552057846109, 10.48329255377424, 15.501552057846109, 10.46503304970237, 14.574590074133587, 12.556330570061718, 14.46503304970237, 14.51981156191798, 12.501552057846109, 12.501552057846109, 16.50155205784611, 15.46503304970237, 14.51981156191798, 14.48329255377424, 14.48329255377424, 11.48329255377424, 11.51981156191798, 13.538071065989847]}