{"time": [5.834530353546143, 5.626831293106079, 5.611014127731323, 5.676032066345215, 5.896808862686157, 5.5764548778533936, 5.603113412857056, 5.676187038421631, 5.790774583816528, 6.021623373031616, 5.326049089431763, 5.569581747055054, 5.9827728271484375, 5.5860595703125, 5.469734191894531, 5.6373162269592285, 5.631873607635498, 5.655681133270264, 6.044119358062744, 6.1717541217803955], "LL": [45585.281446181245, 45585.28144578531, 45585.28144899474, 45585.28144595589, 45585.28144626681, 45585.281445923494, 45585.28144767493, 45585.28144655656, 45585.2814460288, 45585.28144663151, 45585.28144772796, 45585.281446727975, 45585.28144578013, 45585.28144588784, 45585.28144585923, 45585.28144590114, 45585.28144638427, 45585.2814466478, 45585.28144603765, 45585.28144574874], "epochs": [33.61110908227732, 32.55633057006172, 31.556330570061718, 31.592849578205456, 34.53807106598985, 31.57459007413359, 31.885001643355366, 30.665887594492933, 32.61110908227732, 34.629368586349194, 29.611109082277324, 30.57459007413359, 34.59284957820546, 32.519811561917976, 29.592849578205456, 31.538071065989847, 32.57459007413359, 32.53807106598985, 36.55633057006172, 34.66588759449293]}