{"time": [3.317337989807129, 3.0677239894866943, 2.776308059692383, 3.0462372303009033, 3.2996697425842285, 2.732828140258789, 3.0978598594665527, 2.739042282104492, 2.5257179737091064, 2.851398229598999, 3.036759853363037, 3.324856996536255, 3.4579999446868896, 2.9930081367492676, 2.8939971923828125, 2.9138410091400146, 2.899275541305542, 2.869171380996704, 2.800086736679077, 2.819973945617676], "LL": [-45585.28144569826, -45585.28144568445, -45585.28144575272, -45585.28144567843, -45585.281445680055, -45585.281446581015, -45585.28144574384, -45585.28144579189, -45585.28144584754, -45585.281445731, -45585.28144575198, -45585.281445701024, -45585.28144577865, -45585.2814458633, -45585.2814456856, -45585.28144602695, -45585.28144572602, -45585.28144650803, -45585.281445696266, -45585.28144570379], "epochs": [16.50155205784611, 14.48329255377424, 12.46503304970237, 14.46503304970237, 15.538071065989847, 11.48329255377424, 14.48329255377424, 11.501552057846109, 9.48329255377424, 12.501552057846109, 13.51981156191798, 16.50155205784611, 17.50155205784611, 13.501552057846109, 12.48329255377424, 12.538071065989847, 12.538071065989847, 12.538071065989847, 11.51981156191798, 11.538071065989847]}