{"time": [6.0758562088012695, 6.076828241348267, 6.089618682861328, 6.071741104125977, 6.040191173553467, 6.082233905792236, 6.046439170837402, 6.013937711715698, 6.048485279083252, 6.082633972167969, 6.072007656097412, 6.056639671325684, 6.095276355743408, 6.041013240814209, 6.051307678222656, 6.082583665847778, 6.060995817184448, 6.030309200286865, 6.0072081089019775, 5.980967044830322], "LL": [45585.28144577021, 45585.28144577021, 45585.28144577021, 45585.28144577021, 45585.28144577021, 45585.28144577021, 45585.28144577021, 45585.28144577021, 45585.28144577021, 45585.28144577021, 45585.28144577021, 45585.28144577021, 45585.28144577021, 45585.28144577021, 45585.28144577021, 45585.28144577021, 45585.28144577021, 45585.28144577021, 45585.28144577021, 45585.28144577021], "epochs": [42.0, 42.0, 42.0, 42.0, 42.0, 42.0, 42.0, 42.0, 42.0, 42.0, 42.0, 42.0, 42.0, 42.0, 42.0, 42.0, 42.0, 42.0, 42.0, 42.0]}