{"time": [89.80151128768921, 88.68074440956116, 89.42587208747864, 89.47365355491638, 89.47903728485107, 88.62787699699402, 88.68405508995056, 89.58923554420471, 89.36163997650146, 89.24146151542664, 89.09949707984924, 87.99676632881165, 87.81656980514526, 87.9783308506012, 89.65421938896179, 89.68387746810913, 89.52409291267395, 89.58000254631042, 89.52487659454346, 89.39826345443726], "LL": [45932.206469012526, 45932.206469012526, 45932.206469012526, 45932.206469012526, 45932.206469012526, 45932.206469012526, 45932.206469012526, 45932.206469012526, 45932.206469012526, 45932.206469012526, 45932.206469012526, 45932.206469012526, 45932.206469012526, 45932.206469012526, 45932.206469012526, 45932.206469012526, 45932.206469012526, 45932.206469012526, 45932.206469012526, 45932.206469012526], "epochs": [1000.0, 1000.0, 1000.0, 1000.0, 1000.0, 1000.0, 1000.0, 1000.0, 1000.0, 1000.0, 1000.0, 1000.0, 1000.0, 1000.0, 1000.0, 1000.0, 1000.0, 1000.0, 1000.0, 1000.0]}