{"time": [4.162525653839111, 4.643984794616699, 5.027559518814087, 4.661382436752319, 4.495666027069092, 4.434525966644287, 4.43088436126709, 4.233627557754517, 4.627009630203247, 4.5069849491119385, 4.797045707702637, 4.057857513427734, 4.563782691955566, 4.530500650405884, 4.39113712310791, 4.781761407852173, 4.099745273590088, 4.771720886230469, 4.191362380981445, 4.281966686248779], "LL": [45585.281446278044, 45585.28144637553, 45585.281445668916, 45585.28144637524, 45585.28144636121, 45585.28144604963, 45585.281445985565, 45585.28144591236, 45585.28144580017, 45585.28144599794, 45585.28144575448, 45585.281446603156, 45585.281446115565, 45585.281447085756, 45585.281446605615, 45585.28144612648, 45585.28144615549, 45585.28144572388, 45585.28144603803, 45585.281445831264], "epochs": [36.53807106598985, 43.50155205784611, 48.48329255377424, 43.50155205784611, 41.50155205784611, 40.55633057006172, 40.519811561917976, 38.519811561917976, 43.50155205784611, 42.50155205784611, 45.50155205784611, 36.50155205784611, 42.519811561917976, 42.519811561917976, 40.48329255377424, 45.50155205784611, 37.50155205784611, 45.46503304970237, 37.55633057006172, 39.50155205784611]}