{"time": [12.516335248947144, 13.180880546569824, 12.727801322937012, 13.07612919807434, 14.08241868019104, 14.767752170562744, 11.18948245048523, 13.19112253189087, 13.613243818283081, 12.54068398475647, 14.09494948387146, 14.589789867401123, 14.022071599960327, 15.198028087615967, 15.376540422439575, 15.34594988822937, 11.717386722564697, 13.886070966720581, 13.023659229278564, 13.702958345413208], "LL": [45585.28144657109, 45585.28144874866, 45585.28144704457, 45585.281446515895, 45585.28144661079, 45585.28144927292, 45585.281447467496, 45585.2814464339, 45585.28144590275, 45585.28144659564, 45585.281449332644, 45585.281446902256, 45585.28144584085, 45585.28144669276, 45585.28144751624, 45585.28144574799, 45585.28144740878, 45585.28144599824, 45585.28144708654, 45585.281446844754], "epochs": [129.53807106598984, 136.61110908227732, 130.6293685863492, 134.6293685863492, 146.5745900741336, 156.5015520578461, 112.73892561078041, 133.73892561078043, 140.5745900741336, 130.46503304970236, 146.53807106598984, 153.5015520578461, 142.72066610670853, 158.51981156191798, 161.5015520578461, 159.55633057006173, 116.70240660263667, 144.46503304970236, 133.59284957820546, 142.51981156191798]}