{"time": [0.9033360481262207, 0.853083610534668, 0.8837928771972656, 0.8982656002044678, 0.8923721313476562, 0.8842802047729492, 0.8907375335693359, 0.8725936412811279, 0.8874459266662598, 0.8944013118743896, 0.876655101776123, 0.8623409271240234, 0.8801679611206055, 0.8697521686553955, 0.882042646408081, 0.8928625583648682, 0.877709150314331, 0.8803040981292725, 0.9026124477386475, 0.8827474117279053], "LL": [45585.281445665045, 45585.281445665045, 45585.281445665045, 45585.281445665045, 45585.281445665045, 45585.281445665045, 45585.281445665045, 45585.281445665045, 45585.281445665045, 45585.281445665045, 45585.281445665045, 45585.281445665045, 45585.281445665045, 45585.281445665045, 45585.281445665045, 45585.281445665045, 45585.281445665045, 45585.281445665045, 45585.281445665045, 45585.281445665045], "epochs": [8.0, 8.0, 8.0, 8.0, 8.0, 8.0, 8.0, 8.0, 8.0, 8.0, 8.0, 8.0, 8.0, 8.0, 8.0, 8.0, 8.0, 8.0, 8.0, 8.0]}