{"time": [63.104628, 62.570746, 62.637213, 62.846484, 62.415721, 62.677712, 62.549264, 62.508511, 62.837906, 62.546163, 62.697174, 62.635929, 62.519477, 62.572708, 62.525326, 62.676943, 62.81766, 62.761711, 62.432246, 62.597391], "LL": [-18367.205285751876, -18367.205285751876, -18367.205285751876, -18367.205285751876, -18367.205285751876, -18367.205285751876, -18367.205285751876, -18367.205285751876, -18367.205285751876, -18367.205285751876, -18367.205285751876, -18367.205285751876, -18367.205285751876, -18367.205285751876, -18367.205285751876, -18367.205285751876, -18367.205285751876, -18367.205285751876, -18367.205285751876, -18367.205285751876], "epochs": [787, 787, 787, 787, 787, 787, 787, 787, 787, 787, 787, 787, 787, 787, 787, 787, 787, 787, 787, 787]}