{"time": [65.213281, 65.18502, 65.024233, 65.023573, 65.012579, 65.087717, 65.329742, 65.097137, 65.106063, 65.242103, 65.272148, 65.238641, 65.2213, 65.119571, 65.194347, 65.096505, 65.147908, 65.18771, 65.303665, 65.223464], "LL": [-18367.205285751876, -18367.205285751876, -18367.205285751876, -18367.205285751876, -18367.205285751876, -18367.205285751876, -18367.205285751876, -18367.205285751876, -18367.205285751876, -18367.205285751876, -18367.205285751876, -18367.205285751876, -18367.205285751876, -18367.205285751876, -18367.205285751876, -18367.205285751876, -18367.205285751876, -18367.205285751876, -18367.205285751876, -18367.205285751876], "epochs": [787, 787, 787, 787, 787, 787, 787, 787, 787, 787, 787, 787, 787, 787, 787, 787, 787, 787, 787, 787]}