{"time": [9.984296798706055, 8.787254810333252, 8.38262391090393, 8.805484294891357, 8.4263334274292, 8.631015539169312, 8.557300329208374, 9.241563081741333, 8.483211994171143, 9.516189336776733, 8.415488481521606, 8.075486898422241, 8.430713891983032, 8.379249811172485, 8.587860822677612, 9.238128662109375, 10.256132364273071, 10.015165090560913, 8.866817235946655, 8.383568048477173], "LL": [-18367.196108408738, -18367.196108414475, -18367.196108522327, -18367.196108413973, -18367.1961084303, -18367.196108438467, -18367.196108429736, -18367.19610841818, -18367.19610841726, -18367.19610841406, -18367.196108431854, -18367.196108620086, -18367.19610840839, -18367.196108454595, -18367.19610840858, -18367.19610841017, -18367.196108408727, -18367.196108406777, -18367.196108420143, -18367.19610842328], "epochs": [10.911420045127011, 10.76584904287066, 9.729456292306573, 10.838634543998836, 10.729456292306573, 11.693063541742486, 10.76584904287066, 10.984205546255186, 10.729456292306573, 13.43991556881869, 10.729456292306573, 9.729456292306573, 10.729456292306573, 9.802241793434748, 10.76584904287066, 11.838634543998836, 11.275347550767886, 12.984205546255186, 9.911420045127011, 9.838634543998836]}