{"time": [30.263198375701904, 33.415470361709595, 29.652315855026245, 31.311383485794067, 30.189466953277588, 31.21655535697937, 30.5215802192688, 30.117350578308105, 26.626715898513794, 29.931849479675293, 28.731683015823364, 29.56091284751892, 29.966984510421753, 27.867858409881592, 28.176050901412964, 29.91060495376587, 30.072255849838257, 29.993305206298828, 30.024245262145996, 28.510662317276], "LL": [-18367.19611317724, -18367.196109429504, -18367.19611638889, -18367.196113154256, -18367.196111462887, -18367.196111060275, -18367.196110225144, -18367.196109322336, -18367.196111446705, -18367.196109721895, -18367.196109392255, -18367.196127592906, -18367.196116981297, -18367.19612553801, -18367.196119289805, -18367.19611374539, -18367.196118421805, -18367.196113207217, -18367.196120835768, -18367.19611031287], "epochs": [68.69306354174249, 79.91142004512702, 69.69306354174249, 71.80224179343475, 69.72945629230657, 69.83863454399884, 69.87502729456293, 69.72945629230657, 60.72945629230657, 71.69306354174249, 61.91142004512701, 67.69306354174249, 69.98420554625518, 62.72945629230657, 64.76584904287066, 65.9478127956911, 64.98420554625518, 64.2389548002038, 69.76584904287066, 63.05699104738336]}