{"time": [28.23866868019104, 30.05942678451538, 29.281153917312622, 30.311295747756958, 34.58933401107788, 28.038626194000244, 27.7423996925354, 31.551690101623535, 29.16444730758667, 28.050322771072388, 24.963685989379883, 31.32673144340515, 30.04094386100769, 35.390801191329956, 32.03429388999939, 29.83289670944214, 29.7660870552063, 29.063785791397095, 26.260658979415894, 28.674567461013794], "LL": [-18367.196108565586, -18367.19611284668, -18367.196108481836, -18367.196108855598, -18367.196108582168, -18367.196108782784, -18367.196112448277, -18367.196109880355, -18367.196108481196, -18367.196118176424, -18367.196119385837, -18367.196108670272, -18367.196108454496, -18367.19610864655, -18367.196109894612, -18367.196117205065, -18367.19611697767, -18367.196109474546, -18367.19610884732, -18367.196125961815], "epochs": [9.693063541742486, 10.693063541742486, 9.729456292306573, 10.693063541742486, 11.802241793434748, 9.838634543998836, 9.693063541742486, 10.802241793434748, 9.911420045127011, 9.729456292306573, 8.729456292306573, 10.729456292306573, 10.112380813741904, 11.802241793434748, 10.76584904287066, 9.729456292306573, 9.802241793434748, 9.802241793434748, 8.911420045127011, 9.729456292306573]}