{"time": [10.844675779342651, 12.476625442504883, 14.971476554870605, 10.716261625289917, 12.385117530822754, 11.520177364349365, 11.167008399963379, 14.412665843963623, 10.937848091125488, 11.653810501098633, 12.336669445037842, 13.256896018981934, 11.35390329360962, 10.677972793579102, 13.487879753112793, 11.598678588867188, 11.102259159088135, 12.7776780128479, 10.75565791130066, 11.164589166641235], "LL": [-18367.196108435426, -18367.19610843188, -18367.196108418055, -18367.196108467026, -18367.196108498472, -18367.196108503245, -18367.196108430115, -18367.196108430668, -18367.196108415315, -18367.196108438817, -18367.196108409822, -18367.19610844585, -18367.19610848957, -18367.196108440286, -18367.196108429987, -18367.1961084135, -18367.19610844137, -18367.196108411667, -18367.196108432574, -18367.196108434804], "epochs": [12.729456292306573, 14.275347550767886, 16.85763155979329, 13.693063541742486, 19.729456292306573, 15.76584904287066, 13.802241793434748, 19.38452580246015, 12.802241793434748, 15.729456292306573, 15.9478127956911, 20.802241793434746, 14.838634543998836, 11.802241793434748, 17.129776548511536, 13.838634543998836, 12.802241793434748, 17.838634543998836, 12.729456292306573, 13.729456292306573]}