{"time": [11.29915189743042, 9.560457944869995, 9.287449598312378, 9.019593238830566, 9.739466667175293, 9.441127300262451, 9.91802716255188, 10.475876331329346, 9.559516191482544, 10.456356287002563, 9.71380352973938, 9.179470539093018, 9.731630086898804, 9.716397047042847, 14.63942265510559, 9.3831045627594, 10.322959184646606, 9.653403043746948, 9.838411092758179, 10.140414714813232], "LL": [-18367.196109398214, -18367.19610963305, -18367.19610916973, -18367.19611084128, -18367.19611159307, -18367.196108756158, -18367.19610926081, -18367.19611076401, -18367.196109678247, -18367.19610892424, -18367.196109816483, -18367.19610879432, -18367.19610951796, -18367.19610993191, -18367.196110234203, -18367.196109603257, -18367.19610942265, -18367.19610915238, -18367.196110698253, -18367.196108978034], "epochs": [13.275347550767886, 13.76584904287066, 13.693063541742486, 12.693063541742486, 12.911420045127011, 13.729456292306573, 14.802241793434748, 12.275347550767886, 13.76584904287066, 14.020598296819273, 13.76584904287066, 11.838634543998836, 14.729456292306573, 13.838634543998836, 15.403522818254604, 13.729456292306573, 15.85763155979329, 14.729456292306573, 13.838634543998836, 14.838634543998836]}