{"time": [11.270311832427979, 10.18800663948059, 9.969909906387329, 10.869747161865234, 10.22379207611084, 9.65651822090149, 10.446373701095581, 9.697934627532959, 9.543161392211914, 9.535109281539917, 10.50637674331665, 10.35175633430481, 11.293992280960083, 10.46898102760315, 9.796972751617432, 10.889519691467285, 9.335845947265625, 8.989274263381958, 9.354716300964355, 10.497632265090942], "LL": [-18367.196110705998, -18367.196109321223, -18367.196110506673, -18367.196111587058, -18367.196110149005, -18367.196109143082, -18367.19610862182, -18367.196108700522, -18367.196109047112, -18367.19610994711, -18367.196108649787, -18367.196111497175, -18367.196110039935, -18367.196108842803, -18367.196109270677, -18367.196111335656, -18367.196109152057, -18367.196108565116, -18367.19610885246, -18367.196111123245], "epochs": [16.76584904287066, 15.693063541742486, 14.729456292306573, 13.166169299075625, 13.875027294562923, 13.729456292306573, 13.9478127956911, 13.729456292306573, 13.693063541742486, 12.76584904287066, 13.056991047383361, 14.802241793434748, 14.166169299075625, 15.76584904287066, 13.802241793434748, 13.275347550767886, 13.693063541742486, 12.693063541742486, 13.693063541742486, 12.311740301331975]}