{"time": [9.68854546546936, 9.37472939491272, 9.350658416748047, 8.698827028274536, 9.509505271911621, 8.39914321899414, 8.672001838684082, 8.23878812789917, 10.733570575714111, 8.462641954421997, 9.140491485595703, 9.55538010597229, 10.86846923828125, 8.29225754737854, 8.962111234664917, 9.247782468795776, 8.885481357574463, 8.723928928375244, 8.055294752120972, 8.69129490852356], "LL": [-18367.196108406875, -18367.196108406777, -18367.196108412652, -18367.196108408814, -18367.196108409025, -18367.196108415912, -18367.196108412405, -18367.196108474578, -18367.196108407257, -18367.1961084157, -18367.196108407807, -18367.196108407814, -18367.196108461692, -18367.196108432054, -18367.1961084196, -18367.196108433134, -18367.196108430362, -18367.196108406788, -18367.196108476568, -18367.196108406606], "epochs": [10.9478127956911, 10.984205546255186, 11.930417060921464, 11.693063541742486, 13.022199577844095, 10.729456292306573, 10.76584904287066, 9.76584904287066, 11.420918553024238, 9.802241793434748, 11.802241793434748, 11.020598296819273, 10.566489555280588, 9.729456292306573, 11.729456292306573, 11.512701069946868, 10.802241793434748, 11.693063541742486, 9.693063541742486, 10.76584904287066]}