{"time": [27.631062269210815, 25.984108209609985, 26.664266109466553, 27.027604579925537, 30.174443006515503, 23.641526222229004, 29.139232873916626, 25.503573179244995, 26.27755045890808, 26.599495887756348, 32.47798776626587, 32.04667663574219, 25.633803606033325, 31.17699670791626, 29.700877904891968, 31.089494943618774, 24.049381971359253, 27.343010187149048, 28.00953197479248, 26.54227328300476], "LL": [-18367.196109136545, -18367.196110478122, -18367.19611231823, -18367.196111419886, -18367.19611270086, -18367.196125749077, -18367.196108504235, -18367.19612532096, -18367.19610880876, -18367.196115309755, -18367.196109000488, -18367.19611045539, -18367.196108531803, -18367.1961084473, -18367.196108534183, -18367.19610857051, -18367.196108634427, -18367.19610881379, -18367.19610891489, -18367.19610858159], "epochs": [9.838634543998836, 9.693063541742486, 9.76584904287066, 9.9478127956911, 10.9478127956911, 8.729456292306573, 10.729456292306573, 9.693063541742486, 9.693063541742486, 9.729456292306573, 11.911420045127011, 11.802241793434748, 9.693063541742486, 11.76584904287066, 10.802241793434748, 11.257951815998254, 8.729456292306573, 9.729456292306573, 9.875027294562923, 9.693063541742486]}