{"time": [310.59149742126465, 311.2211663722992, 312.03992772102356, 309.887273311615, 310.249235868454, 309.85697841644287, 312.96534037590027, 311.1874611377716, 308.8519744873047, 311.6752178668976, 310.3824977874756, 311.1517753601074, 311.57921147346497, 310.5370976924896, 309.3522870540619, 312.6420123577118, 308.395156621933, 310.7390441894531, 309.5265066623688, 309.06763982772827], "LL": [-19351.499686004252, -19360.910381669368, -19223.876387617056, -19382.27143815685, -19356.04685804194, -19376.77663828485, -19172.143976606054, -19210.33920357624, -19426.10674390137, -19342.715423764268, -19422.92137449146, -19262.310982977488, -19330.972925528382, -19310.537912290292, -19433.84886892479, -19215.741270675626, -19461.70161924795, -19343.159965801682, -19425.58992097925, -19451.129218944145], "epochs": [1000.0569910473833, 1000.7294562923066, 1000.6930635417425, 1000.6202780406143, 1000.5838852900501, 1000.911420045127, 1000.5838852900501, 1000.9478127956911, 1000.6930635417425, 1000.6202780406143, 1000.8022417934347, 1000.7294562923066, 1000.0395953126138, 1000.1661692990756, 1000.4209185530242, 1000.911420045127, 1000.6930635417425, 1000.7658490428706, 1000.8386345439989, 1000.6202780406143]}