{"time": [169.01093101501465, 169.64959955215454, 169.67205095291138, 170.02321410179138, 169.46670818328857, 170.3131012916565, 169.33624124526978, 169.50982308387756, 169.38487553596497, 168.6804621219635, 169.82262420654297, 169.77535700798035, 168.55770254135132, 168.77417588233948, 169.1713511943817, 169.96957063674927, 170.10542583465576, 167.7325735092163, 168.62765550613403, 169.54061579704285], "LL": [-18367.19611007538, -18367.196109077795, -18367.196109524375, -18367.196109177192, -18367.196109482484, -18367.196109239427, -18367.196109001343, -18367.196111136334, -18367.19610894696, -18367.196109905406, -18367.196108689244, -18367.196111708432, -18367.196111138473, -18367.196109656754, -18367.19610951334, -18367.19610992722, -18367.196109945082, -18367.19610886749, -18367.19610891039, -18367.196114176273], "epochs": [444.12977654851153, 446.911420045127, 445.9478127956911, 447.0205982968193, 444.9478127956911, 447.9478127956911, 444.8750272945629, 445.2389548002038, 445.911420045127, 443.83863454399886, 446.1661692990756, 446.12977654851153, 442.8750272945629, 444.1661692990756, 444.98420554625517, 445.05699104738335, 447.80224179343475, 441.2025620496397, 443.12977654851153, 445.83863454399886]}