{"time": [61.34691572189331, 60.965949296951294, 62.36452889442444, 60.55114006996155, 60.50579786300659, 61.412378787994385, 61.195982694625854, 60.52192568778992, 60.14418911933899, 61.427112102508545, 60.91212725639343, 61.10197162628174, 60.252957344055176, 60.404489040374756, 61.48348832130432, 60.92545294761658, 60.053407430648804, 60.689318895339966, 60.63009262084961, 60.357385873794556], "LL": [-21241.30371347871, -21099.089029610368, -20410.735754439294, -21332.29360145922, -21741.811525496756, -21151.47071096878, -20838.576994482704, -21601.36718663702, -21808.204657611615, -21004.909320569488, -21706.598667718914, -21384.0315799539, -21763.12845850146, -21651.59116444091, -20846.77526689019, -21373.25234460994, -21485.188119912338, -21226.642430174492, -21709.73765445538, -21536.130400323575], "epochs": [200.5838852900502, 200.5838852900502, 200.05699104738335, 200.5838852900502, 200.5838852900502, 200.62027804061432, 200.6930635417425, 200.62027804061432, 200.6930635417425, 200.72945629230657, 200.65667079117839, 200.0205982968193, 200.5838852900502, 200.6930635417425, 200.5838852900502, 200.98420554625517, 200.5838852900502, 200.62027804061432, 200.9478127956911, 200.65667079117839]}