{"time": [171.50894379615784, 171.05810475349426, 171.91623520851135, 169.6300506591797, 169.6258351802826, 166.17497491836548, 171.60614371299744, 170.9598445892334, 170.83132028579712, 168.48787665367126, 169.15854716300964, 168.74170756340027, 167.94613480567932, 170.45055055618286, 169.382493019104, 170.60982823371887, 170.9542989730835, 171.88017201423645, 167.11335253715515, 168.62590074539185], "LL": [-18367.196111712023, -18367.196109460212, -18367.19610898668, -18367.196110447112, -18367.19610898797, -18367.19611287413, -18367.19611333319, -18367.19611322476, -18367.196109416764, -18367.19611024007, -18367.196109099383, -18367.19611135915, -18367.196109998393, -18367.196111758585, -18367.196109499288, -18367.19610897324, -18367.196110570014, -18367.196109061475, -18367.19610944852, -18367.196109771605], "epochs": [449.911420045127, 451.0205982968193, 452.0205982968193, 445.911420045127, 445.1661692990756, 437.8750272945629, 450.98420554625517, 448.98420554625517, 449.09338379794747, 441.0205982968193, 443.911420045127, 442.9478127956911, 437.98420554625517, 446.98420554625517, 445.911420045127, 447.98420554625517, 449.83863454399886, 451.8750272945629, 437.8750272945629, 442.0205982968193]}