{"time": [74.9814100265503, 74.62043237686157, 74.35190773010254, 74.56021118164062, 74.48017191886902, 74.56425833702087, 74.6169662475586, 74.53369164466858, 74.6567747592926, 74.47476053237915, 74.3276720046997, 74.40310072898865, 74.46163272857666, 74.38051652908325, 74.43680906295776, 74.35138058662415, 74.42594146728516, 74.40276980400085, 74.43734312057495, 74.60333776473999], "LL": [-18371.603702245346, -18371.49944785998, -18371.525596526702, -18371.58125025302, -18371.539658775422, -18371.541695077456, -18371.61912241047, -18371.69181742217, -18371.46354140517, -18371.461647753586, -18371.44691792829, -18371.49366811118, -18371.43030726815, -18371.65139399934, -18371.613805448986, -18371.643141952878, -18371.78425348411, -18371.485025482885, -18371.89714601038, -18371.647384669304], "epochs": [200.87502729456293, 200.80224179343475, 200.83863454399884, 200.12977654851153, 200.80224179343475, 200.87502729456293, 200.91142004512702, 200.09338379794747, 200.87502729456293, 200.98420554625517, 200.83863454399884, 200.98420554625517, 200.98420554625517, 200.83863454399884, 200.9478127956911, 200.80224179343475, 200.83863454399884, 200.83863454399884, 200.83863454399884, 200.87502729456293]}