{"time": [76.01925706863403, 75.52712059020996, 75.17637395858765, 75.23125147819519, 74.8530592918396, 74.90956020355225, 75.3741102218628, 75.75730729103088, 74.51336312294006, 75.29847455024719, 75.32768750190735, 75.70650887489319, 74.2793185710907, 75.00823950767517, 75.13947820663452, 74.87535953521729, 75.00233769416809, 74.817946434021, 75.08153462409973, 74.9001955986023], "LL": [-18372.024178686184, -18371.85056492916, -18372.38145605021, -18372.14739871779, -18372.04636328468, -18372.343264564657, -18372.20855879492, -18371.719316787618, -18372.952350112744, -18372.6901471986, -18371.975766077838, -18371.924168841655, -18372.801885635283, -18372.527632895457, -18372.025683699434, -18372.788969179386, -18372.17133974501, -18373.03486708451, -18372.427992048728, -18372.390462996267], "epochs": [200.98420554625517, 200.5300968047165, 200.91142004512702, 200.0205982968193, 200.91142004512702, 200.87502729456293, 200.12977654851153, 200.98420554625517, 200.31174030133198, 200.91142004512702, 200.9478127956911, 200.12977654851153, 200.83863454399884, 200.9478127956911, 200.2389548002038, 200.05699104738335, 200.05699104738335, 200.87502729456293, 200.91142004512702, 200.2389548002038]}