{"time": [184.1738212108612, 184.02531814575195, 184.5258674621582, 184.43291187286377, 184.49073266983032, 184.38055109977722, 184.276850938797, 184.83413171768188, 183.62146258354187, 183.4522225856781, 183.6983687877655, 183.3476002216339, 183.40781617164612, 183.3620617389679, 183.26631689071655, 183.9234654903412, 183.30501246452332, 183.45253777503967, 183.19087886810303, 183.49022221565247], "LL": [-18367.196109897774, -18367.196109897774, -18367.196109897774, -18367.196109897774, -18367.196109897774, -18367.196109897774, -18367.196109897774, -18367.196109897774, -18367.196109897774, -18367.196109897774, -18367.196109897774, -18367.196109897774, -18367.196109897774, -18367.196109897774, -18367.196109897774, -18367.196109897774, -18367.196109897774, -18367.196109897774, -18367.196109897774, -18367.196109897774], "epochs": [480.0, 480.0, 480.0, 480.0, 480.0, 480.0, 480.0, 480.0, 480.0, 480.0, 480.0, 480.0, 480.0, 480.0, 480.0, 480.0, 480.0, 480.0, 480.0, 480.0]}