{"time": [177.57336592674255, 177.3425850868225, 177.8896210193634, 177.4761061668396, 177.85639357566833, 177.72020411491394, 177.21444702148438, 178.05650782585144, 177.84254050254822, 177.84736609458923, 177.55685782432556, 177.78740525245667, 177.57874369621277, 177.3911497592926, 178.16632175445557, 177.78075098991394, 177.73964190483093, 177.49832963943481, 177.60804390907288, 177.18545651435852], "LL": [-18367.196109627243, -18367.196109627243, -18367.196109627243, -18367.196109627243, -18367.196109627243, -18367.196109627243, -18367.196109627243, -18367.196109627243, -18367.196109627243, -18367.196109627243, -18367.196109627243, -18367.196109627243, -18367.196109627243, -18367.196109627243, -18367.196109627243, -18367.196109627243, -18367.196109627243, -18367.196109627243, -18367.196109627243, -18367.196109627243], "epochs": [468.0, 468.0, 468.0, 468.0, 468.0, 468.0, 468.0, 468.0, 468.0, 468.0, 468.0, 468.0, 468.0, 468.0, 468.0, 468.0, 468.0, 468.0, 468.0, 468.0]}