{"time": [74.6135995388031, 73.98296475410461, 74.27219891548157, 74.17648124694824, 74.39580941200256, 74.36583948135376, 74.10430073738098, 74.34896159172058, 74.14163494110107, 74.02873086929321, 74.15542316436768, 74.10059762001038, 74.1918613910675, 74.32146549224854, 74.27145600318909, 74.26719164848328, 74.27936625480652, 74.1894474029541, 74.21242308616638, 74.34435033798218], "LL": [-18375.28665446063, -18375.28665446063, -18375.28665446063, -18375.28665446063, -18375.28665446063, -18375.28665446063, -18375.28665446063, -18375.28665446063, -18375.28665446063, -18375.28665446063, -18375.28665446063, -18375.28665446063, -18375.28665446063, -18375.28665446063, -18375.28665446063, -18375.28665446063, -18375.28665446063, -18375.28665446063, -18375.28665446063, -18375.28665446063], "epochs": [200.0, 200.0, 200.0, 200.0, 200.0, 200.0, 200.0, 200.0, 200.0, 200.0, 200.0, 200.0, 200.0, 200.0, 200.0, 200.0, 200.0, 200.0, 200.0, 200.0]}