{"time": [74.0651125907898, 73.64792656898499, 73.83182835578918, 74.06341052055359, 73.76810598373413, 73.7046890258789, 73.82371807098389, 73.79338526725769, 73.77942061424255, 73.95613527297974, 73.96837711334229, 73.70162963867188, 73.70105242729187, 73.76616191864014, 73.82038998603821, 73.96909737586975, 73.88592529296875, 73.92248725891113, 73.99446249008179, 73.70645809173584], "LL": [-18373.31600551159, -18373.31600551159, -18373.31600551159, -18373.31600551159, -18373.31600551159, -18373.31600551159, -18373.31600551159, -18373.31600551159, -18373.31600551159, -18373.31600551159, -18373.31600551159, -18373.31600551159, -18373.31600551159, -18373.31600551159, -18373.31600551159, -18373.31600551159, -18373.31600551159, -18373.31600551159, -18373.31600551159, -18373.31600551159], "epochs": [200.0, 200.0, 200.0, 200.0, 200.0, 200.0, 200.0, 200.0, 200.0, 200.0, 200.0, 200.0, 200.0, 200.0, 200.0, 200.0, 200.0, 200.0, 200.0, 200.0]}