{"time": [303.5945143699646, 303.6169466972351, 303.18549942970276, 302.6489255428314, 303.33347940444946, 302.79276180267334, 303.10133504867554, 303.14435482025146, 303.18649768829346, 303.4181056022644, 303.2201979160309, 303.31469559669495, 303.40209341049194, 302.98463439941406, 302.9993009567261, 303.4640727043152, 302.88212180137634, 303.1176497936249, 303.31061267852783, 303.47736644744873], "LL": [-19460.1039010847, -19460.1039010847, -19460.1039010847, -19460.1039010847, -19460.1039010847, -19460.1039010847, -19460.1039010847, -19460.1039010847, -19460.1039010847, -19460.1039010847, -19460.1039010847, -19460.1039010847, -19460.1039010847, -19460.1039010847, -19460.1039010847, -19460.1039010847, -19460.1039010847, -19460.1039010847, -19460.1039010847, -19460.1039010847], "epochs": [1000.0, 1000.0, 1000.0, 1000.0, 1000.0, 1000.0, 1000.0, 1000.0, 1000.0, 1000.0, 1000.0, 1000.0, 1000.0, 1000.0, 1000.0, 1000.0, 1000.0, 1000.0, 1000.0, 1000.0]}