{"time": [61.593814849853516, 61.14685106277466, 61.08204627037048, 61.059690952301025, 61.03331279754639, 61.19235968589783, 61.01388955116272, 61.0082221031189, 61.089728593826294, 61.29093146324158, 61.07577633857727, 60.95541191101074, 61.007715940475464, 60.85448622703552, 61.2530574798584, 61.17400765419006, 61.04419136047363, 61.198830127716064, 61.29253149032593, 61.12452292442322], "LL": [-21797.420686989306, -21797.420686989306, -21797.420686989306, -21797.420686989306, -21797.420686989306, -21797.420686989306, -21797.420686989306, -21797.420686989306, -21797.420686989306, -21797.420686989306, -21797.420686989306, -21797.420686989306, -21797.420686989306, -21797.420686989306, -21797.420686989306, -21797.420686989306, -21797.420686989306, -21797.420686989306, -21797.420686989306, -21797.420686989306], "epochs": [200.0, 200.0, 200.0, 200.0, 200.0, 200.0, 200.0, 200.0, 200.0, 200.0, 200.0, 200.0, 200.0, 200.0, 200.0, 200.0, 200.0, 200.0, 200.0, 200.0]}