{"time": [34.3333375453949, 35.20280146598816, 35.0194137096405, 34.968613624572754, 35.71352481842041, 35.546247482299805, 35.07514524459839, 35.04649615287781, 37.425570011138916, 35.6589720249176, 35.688716411590576, 35.819169759750366, 35.925533056259155, 36.21453499794006, 37.23170733451843, 36.76625967025757, 37.64940142631531, 37.552685499191284, 37.17820358276367, 36.9208664894104], "LL": [-18367.196108793785, -18367.196108793785, -18367.196108793785, -18367.196108793785, -18367.196108793785, -18367.196108793785, -18367.196108793785, -18367.196108793785, -18367.196108793785, -18367.196108793785, -18367.196108793785, -18367.196108793785, -18367.196108793785, -18367.196108793785, -18367.196108793785, -18367.196108793785, -18367.196108793785, -18367.196108793785, -18367.196108793785, -18367.196108793785], "epochs": [12.0, 12.0, 12.0, 12.0, 12.0, 12.0, 12.0, 12.0, 12.0, 12.0, 12.0, 12.0, 12.0, 12.0, 12.0, 12.0, 12.0, 12.0, 12.0, 12.0]}