{"time": [33.074883699417114, 32.96101093292236, 32.896421909332275, 33.12400722503662, 32.61089062690735, 32.93503189086914, 32.99592423439026, 32.784340620040894, 33.05038905143738, 33.58438539505005, 32.91903638839722, 33.645354986190796, 33.32602548599243, 32.966994524002075, 33.42853403091431, 32.592384338378906, 32.5930118560791, 33.1134090423584, 32.808953285217285, 33.25129818916321], "LL": [-18367.196108793785, -18367.196108793785, -18367.196108793785, -18367.196108793785, -18367.196108793785, -18367.196108793785, -18367.196108793785, -18367.196108793785, -18367.196108793785, -18367.196108793785, -18367.196108793785, -18367.196108793785, -18367.196108793785, -18367.196108793785, -18367.196108793785, -18367.196108793785, -18367.196108793785, -18367.196108793785, -18367.196108793785, -18367.196108793785], "epochs": [12.0, 12.0, 12.0, 12.0, 12.0, 12.0, 12.0, 12.0, 12.0, 12.0, 12.0, 12.0, 12.0, 12.0, 12.0, 12.0, 12.0, 12.0, 12.0, 12.0]}