{"time": [6.923255443572998, 7.617688179016113, 43.34114074707031, 7.176079273223877, 7.789454936981201, 6.8280065059661865, 43.43877363204956, 43.168418169021606, 44.521681785583496, 7.187475204467773, 43.43416929244995, 44.848002672195435, 7.699976682662964, 6.817143201828003, 43.06172561645508, 47.383814334869385, 43.12548828125, 6.693370819091797, 43.61247897148132, 6.837828874588013], "LL": [-18367.19612019815, -18367.19612781744, -18367.196117322568, -18367.196133850503, -18367.196118448534, -18367.196118170676, -18367.196122339596, -18367.196133124202, -18367.196120287295, -18367.196121636058, -18367.1961313335, -18367.196112444468, -18367.19612053082, -18367.196125250957, -18367.196119909553, -18367.19614985894, -18367.196135382637, -18367.196122113328, -18367.19613142341, -18367.196120212782], "epochs": [9.583885290050222, 10.838634543998836, 200.65667079117839, 9.76584904287066, 10.911420045127011, 10.62027804061431, 200.6930635417425, 200.62027804061432, 200.09338379794747, 11.656670791178398, 200.6930635417425, 200.2389548002038, 12.76584904287066, 8.729456292306573, 200.62027804061432, 200.148773564306, 200.62027804061432, 9.62027804061431, 200.76584904287066, 8.729456292306573]}