{"time": [189.01002502441406, 202.93161273002625, 202.32178115844727, 196.38582825660706, 197.8070957660675, 191.23094820976257, 191.0747103691101, 185.81936359405518, 185.964702129364, 195.6536979675293, 181.3044319152832, 190.91149282455444, 190.76678943634033, 196.92678785324097, 177.44321823120117, 206.26386165618896, 213.9854998588562, 202.27535700798035, 191.39283227920532, 200.28591418266296], "LL": [-18367.1961274349, -18367.19612348935, -18367.196129228923, -18367.19612890376, -18367.196121343153, -18367.196120757704, -18367.196128955144, -18367.19612750506, -18367.196128543103, -18367.19612810674, -18367.19612846345, -18367.196126633644, -18367.196128159343, -18367.196132896366, -18367.196128083327, -18367.196127687712, -18367.196128136136, -18367.196126749408, -18367.19612484813, -18367.19612628094], "epochs": [812.6282844457385, 878.5191061940461, 877.4273236771235, 847.1361816726107, 854.9004294344567, 824.208967173739, 823.0649974525074, 798.1377829536357, 801.1741757041998, 844.446320692918, 779.7374626974306, 820.319746706456, 820.7738554479947, 849.4273236771235, 764.1915714389694, 888.6646771963025, 925.9558192008152, 872.6456801805081, 823.9922119513793, 865.3545381759953]}