{"time": [30.889456272125244, 40.52109694480896, 34.58545541763306, 30.28127098083496, 32.0637366771698, 36.605430364608765, 25.151927947998047, 35.88291621208191, 34.821654081344604, 39.18348932266235, 38.5593056678772, 36.29093956947327, 38.060471057891846, 19.117677927017212, 41.8811354637146, 33.9349422454834, 42.51208806037903, 43.332045793533325, 39.567546129226685, 26.163516521453857], "LL": [-18367.196110267534, -18367.196108740784, -18367.196113792852, -18367.196116726325, -18367.196109014156, -18367.19610983345, -18367.196108955526, -18367.196108471624, -18367.196109273762, -18367.196108638494, -18367.196109387263, -18367.196108661235, -18367.19610891417, -18367.196112752394, -18367.196109116907, -18367.196108458145, -18367.196108954853, -18367.196109777444, -18367.196108491535, -18367.196109185046], "epochs": [124.87502729456293, 171.16616929907562, 148.65667079117839, 126.62027804061431, 134.6930635417425, 158.65667079117839, 97.83863454399884, 154.62027804061432, 147.6930635417425, 171.62027804061432, 169.62027804061432, 157.62027804061432, 162.80224179343475, 64.98420554625518, 180.9478127956911, 144.65667079117839, 184.83863454399884, 181.34813305189607, 172.62027804061432, 103.72945629230657]}