{"time": [49.19970893859863, 46.635780811309814, 46.89094042778015, 49.39238715171814, 49.365721225738525, 51.29348945617676, 52.92675423622131, 53.05182719230652, 48.44858407974243, 48.4245548248291, 51.25154948234558, 52.523091077804565, 51.56358289718628, 51.56188678741455, 49.1096305847168, 52.3484890460968, 51.60419297218323, 50.84039235115051, 51.31649947166443, 55.05916452407837], "LL": [-18367.196108406377, -18367.196108406755, -18367.196108406446, -18367.19610840759, -18367.19610840653, -18367.1961084065, -18367.19610840637, -18367.196108406562, -18367.196108406373, -18367.196108406377, -18367.196108406373, -18367.196108406482, -18367.19610840652, -18367.196108406504, -18367.196108406373, -18367.19610840712, -18367.19610840638, -18367.196108406373, -18367.196108406464, -18367.196109084125], "epochs": [17.064997452507463, 16.33714244122571, 16.446320692917972, 16.33714244122571, 16.846640949122936, 17.028604701943372, 17.465317708712426, 16.883033699687026, 16.40992794235388, 16.33714244122571, 16.91942645025111, 17.465317708712426, 16.519106194046145, 16.737462697430672, 16.33714244122571, 17.10139020307155, 16.883033699687026, 16.883033699687026, 16.810248198558845, 16.5381032098406]}