{"time": [39.255255937576294, 49.80147409439087, 52.30390787124634, 45.11576271057129, 49.87854552268982, 48.58793640136719, 54.09435296058655, 45.64990592002869, 41.51508545875549, 51.463523387908936, 54.60774850845337, 48.822476625442505, 35.716145753860474, 58.39789414405823, 52.98727202415466, 58.478397846221924, 54.52764344215393, 51.64542245864868, 37.845526933670044, 52.322773933410645], "LL": [-18367.196109240143, -18367.196109045177, -18367.196109688153, -18367.196110437348, -18367.196109045555, -18367.196109565226, -18367.196128221218, -18367.196108913617, -18367.19610938403, -18367.196109418262, -18367.19611014, -18367.196109556327, -18367.196111113713, -18367.196109461296, -18367.19610994117, -18367.196108600856, -18367.196112143254, -18367.196108469147, -18367.196109076056, -18367.196109290846], "epochs": [99.10139020307155, 154.55549894461024, 164.62828444573842, 123.57449596040469, 157.40992794235387, 147.62828444573842, 170.9194264502511, 134.9922119513793, 108.81024819855884, 158.81024819855884, 182.3371424412257, 150.48271344348206, 83.24696120532789, 194.73746269743066, 168.7010699468666, 198.44632069291796, 176.2469612053279, 164.51910619404615, 94.59189169517433, 169.44632069291796]}