{"time": [46.62655305862427, 45.95317792892456, 46.02242660522461, 46.09406328201294, 46.16985821723938, 46.191810607910156, 45.97908806800842, 45.990641593933105, 46.217175245285034, 46.13952302932739, 46.24030089378357, 46.11745762825012, 46.22849082946777, 46.101383447647095, 46.066004276275635, 46.13343000411987, 46.00834512710571, 46.35407614707947, 46.542439699172974, 46.22408723831177], "LL": [-18370.336422165557, -18370.30302789674, -18370.24877036609, -18370.265388928558, -18370.270371358758, -18370.27479961915, -18370.28739534524, -18370.29387655559, -18370.189501647837, -18370.189110620817, -18370.20033412816, -18370.328908335225, -18370.33882906237, -18370.243239273383, -18370.28347103116, -18370.301414901263, -18370.291050882966, -18370.198293119392, -18370.09123802715, -18370.26912486989], "epochs": [200.56648955528058, 200.91142004512702, 200.0205982968193, 200.12977654851153, 200.05699104738335, 200.09338379794747, 200.31174030133198, 200.05699104738335, 200.16616929907562, 200.87502729456293, 200.12977654851153, 200.05699104738335, 200.98420554625517, 200.05699104738335, 200.0205982968193, 200.9478127956911, 200.05699104738335, 200.2753475507679, 200.09338379794747, 200.67566780697285]}