{"time": [20.78099226951599, 496.51120018959045, 17.99215054512024, 491.4586851596832, 21.01209330558777, 20.145967960357666, 32.33310842514038, 25.33949041366577, 496.65721797943115, 498.66446232795715, 507.4571318626404, 32.21890926361084, 19.88044786453247, 18.451902151107788, 18.389230251312256, 509.06422686576843, 512.5727393627167, 21.029093265533447, 508.3992991447449, 505.8037896156311], "LL": [-18367.19611994112, -18367.19611263173, -18367.196129684828, -18367.196142724857, -18367.196132079618, -18367.19611801806, -18367.1961176288, -18367.196122088288, -18367.196135201186, -18367.196140693213, -18367.196119650158, -18367.19612447821, -18367.196122425303, -18367.19611955341, -18367.196124002436, -18367.196135511902, -18367.19613362037, -18367.196127354833, -18367.1961366955, -18367.1961427947], "epochs": [7.6566707911783976, 200.6930635417425, 6.6566707911783976, 200.16616929907562, 7.76584904287066, 7.693063541742485, 12.62027804061431, 9.656670791178398, 200.5838852900502, 200.2025620496397, 200.76584904287066, 12.62027804061431, 7.2389548002038, 6.6566707911783976, 6.947812795691099, 200.2389548002038, 200.98420554625517, 7.76584904287066, 200.83863454399884, 200.6930635417425]}