{"time": [226.64376831054688, 227.42455506324768, 227.52772760391235, 227.85825443267822, 227.4448492527008, 228.0352499485016, 227.95856308937073, 228.4180142879486, 227.96470141410828, 228.2206678390503, 227.392831325531, 228.21621537208557, 228.1593656539917, 228.89381527900696, 228.17446041107178, 228.39626169204712, 227.4778835773468, 227.4189796447754, 227.18883156776428, 227.84302616119385], "LL": [-18367.196129022188, -18367.196129022188, -18367.196129022188, -18367.196129022188, -18367.196129022188, -18367.196129022188, -18367.196129022188, -18367.196129022188, -18367.196129022188, -18367.196129022188, -18367.196129022188, -18367.196129022188, -18367.196129022188, -18367.196129022188, -18367.196129022188, -18367.196129022188, -18367.196129022188, -18367.196129022188, -18367.196129022188, -18367.196129022188], "epochs": [989.0, 989.0, 989.0, 989.0, 989.0, 989.0, 989.0, 989.0, 989.0, 989.0, 989.0, 989.0, 989.0, 989.0, 989.0, 989.0, 989.0, 989.0, 989.0, 989.0]}