{"time": [45.362964153289795, 44.88219666481018, 45.138286113739014, 44.85068941116333, 44.97865033149719, 44.87727093696594, 44.81965231895447, 44.88410687446594, 44.906901121139526, 44.93108916282654, 44.99609589576721, 44.916680335998535, 45.12207078933716, 45.02582621574402, 44.96406149864197, 44.91053485870361, 45.008033990859985, 45.15230584144592, 45.10603094100952, 44.819106578826904], "LL": [-18372.394658905334, -18372.394658905334, -18372.394658905334, -18372.394658905334, -18372.394658905334, -18372.394658905334, -18372.394658905334, -18372.394658905334, -18372.394658905334, -18372.394658905334, -18372.394658905334, -18372.394658905334, -18372.394658905334, -18372.394658905334, -18372.394658905334, -18372.394658905334, -18372.394658905334, -18372.394658905334, -18372.394658905334, -18372.394658905334], "epochs": [200.0, 200.0, 200.0, 200.0, 200.0, 200.0, 200.0, 200.0, 200.0, 200.0, 200.0, 200.0, 200.0, 200.0, 200.0, 200.0, 200.0, 200.0, 200.0, 200.0]}