{"time": [22.701317071914673, 23.352408170700073, 23.051501035690308, 23.042787075042725, 23.037667274475098, 23.65306782722473, 23.38203454017639, 23.510762691497803, 24.19345784187317, 23.627824544906616, 23.829574584960938, 24.59138011932373, 23.679182052612305, 23.821590900421143, 23.227306127548218, 23.587963819503784, 24.006861925125122, 24.239458560943604, 23.54145073890686, 24.48271679878235], "LL": [-18367.196108406377, -18367.196108406377, -18367.196108406377, -18367.196108406377, -18367.196108406377, -18367.196108406377, -18367.196108406377, -18367.196108406377, -18367.196108406377, -18367.196108406377, -18367.196108406377, -18367.196108406377, -18367.196108406377, -18367.196108406377, -18367.196108406377, -18367.196108406377, -18367.196108406377, -18367.196108406377, -18367.196108406377, -18367.196108406377], "epochs": [8.0, 8.0, 8.0, 8.0, 8.0, 8.0, 8.0, 8.0, 8.0, 8.0, 8.0, 8.0, 8.0, 8.0, 8.0, 8.0, 8.0, 8.0, 8.0, 8.0]}