{"time": [486.9137508869171, 485.7063219547272, 488.7784173488617, 486.3107478618622, 485.12339997291565, 485.9428811073303, 487.24305510520935, 487.245858669281, 483.54637360572815, 488.8882734775543, 486.74005675315857, 484.3521201610565, 483.88857221603394, 485.93461418151855, 485.62913727760315, 483.7140562534332, 483.0772476196289, 487.7811017036438, 485.30677938461304, 485.71916365623474], "LL": [-18367.196124992606, -18367.196124992606, -18367.196124992606, -18367.196124992606, -18367.196124992606, -18367.196124992606, -18367.196124992606, -18367.196124992606, -18367.196124992606, -18367.196124992606, -18367.196124992606, -18367.196124992606, -18367.196124992606, -18367.196124992606, -18367.196124992606, -18367.196124992606, -18367.196124992606, -18367.196124992606, -18367.196124992606, -18367.196124992606], "epochs": [200.0, 200.0, 200.0, 200.0, 200.0, 200.0, 200.0, 200.0, 200.0, 200.0, 200.0, 200.0, 200.0, 200.0, 200.0, 200.0, 200.0, 200.0, 200.0, 200.0]}