{"time": [0.8717362880706787, 0.4615030288696289, 0.4428715705871582, 0.4470789432525635, 0.4400670528411865, 0.44727277755737305, 0.44881248474121094, 0.4487161636352539, 0.4523189067840576, 0.4448580741882324, 0.44558072090148926, 0.4472184181213379, 0.4453291893005371, 0.44185590744018555, 0.4445934295654297, 0.43991732597351074, 0.4551112651824951, 0.45079779624938965, 0.4445488452911377, 0.4514505863189697], "LL": [-22651.942594288823, -22651.942594288823, -22651.942594288823, -22651.942594288823, -22651.942594288823, -22651.942594288823, -22651.942594288823, -22651.942594288823, -22651.942594288823, -22651.942594288823, -22651.942594288823, -22651.942594288823, -22651.942594288823, -22651.942594288823, -22651.942594288823, -22651.942594288823, -22651.942594288823, -22651.942594288823, -22651.942594288823, -22651.942594288823], "epochs": [29, 29, 29, 29, 29, 29, 29, 29, 29, 29, 29, 29, 29, 29, 29, 29, 29, 29, 29, 29]}