{"time": [2.1786653995513916, 1.5760819911956787, 1.551121711730957, 1.561356782913208, 1.6019062995910645, 1.5689444541931152, 1.5539069175720215, 1.5724737644195557, 1.5577049255371094, 1.5605096817016602, 1.5677719116210938, 1.5601582527160645, 1.5669922828674316, 1.5523111820220947, 1.5541589260101318, 1.547654151916504, 1.5514247417449951, 1.5789077281951904, 1.5407583713531494, 1.5509607791900635], "LL": [-22651.94331817805, -22651.94331817805, -22651.94331817805, -22651.94331817805, -22651.94331817805, -22651.94331817805, -22651.94331817805, -22651.94331817805, -22651.94331817805, -22651.94331817805, -22651.94331817805, -22651.94331817805, -22651.94331817805, -22651.94331817805, -22651.94331817805, -22651.94331817805, -22651.94331817805, -22651.94331817805, -22651.94331817805, -22651.94331817805], "epochs": [122, 122, 122, 122, 122, 122, 122, 122, 122, 122, 122, 122, 122, 122, 122, 122, 122, 122, 122, 122]}