{"time": [2.222749948501587, 1.6181387901306152, 1.6288256645202637, 1.6167376041412354, 1.6126112937927246, 1.7849574089050293, 1.6193504333496094, 1.6297051906585693, 1.607527494430542, 1.5997602939605713, 1.621281385421753, 1.617326021194458, 1.61564302444458, 1.6197421550750732, 1.6260697841644287, 1.6163709163665771, 1.6312010288238525, 1.599506139755249, 1.6052017211914062, 1.625627040863037], "LL": [-22651.94331817805, -22651.94331817805, -22651.94331817805, -22651.94331817805, -22651.94331817805, -22651.94331817805, -22651.94331817805, -22651.94331817805, -22651.94331817805, -22651.94331817805, -22651.94331817805, -22651.94331817805, -22651.94331817805, -22651.94331817805, -22651.94331817805, -22651.94331817805, -22651.94331817805, -22651.94331817805, -22651.94331817805, -22651.94331817805], "epochs": [122, 122, 122, 122, 122, 122, 122, 122, 122, 122, 122, 122, 122, 122, 122, 122, 122, 122, 122, 122]}