{"time": [1.5118286609649658, 1.5922908782958984, 1.7459187507629395, 1.7474596500396729, 1.6266846656799316, 1.7034296989440918, 1.722947359085083, 1.7118611335754395, 1.4877934455871582, 1.5901002883911133, 1.616866111755371, 1.637969732284546, 1.6603686809539795, 1.7844302654266357, 1.5981857776641846, 1.5996830463409424, 1.540285587310791, 1.7703447341918945, 1.818361759185791, 1.7010862827301025], "LL": [22651.942594738743, 22651.942594346485, 22651.942594382926, 22651.94259435507, 22651.94259527086, 22651.94259540772, 22651.942594288415, 22651.942594283406, 22651.942594285887, 22651.94259434558, 22651.942594309716, 22651.942594534652, 22651.942594760447, 22651.94259450065, 22651.942594526183, 22651.94259465889, 22651.942594379405, 22651.942594289558, 22651.942594291042, 22651.942594329426], "epochs": [11.62027804061431, 13.693063541742486, 15.729456292306573, 14.802241793434748, 14.656670791178398, 14.76584904287066, 15.656670791178398, 15.62027804061431, 12.693063541742486, 13.656670791178398, 14.62027804061431, 14.656670791178398, 13.802241793434748, 14.875027294562923, 14.656670791178398, 13.656670791178398, 12.729456292306573, 16.693063541742486, 17.6566707911784, 14.76584904287066]}