{"time": [2.973637580871582, 2.6632332801818848, 2.6794166564941406, 2.942652702331543, 2.858595132827759, 2.7441647052764893, 2.849134922027588, 2.840878963470459, 3.1070783138275146, 2.910811424255371, 3.141366720199585, 2.6323187351226807, 2.8919992446899414, 2.8684780597686768, 2.910447120666504, 2.8498222827911377, 2.8293426036834717, 2.9848673343658447, 2.6286261081695557, 2.8904223442077637], "LL": [22651.94259576557, 22651.942595357727, 22651.942594394288, 22651.942594381788, 22651.942594299024, 22651.942594402957, 22651.942594485, 22651.9425948914, 22651.942595154567, 22651.94259467098, 22651.942594787248, 22651.94259457892, 22651.94259452864, 22651.94259447891, 22651.942594369844, 22651.9425943276, 22651.942594297732, 22651.942594541102, 22651.942594448017, 22651.94259461771], "epochs": [30.76584904287066, 26.729456292306573, 27.693063541742486, 31.62027804061431, 30.6566707911784, 28.693063541742486, 29.802241793434746, 30.62027804061431, 34.62027804061431, 32.62027804061431, 34.69306354174249, 27.62027804061431, 31.6566707911784, 31.62027804061431, 31.693063541742486, 30.6566707911784, 30.6566707911784, 32.69306354174249, 27.62027804061431, 30.693063541742486]}