{"time": [1.7688934803009033, 1.7197401523590088, 1.550232172012329, 1.7096376419067383, 1.9141268730163574, 1.9754548072814941, 1.71311354637146, 1.6335985660552979, 1.6721129417419434, 1.8636987209320068, 1.7068426609039307, 1.5667088031768799, 1.7234227657318115, 1.920440435409546, 1.6297824382781982, 1.8219082355499268, 2.150259017944336, 1.9595189094543457, 1.8452949523925781, 1.8382177352905273], "LL": [-22651.94259429237, -22651.9425943081, -22651.942594311822, -22651.942594644042, -22651.94259429687, -22651.9425942859, -22651.942594290715, -22651.94259445858, -22651.942594302785, -22651.942594316857, -22651.94259429699, -22651.942594294935, -22651.942594306827, -22651.942594323795, -22651.942594327957, -22651.942594318436, -22651.942594296343, -22651.942594294276, -22651.94259430678, -22651.942594367236], "epochs": [13.693063541742486, 12.76584904287066, 10.656670791178398, 12.656670791178398, 15.656670791178398, 16.693063541742486, 12.656670791178398, 11.693063541742486, 12.62027804061431, 14.729456292306573, 12.656670791178398, 11.62027804061431, 12.693063541742486, 16.62027804061431, 10.729456292306573, 14.62027804061431, 19.693063541742486, 16.693063541742486, 14.802241793434748, 14.656670791178398]}