{"time": [3.570061445236206, 3.8914339542388916, 4.19683837890625, 4.3590967655181885, 3.992799758911133, 4.679142475128174, 4.699121952056885, 4.851923227310181], "LL": [-22651.942594324155, -22651.94259432026, -22651.942594288674, -22651.94259432637, -22651.94259430252, -22651.942594320026, -22651.942594314238, -22651.942594298434], "epochs": [11.652449232112962, 12.762136982313123, 12.732222141349443, 14.752165368658563, 12.712278914040322, 12.672392459422083, 12.811995050585923, 13.672392459422083]}