{"time": [3.358626365661621, 3.3795158863067627, 3.406142234802246, 3.4930286407470703, 3.6791107654571533, 3.174262762069702, 3.570722818374634, 3.4476335048675537, 3.34533429145813, 3.416501760482788, 3.570117235183716, 3.4119436740875244, 3.192172050476074, 3.2073585987091064, 3.346392869949341, 3.5871431827545166, 3.418952703475952, 3.4947307109832764, 3.372702121734619, 3.613903284072876], "LL": [22651.94259430451, 22651.94259685985, 22651.942594547327, 22651.94259434308, 22651.94259434899, 22651.942594310152, 22651.94259439935, 22651.942594545537, 22651.942594452583, 22651.942594328215, 22651.942594663517, 22651.942594549986, 22651.942594744236, 22651.94259436011, 22651.94259486178, 22651.94259428363, 22651.94259441149, 22651.942594316242, 22651.942596052144, 22651.94259478908], "epochs": [33.802241793434746, 33.72945629230657, 32.765849042870656, 33.802241793434746, 36.802241793434746, 29.76584904287066, 35.765849042870656, 33.802241793434746, 31.76584904287066, 33.765849042870656, 35.838634543998836, 33.69306354174249, 31.802241793434746, 31.802241793434746, 32.802241793434746, 35.838634543998836, 33.72945629230657, 34.72945629230657, 32.765849042870656, 37.72945629230657]}