{"time": [2.4048519134521484, 2.346937656402588, 2.3719210624694824, 2.3431692123413086, 2.3413188457489014, 2.301717758178711, 2.36635422706604, 2.3561737537384033, 2.370706081390381, 2.3595757484436035, 2.3775858879089355, 2.3671727180480957, 2.354238510131836, 2.3545970916748047, 2.3571624755859375, 2.3660364151000977, 2.372912883758545, 2.3459737300872803, 2.364712953567505, 2.367084503173828], "LL": [-22651.942594304102, -22651.942594304102, -22651.942594304102, -22651.942594304102, -22651.942594304102, -22651.942594304102, -22651.942594304102, -22651.942594304102, -22651.942594304102, -22651.942594304102, -22651.942594304102, -22651.942594304102, -22651.942594304102, -22651.942594304102, -22651.942594304102, -22651.942594304102, -22651.942594304102, -22651.942594304102, -22651.942594304102, -22651.942594304102], "epochs": [29.0, 29.0, 29.0, 29.0, 29.0, 29.0, 29.0, 29.0, 29.0, 29.0, 29.0, 29.0, 29.0, 29.0, 29.0, 29.0, 29.0, 29.0, 29.0, 29.0]}