{"time": [1.2106845378875732, 1.185133457183838, 1.215369462966919, 1.1938142776489258, 1.1932423114776611, 1.203305959701538, 1.202733039855957, 1.2081096172332764, 1.2084667682647705, 1.2000865936279297, 1.191098690032959, 1.187023639678955, 1.208387851715088, 1.190445899963379, 1.1834113597869873, 1.2021732330322266, 1.1930744647979736, 1.1902174949645996, 1.2022347450256348, 1.1925253868103027], "LL": [22651.94259432521, 22651.94259432521, 22651.94259432521, 22651.94259432521, 22651.94259432521, 22651.94259432521, 22651.94259432521, 22651.94259432521, 22651.94259432521, 22651.94259432521, 22651.94259432521, 22651.94259432521, 22651.94259432521, 22651.94259432521, 22651.94259432521, 22651.94259432521, 22651.94259432521, 22651.94259432521, 22651.94259432521, 22651.94259432521], "epochs": [17.0, 17.0, 17.0, 17.0, 17.0, 17.0, 17.0, 17.0, 17.0, 17.0, 17.0, 17.0, 17.0, 17.0, 17.0, 17.0, 17.0, 17.0, 17.0, 17.0]}