{"time": [3.014249324798584, 2.5822665691375732, 2.8011152744293213, 2.6861205101013184, 2.7552170753479004, 2.7867908477783203, 2.8299787044525146, 2.769735336303711, 3.001859188079834, 2.863267660140991, 2.932075023651123, 3.1417174339294434, 3.068005323410034, 2.841463327407837, 2.755606174468994, 2.9413068294525146, 2.759906053543091, 2.4990158081054688, 2.7677085399627686, 2.66768741607666], "LL": [-22651.942594496308, -22651.94259446727, -22651.942595501117, -22651.94259487202, -22651.94259428895, -22651.942594677563, -22651.94259454216, -22651.94259433894, -22651.942594307147, -22651.94259512825, -22651.942594405395, -22651.94259436144, -22651.94259431195, -22651.94259469098, -22651.94259432717, -22651.942594881042, -22651.942594299187, -22651.94259434144, -22651.94259459154, -22651.942594329485], "epochs": [42.62027804061431, 34.58388529005022, 38.58388529005022, 34.62027804061431, 36.62027804061431, 37.6566707911784, 37.838634543998836, 38.58388529005022, 41.69306354174249, 39.6566707911784, 40.69306354174249, 45.62027804061431, 43.72945629230657, 39.62027804061431, 37.62027804061431, 42.62027804061431, 37.62027804061431, 32.6566707911784, 37.62027804061431, 35.765849042870656]}