{"time": [0.9235224723815918, 0.917945384979248, 0.9392902851104736, 0.8957352638244629, 0.8642146587371826, 0.8984622955322266, 0.876537561416626, 0.9660849571228027, 0.8912868499755859, 0.9036102294921875, 0.8813436031341553, 0.8772573471069336, 0.8827598094940186, 0.919316291809082, 0.900501012802124, 0.8831636905670166, 0.8821794986724854, 0.9489045143127441, 0.9019172191619873, 0.9310619831085205], "LL": [22651.942594283846, 22651.94259430238, 22651.94259428341, 22651.942594292475, 22651.942594283966, 22651.94259429385, 22651.942594298227, 22651.94259428341, 22651.942594286596, 22651.94259428651, 22651.942594283853, 22651.9425942836, 22651.942594285276, 22651.94259428352, 22651.94259429025, 22651.94259428609, 22651.94259428393, 22651.942594283493, 22651.94259428714, 22651.94259428409], "epochs": [5.693063541742485, 5.693063541742485, 6.6566707911783976, 5.6566707911783976, 5.5838852900502225, 5.6566707911783976, 5.6566707911783976, 6.693063541742485, 5.729456292306573, 5.6566707911783976, 5.620278040614309, 5.620278040614309, 5.620278040614309, 5.693063541742485, 5.6566707911783976, 5.6566707911783976, 5.620278040614309, 5.802241793434748, 5.729456292306573, 5.729456292306573]}