{"time": [1.2180631160736084, 1.1483871936798096, 1.196152925491333, 1.144002914428711, 1.2098896503448486, 1.1599292755126953, 1.1580836772918701, 1.1835064888000488, 1.1900887489318848, 1.1805336475372314, 1.2184953689575195, 1.1928234100341797, 1.173126459121704, 1.1788158416748047, 1.1634104251861572, 1.170273780822754, 1.1921775341033936, 1.1531023979187012, 1.1792266368865967, 1.177321195602417], "LL": [-22651.942594283402, -22651.942594292927, -22651.942594283402, -22651.94259428391, -22651.942594283453, -22651.942594307002, -22651.94259428676, -22651.94259428386, -22651.9425942834, -22651.942594283457, -22651.942594283402, -22651.942594283406, -22651.94259428413, -22651.942594283413, -22651.942594297572, -22651.94259428414, -22651.942594296263, -22651.942594299187, -22651.94259428683, -22651.94259428378], "epochs": [6.620278040614309, 5.6566707911783976, 6.620278040614309, 5.620278040614309, 5.6566707911783976, 5.620278040614309, 5.693063541742485, 5.693063541742485, 6.5838852900502225, 5.620278040614309, 6.620278040614309, 6.6566707911783976, 5.6566707911783976, 6.620278040614309, 5.620278040614309, 5.620278040614309, 5.6566707911783976, 5.5838852900502225, 5.6566707911783976, 5.620278040614309]}