{"time": [7.568452835083008, 7.878226041793823, 7.155504465103149, 9.050836563110352, 7.080560922622681, 8.027776956558228, 7.597978591918945, 7.826853036880493, 8.459686994552612, 7.558494329452515, 9.090695858001709, 8.434329986572266, 7.9895875453948975, 7.990917205810547, 7.356938123703003, 8.214372158050537, 8.113810300827026, 8.619694232940674, 8.48142385482788, 7.903903245925903], "LL": [-22651.94259442296, -22651.942594312757, -22651.94259430675, -22651.94259609199, -22651.94259445391, -22651.942594813198, -22651.9425946215, -22651.942594342916, -22651.942594383003, -22651.942594331435, -22651.942594501066, -22651.942594310705, -22651.942594305212, -22651.94259470094, -22651.942594323253, -22651.94259514041, -22651.942594603035, -22651.94259435864, -22651.9425944092, -22651.942594479406], "epochs": [113.76584904287066, 118.02059829681927, 107.76584904287066, 140.34813305189607, 104.87502729456293, 121.80224179343475, 113.80224179343475, 119.6566707911784, 128.42091855302425, 113.80224179343475, 139.9478127956911, 129.80224179343475, 122.69306354174249, 121.34813305189607, 110.87502729456293, 127.72945629230657, 121.05699104738336, 134.65667079117839, 130.80224179343475, 121.76584904287066]}