{"time": [6.405047178268433, 8.580469608306885, 7.1413209438323975, 7.100389003753662, 7.672398567199707, 7.577907562255859, 7.3169543743133545, 7.614710092544556, 6.558443069458008, 5.785975217819214, 6.38789439201355, 7.359991550445557, 7.480046987533569, 6.808321237564087, 7.425350189208984, 6.739259243011475, 6.958946943283081, 6.927022695541382, 7.115527391433716, 7.632694244384766], "LL": [22651.942594660497, 22651.942594317912, 22651.942594357806, 22651.942594380398, 22651.942594346307, 22651.94259430716, 22651.942594407825, 22651.942595298846, 22651.942594359793, 22651.94259571523, 22651.94259431156, 22651.942594400378, 22651.942594865737, 22651.942594340017, 22651.942595468066, 22651.942594867025, 22651.94259491795, 22651.942594446133, 22651.942594371718, 22651.94259596852], "epochs": [115.72945629230657, 161.76584904287066, 129.91142004512702, 126.60288230584467, 145.62027804061432, 139.4573113035883, 134.76584904287066, 138.2753475507679, 115.45731130358833, 102.83863454399884, 110.69466482276731, 136.72945629230657, 139.72945629230657, 124.6566707911784, 138.6930635417425, 120.09338379794745, 127.72945629230657, 124.16616929907562, 128.9478127956911, 141.72945629230657]}