{"time": [6.8856706619262695, 6.848766326904297, 6.849457263946533, 6.824013948440552, 6.830018758773804, 6.851258039474487, 6.890077114105225, 6.862713098526001, 6.879854202270508, 7.300478219985962, 6.847350597381592, 6.878976583480835, 6.906272888183594, 6.853681325912476, 6.8936474323272705, 6.9357240200042725, 6.858614444732666, 6.838731527328491, 6.873921155929565, 6.909502983093262], "LL": [-22651.942594534135, -22651.942594534135, -22651.942594534135, -22651.942594534135, -22651.942594534135, -22651.942594534135, -22651.942594534135, -22651.942594534135, -22651.942594534135, -22651.942594534135, -22651.942594534135, -22651.942594534135, -22651.942594534135, -22651.942594534135, -22651.942594534135, -22651.942594534135, -22651.942594534135, -22651.942594534135, -22651.942594534135, -22651.942594534135], "epochs": [132.0, 132.0, 132.0, 132.0, 132.0, 132.0, 132.0, 132.0, 132.0, 132.0, 132.0, 132.0, 132.0, 132.0, 132.0, 132.0, 132.0, 132.0, 132.0, 132.0]}