{"time": [0.5875234603881836, 0.5708563327789307, 0.573920488357544, 0.5980813503265381, 0.5698692798614502, 0.5733330249786377, 0.5734696388244629, 0.5776026248931885, 0.5863869190216064, 0.5826716423034668, 0.6050679683685303, 0.5816307067871094, 0.57861328125, 0.5793180465698242, 0.5702550411224365, 0.5733509063720703, 0.5705447196960449, 0.5786092281341553, 0.5741095542907715, 0.5738706588745117], "LL": [-22651.942594283417, -22651.942594283417, -22651.942594283417, -22651.942594283417, -22651.942594283417, -22651.942594283417, -22651.942594283417, -22651.942594283417, -22651.942594283417, -22651.942594283417, -22651.942594283417, -22651.942594283417, -22651.942594283417, -22651.942594283417, -22651.942594283417, -22651.942594283417, -22651.942594283417, -22651.942594283417, -22651.942594283417, -22651.942594283417], "epochs": [8.0, 8.0, 8.0, 8.0, 8.0, 8.0, 8.0, 8.0, 8.0, 8.0, 8.0, 8.0, 8.0, 8.0, 8.0, 8.0, 8.0, 8.0, 8.0, 8.0]}