{"time": [2535.660972, 2524.984543, 2484.408258, 2481.589514, 2483.016363, 2487.832232, 2490.20468, 2472.181119, 2472.918181, 2465.577044, 2471.793688, 2464.004901, 2469.680702, 2473.375338, 2470.180599, 2472.968871, 2468.046226, 2470.485563, 2474.938911, 2467.295414], "LL": [-35082.693303862325, -35082.693303862325, -35082.693303862325, -35082.693303862325, -35082.693303862325, -35082.693303862325, -35082.693303862325, -35082.693303862325, -35082.693303862325, -35082.693303862325, -35082.693303862325, -35082.693303862325, -35082.693303862325, -35082.693303862325, -35082.693303862325, -35082.693303862325, -35082.693303862325, -35082.693303862325, -35082.693303862325, -35082.693303862325], "epochs": [1531, 1531, 1531, 1531, 1531, 1531, 1531, 1531, 1531, 1531, 1531, 1531, 1531, 1531, 1531, 1531, 1531, 1531, 1531, 1531]}