{"time": [2423.446981, 2439.098801, 2435.137864, 2425.459768, 2371.172479, 2371.19783, 2372.002626, 2370.074051, 2368.961467, 2368.994423, 2365.975357, 2379.287378, 2376.011271, 2373.011759, 2375.007248, 2379.057378, 2375.30161, 2369.35229, 2376.613244, 2375.285274], "LL": [-35082.693303862325, -35082.693303862325, -35082.693303862325, -35082.693303862325, -35082.693303862325, -35082.693303862325, -35082.693303862325, -35082.693303862325, -35082.693303862325, -35082.693303862325, -35082.693303862325, -35082.693303862325, -35082.693303862325, -35082.693303862325, -35082.693303862325, -35082.693303862325, -35082.693303862325, -35082.693303862325, -35082.693303862325, -35082.693303862325], "epochs": [1531, 1531, 1531, 1531, 1531, 1531, 1531, 1531, 1531, 1531, 1531, 1531, 1531, 1531, 1531, 1531, 1531, 1531, 1531, 1531]}