{"time": [1112.4343173503876, 1073.1624503135681, 1083.2724196910858, 1083.6893846988678, 1078.8709156513214, 1085.0541698932648, 1074.2702114582062, 1080.4346916675568, 1091.440553188324, 1076.1352767944336, 1064.6639058589935, 1062.9709086418152, 1060.3883302211761, 1071.3572328090668, 1064.9260549545288, 1056.0598974227905, 1055.5008487701416, 1055.8406744003296, 1053.3164196014404, 1055.2371122837067], "LL": [-41447.45894884353, -42113.782448531376, -42178.70102071445, -42001.83146558421, -42267.209981795844, -41805.406014130276, -42230.37604294278, -42078.408492011775, -41552.48551291717, -41277.55918205425, -41325.31494276801, -41999.13859634912, -41627.77436120068, -41282.9145557177, -41937.1526329568, -42182.412695446525, -41864.26401751497, -41848.548853672735, -42030.75744035139, -42162.232550520384], "epochs": [200.5745900741336, 200.51981156191798, 200.5015520578461, 200.53807106598984, 200.5015520578461, 200.53807106598984, 200.5015520578461, 200.51981156191798, 200.73892561078043, 200.6841470985648, 200.5015520578461, 200.5015520578461, 200.5745900741336, 200.53807106598984, 200.79370412299602, 200.51981156191798, 200.53807106598984, 200.5745900741336, 200.61110908227732, 200.53807106598984]}