{"time": [5911.180055141449, 5763.322729349136, 5837.66729426384, 5885.072644948959, 5855.613194227219, 5841.034199714661, 5779.339785575867, 5793.927588224411, 5863.757527112961, 5751.170690059662, 5844.953070640564, 5868.730194807053, 5787.346028089523, 5762.406799554825, 5769.681128978729, 5770.224739789963, 5773.531220912933, 5863.2034957408905, 5775.20648765564, 5787.0639753341675], "LL": [-35082.61841179629, -35082.6184099064, -35082.61840694079, -35082.6184069958, -35082.61840711076, -35082.618407212554, -35082.61841216246, -35082.61841394133, -35082.618407044974, -35082.61841361364, -35082.618406936286, -35082.61840702567, -35082.61841127621, -35082.618411842435, -35082.61841390313, -35082.618413317534, -35082.61841321254, -35082.61840694118, -35082.61841046305, -35082.61841356255], "epochs": [835.6293685863492, 834.7571851148523, 845.6841470985648, 852.8119636270678, 848.6658875944929, 846.6658875944929, 836.7389256107804, 838.647628090421, 850.6293685863492, 834.7024066026366, 847.6841470985648, 850.939780155571, 839.6111090822774, 836.647628090421, 835.7206661067086, 836.7206661067086, 835.9215206514991, 849.7024066026366, 837.8667421392835, 839.5563305700617]}