{"time": [399.2216293811798, 322.74995493888855, 437.055162191391, 364.11015796661377, 354.7181165218353, 335.71104979515076, 339.53706979751587, 371.53890681266785, 356.3828430175781, 348.606671333313, 379.5089681148529, 388.2844502925873, 352.57877111434937, 318.3690948486328, 340.66476821899414, 335.03106236457825, 327.2272231578827, 332.1835904121399, 352.8601498603821, 316.21384596824646], "LL": [-35082.61840242023, -35082.618402439635, -35082.61840241285, -35082.61840243636, -35082.61840250174, -35082.61840242373, -35082.618402462, -35082.61840243164, -35082.61840242265, -35082.61840241309, -35082.618402452325, -35082.61840253231, -35082.61840245708, -35082.618402426546, -35082.61840241912, -35082.61840242295, -35082.618402420274, -35082.61840241735, -35082.61840278391, -35082.6184024146], "epochs": [17.958039659642843, 16.893547091261002, 18.231932220720886, 19.18997188036373, 17.62392725413578, 19.043895847788775, 18.062155351860643, 18.317788408866814, 20.682978490304205, 18.629368586349194, 17.866742139283495, 16.012818171858452, 20.664718986232334, 17.441332213417084, 19.080414855932514, 18.15345287221999, 19.646459482160466, 17.70240660263667, 18.902092539166638, 19.080414855932514]}