{"time": [2344.2498977184296, 2121.8156530857086, 2314.524538755417, 1862.6484968662262, 1898.629382610321, 2081.2853758335114, 2455.2602655887604, 1832.0036098957062, 2234.591977596283, 1545.4179298877716, 1737.6430308818817, 1758.859070777893, 1882.685961484909, 1876.5368418693542, 2207.3556835651398, 1805.1158874034882, 1997.5934429168701, 1911.9153923988342, 1779.1461975574493, 1993.9808795452118], "LL": [-35082.618407864626, -35082.618411258336, -35082.618406339825, -35082.618404282744, -35082.61840638249, -35082.61840732769, -35082.618409212366, -35082.61840533237, -35082.618405453264, -35082.618410269635, -35082.61840568258, -35082.61840772495, -35082.6184088293, -35082.61840555303, -35082.61840392829, -35082.618403749046, -35082.61840393263, -35082.61840864084, -35082.618404815, -35082.61840741419], "epochs": [16.556330570061718, 14.875287587189131, 17.140634700361538, 14.459591717488953, 14.775444618924151, 16.213672716649015, 19.140634700361538, 14.37800825329584, 17.390826425154295, 11.866742139283497, 13.51981156191798, 13.81196362706789, 14.51437022970456, 14.665887594492933, 17.080414855932514, 13.976299163714714, 15.647628090421065, 14.925793375451923, 13.738925610780411, 15.592849578205456]}