{"time": [1425.0206632614136, 1429.0854904651642, 1420.3986866474152, 1418.204512834549, 1425.8670275211334, 1420.959178686142, 1375.1986343860626, 1404.7912845611572, 1382.6038975715637, 1387.5379972457886, 1387.2751469612122, 1382.8358330726624, 1395.7765204906464, 1380.0012047290802, 1387.8022964000702, 1376.3949391841888, 1393.575178861618, 1388.0561094284058, 1391.847264289856, 1388.6533081531525], "LL": [-35563.86669600482, -35488.68424391506, -35547.250549579716, -35542.19592935848, -35489.995683582994, -35547.242259193205, -35545.15026154247, -35455.191092217145, -35538.88241685533, -35568.54616591935, -35542.52328440043, -35547.397841727856, -35529.93219504384, -35561.33717278001, -35539.13225245088, -35549.84225531324, -35516.22521429769, -35545.00071701955, -35549.63809286012, -35515.26496726428], "epochs": [200.10411569221782, 200.50582478179894, 200.81196362706788, 200.64762809042105, 200.77971734287695, 200.47785122156083, 200.61110908227732, 200.4145272614396, 200.92579337545192, 200.98057188766754, 200.01709089581126, 200.79370412299602, 200.48756527772707, 200.51981156191798, 200.8484826352116, 200.26845122886462, 200.64762809042105, 200.27272395281744, 200.53807106598984, 200.03535039988316]}