{"time": [1401.4294419288635, 1392.134607076645, 1376.9138960838318, 1357.423882484436, 1354.9430661201477, 1353.8430602550507, 1354.9377319812775, 1360.0083422660828, 1358.0447800159454, 1355.6002006530762, 1355.4635229110718, 1357.0007054805756, 1353.5594701766968, 1355.570702791214, 1355.9408383369446, 1355.930106639862, 1357.2956516742706, 1355.0285639762878, 1355.6872146129608, 1353.6634221076965], "LL": [-35431.56253216756, -35441.742563935215, -35449.002175842, -35446.19322411562, -35426.41909765677, -35441.464535550724, -35449.95000078951, -35445.33813198304, -35441.10858606075, -35444.88065015969, -35450.02939098336, -35440.98566024001, -35440.742351617344, -35425.40919261073, -35432.02892511285, -35445.12144751605, -35445.50223267091, -35444.80228887407, -35448.837737692265, -35447.34828103758], "epochs": [200.72066610670853, 200.90326114742723, 200.64762809042105, 200.66588759449292, 200.66588759449292, 200.64762809042105, 200.64762809042105, 200.90326114742723, 200.73892561078043, 200.70240660263667, 200.64762809042105, 200.70240660263667, 200.77544461892415, 200.90326114742723, 200.88500164335537, 200.70240660263667, 200.79370412299602, 200.66588759449292, 200.70240660263667, 200.66588759449292]}