{"time": [5601.9846885204315, 5504.552775621414, 5527.274353504181, 5523.412413358688, 5488.230231285095, 5514.0534110069275, 5478.781088113785, 5493.672748804092, 5475.850868225098, 5541.1942093372345, 5485.823481082916, 5504.815405130386, 5491.937264680862, 5526.604400634766, 5503.232885360718, 5519.222818851471, 5494.163251399994, 5495.014375209808, 5498.991923093796, 5501.5339550971985], "LL": [-39124.08133281156, -38751.09273140381, -38512.69230556685, -38808.6513051145, -39013.025984295076, -38595.42803638812, -39131.85148021851, -38990.131788690785, -39091.88703124717, -38518.283998231054, -39026.591824256466, -38668.237320939246, -38938.42162580167, -38854.639062717855, -38505.94599456474, -38864.55935761973, -39024.267587707756, -39036.65980621458, -39081.890720013034, -39021.16755753952], "epochs": [1000.5015520578461, 1000.6111090822774, 1000.519811561918, 1000.5928495782055, 1000.5015520578461, 1000.5015520578461, 1000.5015520578461, 1000.519811561918, 1000.519811561918, 1000.5015520578461, 1000.5015520578461, 1000.5015520578461, 1000.6658875944929, 1000.5928495782055, 1000.519811561918, 1000.5015520578461, 1000.4832925537743, 1000.5928495782055, 1000.5745900741335, 1000.519811561918]}