{"time": [436.6894357204437, 334.79190611839294, 364.7971019744873, 323.80909848213196, 365.9690353870392, 416.4041383266449, 353.51730251312256, 399.6385636329651, 327.3098874092102, 337.06908416748047, 326.3389678001404, 331.1856074333191, 335.6567506790161, 389.5879878997803, 444.97277879714966, 334.4973421096802, 404.33066606521606, 538.2406404018402, 376.0097210407257, 338.223445892334], "LL": [-35082.61840241521, -35082.61840246753, -35082.61840241602, -35082.618402439904, -35082.6184024366, -35082.618402421955, -35082.618402413515, -35082.618402421846, -35082.61840242334, -35082.618402429696, -35082.61840241842, -35082.6184025599, -35082.61840242197, -35082.61840241227, -35082.61840242742, -35082.61840242892, -35082.6184024165, -35082.618402411346, -35082.618402443084, -35082.61840241279], "epochs": [17.35974874922397, 18.629368586349194, 19.336047912938685, 17.51437022970456, 15.958039659642845, 18.268451228864624, 21.682978490304205, 18.1041156922178, 18.080414855932514, 19.629368586349194, 19.609940474016724, 17.647628090421065, 18.647628090421065, 19.04933718000219, 18.41452726143958, 20.249023116532157, 17.587408245992037, 18.043895847788775, 18.025636343716904, 23.477851221560822]}