{"time": [1178.46524643898, 1094.2529518604279, 925.99218583107, 1035.4191122055054, 1011.6557099819183, 928.2113111019135, 980.7155928611755, 962.294424533844, 866.2323367595673, 874.8826968669891, 810.5809934139252, 960.3457081317902, 874.7196125984192, 873.8662540912628, 939.4226059913635, 899.7398705482483, 903.6593675613403, 894.5178098678589, 856.0485820770264, 909.9670763015747], "LL": [-35082.618439143655, -35082.61840407867, -35082.61841506678, -35082.61840464389, -35082.61840792017, -35082.61840661883, -35082.61840435763, -35082.6184284075, -35082.618412519965, -35082.618406212954, -35082.61843689993, -35082.61841049581, -35082.618439103644, -35082.61841122246, -35082.61840410527, -35082.61841766535, -35082.61840354168, -35082.61841692512, -35082.618442381994, -35082.61843845822], "epochs": [90.8387685790454, 97.79797684694884, 100.893547091261, 96.67016031844575, 99.30497023700836, 97.62936858634919, 105.83022313113976, 99.88500164335537, 91.7066793265895, 91.87528758718913, 79.79370412299602, 96.92152065149911, 89.77544461892415, 92.55633057006172, 95.59284957820546, 93.53807106598984, 97.5745900741336, 96.27272395281744, 89.55633057006172, 90.90326114742723]}