{"time": [449.77825689315796, 384.1891918182373, 494.3843560218811, 500.180627822876, 386.1142976284027, 368.3866810798645, 441.2631325721741, 414.2196183204651, 376.22549962997437, 472.2635107040405, 378.51144337654114, 435.8248517513275, 363.520015001297, 355.80811834335327, 379.4156060218811, 399.91995429992676, 371.3236062526703, 363.53284192085266, 372.695547580719, 401.04072165489197], "LL": [-35082.61840241856, -35082.618402434244, -35082.618402426015, -35082.618402424145, -35082.61840241518, -35082.618402444685, -35082.618402420434, -35082.61840243677, -35082.6184024214, -35082.61840242833, -35082.61840241741, -35082.61840241581, -35082.61840241677, -35082.618402420245, -35082.618402421, -35082.61840253467, -35082.618402473796, -35082.618402421715, -35082.61840241795, -35082.61840241855], "epochs": [20.55516196180112, 17.83022313113976, 25.231932220720886, 18.441332213417084, 22.080414855932514, 20.09867436000438, 17.250191724792757, 18.87956031114195, 19.60566775006391, 21.17171237629186, 23.025636343716904, 20.025636343716904, 20.062155351860643, 19.062155351860643, 22.49611072563269, 20.299528904794947, 21.025636343716904, 18.91180659533287, 21.212504108388416, 21.22649088850747]}