{"time": [6435.803454399109, 6181.5199320316315, 6199.3643271923065, 6067.146988868713, 6255.599693775177, 6091.191421747208, 6098.847791433334, 6047.949813604355, 5969.215110063553, 5962.970831871033, 6025.972875356674, 6016.381895303726, 6086.644018650055, 6261.018939495087, 6062.590228796005, 6194.279404878616, 6084.815074205399, 6112.209326028824, 6157.842550754547, 6088.340060472488], "LL": [-35082.61840708568, -35082.61841024343, -35082.61840769492, -35082.61840992879, -35082.61840735784, -35082.61840931664, -35082.61840987735, -35082.618414577555, -35082.61840928786, -35082.61840877458, -35082.618420013, -35082.61841200147, -35082.61840944549, -35082.618406709575, -35082.618410131596, -35082.61840667402, -35082.61841453093, -35082.618411549476, -35082.618406964066, -35082.6184119911], "epochs": [898.4693057736552, 880.0128181718585, 878.1588942044334, 863.6884198225176, 889.3640214731768, 870.213672716649, 868.0310776759303, 861.5831355220392, 844.0353503998831, 847.8527553591645, 859.213672716649, 857.8302231311397, 866.7979768469488, 893.2909834568893, 864.7066793265894, 881.2909834568893, 868.9762991637147, 864.2684512288646, 876.0310776759303, 866.1631669283862]}