{"time": [775.4325129985809, 449.34270191192627, 424.8330338001251, 572.4067447185516, 413.7673394680023, 418.27041602134705, 393.44198393821716, 455.8271975517273, 405.2907862663269, 403.29911184310913, 425.0152761936188, 386.63086676597595, 413.90458488464355, 390.55045533180237, 380.8943974971771, 422.33049392700195, 584.623363494873, 404.4352488517761, 404.5841963291168, 368.6247684955597], "LL": [-35082.6184044038, -35082.61840490279, -35082.61840300027, -35082.61840413808, -35082.61840557214, -35082.618408198075, -35082.61840486501, -35082.61840595094, -35082.61840498112, -35082.618404916044, -35082.61840542742, -35082.61840673713, -35082.6184055855, -35082.61840475088, -35082.61840406263, -35082.6184048073, -35082.61840981256, -35082.61840285847, -35082.6184041208, -35082.61840311548], "epochs": [23.27699667677026, 33.53807106598985, 30.538071065989847, 22.94405287952379, 29.062155351860643, 27.647628090421065, 23.629368586349194, 28.848482635211628, 28.857028083117264, 27.538071065989847, 25.83022313113976, 26.57459007413359, 32.519811561917976, 28.70667932658949, 25.96658510754848, 29.79370412299602, 24.29098345688931, 27.738925610780413, 26.75718511485228, 23.70240660263667]}