{"time": [1935.2933995723724, 2069.5936160087585, 1926.5865032672882, 2172.2943074703217, 1807.7118604183197, 1771.189936876297, 1980.6045050621033, 2081.7735188007355, 1859.0057570934296, 1981.630401134491, 2071.613173007965, 2025.535364151001, 1880.3694682121277, 1989.7328917980194, 2172.743599176407, 1910.29101729393, 1760.6729800701141, 2309.4102425575256, 1922.3330268859863, 2129.8536100387573], "LL": [-35082.61840803703, -35082.618407587455, -35082.61840551013, -35082.6184087593, -35082.618406395675, -35082.61840564885, -35082.61840627778, -35082.61840859578, -35082.61840549961, -35082.61840449792, -35082.61841524263, -35082.61840750253, -35082.61840296774, -35082.618405460635, -35082.61840512512, -35082.61840604548, -35082.61840420768, -35082.61840599162, -35082.61840461832, -35082.618408322756], "epochs": [14.647628090421065, 16.062155351860643, 15.140634700361538, 17.04933718000219, 14.144907424314356, 13.738925610780411, 15.574590074133587, 16.116933864076252, 14.538071065989847, 15.538071065989847, 15.994558667786583, 15.885001643355366, 14.633641310302012, 15.532629733776432, 17.085856188145932, 14.885001643355366, 13.77544461892415, 18.06759668407406, 15.098674360004383, 16.79370412299602]}