{"time": [421.4873220920563, 375.97688150405884, 420.2403829097748, 378.4111979007721, 393.5824315547943, 372.4923131465912, 504.69223141670227, 449.689825296402, 381.6085081100464, 381.5404736995697, 375.89626574516296, 482.63331842422485, 385.1745104789734, 423.0540919303894, 382.0214259624481, 353.88750314712524, 379.3883078098297, 407.8548409938812, 435.6301028728485, 471.5051438808441], "LL": [-35082.618404899986, -35082.61840474866, -35082.618405905545, -35082.618404823086, -35082.61840654841, -35082.61840517045, -35082.618405174384, -35082.618406560076, -35082.618406994785, -35082.61840458573, -35082.61840557174, -35082.6184060423, -35082.61840510235, -35082.61840324491, -35082.61840518222, -35082.61840363908, -35082.61840300853, -35082.61840470723, -35082.618403914574, -35082.618403209366], "epochs": [27.77544461892415, 27.538071065989847, 28.720666106708542, 27.30924296096118, 26.684147098564804, 26.538071065989847, 27.41452726143958, 28.866742139283495, 27.556330570061718, 23.720666106708542, 28.423072709345213, 29.213672716649015, 26.857028083117264, 29.684147098564804, 27.51981156191798, 23.74319833473323, 24.647628090421065, 31.51981156191798, 27.939780155570975, 26.268451228864624]}