{"time": [1403.3156123161316, 1404.6754076480865, 1389.3645792007446, 1391.1724379062653, 1388.8513367176056, 1378.2340726852417, 1359.8249871730804, 1356.431080341339, 1356.9893617630005, 1354.4756951332092, 1357.7247643470764, 1355.8228318691254, 1356.4216752052307, 1355.2719826698303, 1356.8482043743134, 1357.8676297664642, 1355.5146284103394, 1355.3757061958313, 1360.9946863651276, 1357.9248881340027], "LL": [-35630.90521776882, -35630.90521776882, -35630.90521776882, -35630.90521776882, -35630.90521776882, -35630.90521776882, -35630.90521776882, -35630.90521776882, -35630.90521776882, -35630.90521776882, -35630.90521776882, -35630.90521776882, -35630.90521776882, -35630.90521776882, -35630.90521776882, -35630.90521776882, -35630.90521776882, -35630.90521776882, -35630.90521776882, -35630.90521776882], "epochs": [200.0, 200.0, 200.0, 200.0, 200.0, 200.0, 200.0, 200.0, 200.0, 200.0, 200.0, 200.0, 200.0, 200.0, 200.0, 200.0, 200.0, 200.0, 200.0, 200.0]}