{"time": [6431.071639060974, 6291.386011600494, 6291.168245315552, 6295.442093610764, 6284.778703927994, 6283.495217323303, 6284.003204345703, 6293.575838088989, 6307.703416585922, 6277.471579551697, 6277.502701044083, 6267.780256986618, 6265.7360825538635, 6271.970204114914, 6278.739807605743, 6284.240307331085, 6292.149170160294, 6267.202424049377, 6278.320158958435, 6265.714631795883], "LL": [-35082.61841065602, -35082.61841065602, -35082.61841065602, -35082.61841065602, -35082.61841065602, -35082.61841065602, -35082.61841065602, -35082.61841065602, -35082.61841065602, -35082.61841065602, -35082.61841065602, -35082.61841065602, -35082.61841065602, -35082.61841065602, -35082.61841065602, -35082.61841065602, -35082.61841065602, -35082.61841065602, -35082.61841065602, -35082.61841065602], "epochs": [901.0, 901.0, 901.0, 901.0, 901.0, 901.0, 901.0, 901.0, 901.0, 901.0, 901.0, 901.0, 901.0, 901.0, 901.0, 901.0, 901.0, 901.0, 901.0, 901.0]}