{"time": [1371.4097707271576, 1364.9540071487427, 1369.1814897060394, 1363.4240651130676, 1363.191190481186, 1365.1293213367462, 1341.795193195343, 1327.2116293907166, 1333.4535508155823, 1331.0791056156158, 1333.4194848537445, 1333.106983423233, 1333.8231928348541, 1333.9531741142273, 1335.9219315052032, 1335.4127140045166, 1333.847095489502, 1330.5558471679688, 1334.9665372371674, 1335.618194103241], "LL": [-35540.48631524948, -35540.48631524948, -35540.48631524948, -35540.48631524948, -35540.48631524948, -35540.48631524948, -35540.48631524948, -35540.48631524948, -35540.48631524948, -35540.48631524948, -35540.48631524948, -35540.48631524948, -35540.48631524948, -35540.48631524948, -35540.48631524948, -35540.48631524948, -35540.48631524948, -35540.48631524948, -35540.48631524948, -35540.48631524948], "epochs": [200.0, 200.0, 200.0, 200.0, 200.0, 200.0, 200.0, 200.0, 200.0, 200.0, 200.0, 200.0, 200.0, 200.0, 200.0, 200.0, 200.0, 200.0, 200.0, 200.0]}