{"time": [6049.72308921814, 5929.388066768646, 5923.415529966354, 5932.279371261597, 5919.738220214844, 5924.695969581604, 5922.179475784302, 5924.22815489769, 5922.074048995972, 5927.788915395737, 5918.5870978832245, 5918.261191368103, 5921.957411766052, 5919.84016084671, 5920.179931163788, 5922.318245649338, 5925.84588599205, 5925.611603975296, 5918.033157110214, 5921.897194623947], "LL": [-35082.61841147856, -35082.61841147856, -35082.61841147856, -35082.61841147856, -35082.61841147856, -35082.61841147856, -35082.61841147856, -35082.61841147856, -35082.61841147856, -35082.61841147856, -35082.61841147856, -35082.61841147856, -35082.61841147856, -35082.61841147856, -35082.61841147856, -35082.61841147856, -35082.61841147856, -35082.61841147856, -35082.61841147856, -35082.61841147856], "epochs": [859.0, 859.0, 859.0, 859.0, 859.0, 859.0, 859.0, 859.0, 859.0, 859.0, 859.0, 859.0, 859.0, 859.0, 859.0, 859.0, 859.0, 859.0, 859.0, 859.0]}