{"time": [5488.102452039719, 5330.5969088077545, 5330.808420181274, 5332.573609828949, 5338.2017912864685, 5333.400280952454, 5333.342344284058, 5331.7925317287445, 5336.4603044986725, 5359.289691448212, 5331.792694091797, 5334.439583063126, 5341.032840013504, 5342.805216312408, 5340.702032566071, 5332.65637254715, 5333.367977380753, 5339.05779671669, 5333.522879123688, 5344.509976387024], "LL": [-39034.41899557739, -39034.41899557739, -39034.41899557739, -39034.41899557739, -39034.41899557739, -39034.41899557739, -39034.41899557739, -39034.41899557739, -39034.41899557739, -39034.41899557739, -39034.41899557739, -39034.41899557739, -39034.41899557739, -39034.41899557739, -39034.41899557739, -39034.41899557739, -39034.41899557739, -39034.41899557739, -39034.41899557739, -39034.41899557739], "epochs": [1000.0, 1000.0, 1000.0, 1000.0, 1000.0, 1000.0, 1000.0, 1000.0, 1000.0, 1000.0, 1000.0, 1000.0, 1000.0, 1000.0, 1000.0, 1000.0, 1000.0, 1000.0, 1000.0, 1000.0]}