{"time": [1091.7283520698547, 1074.7496387958527, 1079.6034920215607, 1080.1749923229218, 1077.750108718872, 1079.6168377399445, 1078.3697066307068, 1077.8073287010193, 1067.203584909439, 1048.123492717743, 1047.8634612560272, 1050.0290777683258, 1049.992999792099, 1051.6724529266357, 1048.1554191112518, 1049.177941083908, 1047.4678955078125, 1047.2077295780182, 1049.259761095047, 1054.7051084041595], "LL": [-42512.086694975034, -42512.086694975034, -42512.086694975034, -42512.086694975034, -42512.086694975034, -42512.086694975034, -42512.086694975034, -42512.086694975034, -42512.086694975034, -42512.086694975034, -42512.086694975034, -42512.086694975034, -42512.086694975034, -42512.086694975034, -42512.086694975034, -42512.086694975034, -42512.086694975034, -42512.086694975034, -42512.086694975034, -42512.086694975034], "epochs": [200.0, 200.0, 200.0, 200.0, 200.0, 200.0, 200.0, 200.0, 200.0, 200.0, 200.0, 200.0, 200.0, 200.0, 200.0, 200.0, 200.0, 200.0, 200.0, 200.0]}