{"time": [3283.150053501129, 3233.1263194084167, 3223.4879410266876, 3162.9665298461914, 3117.34410738945, 3142.7801747322083, 3145.764930486679, 3129.3611977100372, 3137.3969445228577, 3131.4588763713837, 3140.2514057159424, 3128.7001237869263, 3104.620494365692, 3138.7679023742676, 3149.2782406806946, 3172.616257429123, 3142.9011590480804, 3140.5253582000732, 3134.2730934619904, 3143.3206782341003], "LL": [-35082.618405857975, -35082.618405857975, -35082.618405857975, -35082.618405857975, -35082.618405857975, -35082.618405857975, -35082.618405857975, -35082.618405857975, -35082.618405857975, -35082.618405857975, -35082.618405857975, -35082.618405857975, -35082.618405857975, -35082.618405857975, -35082.618405857975, -35082.618405857975, -35082.618405857975, -35082.618405857975, -35082.618405857975, -35082.618405857975], "epochs": [24.0, 24.0, 24.0, 24.0, 24.0, 24.0, 24.0, 24.0, 24.0, 24.0, 24.0, 24.0, 24.0, 24.0, 24.0, 24.0, 24.0, 24.0, 24.0, 24.0]}