{"time": [3469.7019035816193, 3390.7511694431305, 3213.2882599830627, 3227.1906118392944, 3225.5308516025543, 3231.971425294876, 3237.830940723419, 3193.116156101227, 3213.154192209244, 3215.0586671829224, 3192.7611813545227, 3177.7577002048492, 3175.2854647636414, 3211.0493121147156, 3187.9209349155426, 3221.967220067978, 3194.4156699180603, 3221.8514037132263, 3217.3141787052155, 3198.740928173065], "LL": [-35082.618405857975, -35082.618405857975, -35082.618405857975, -35082.618405857975, -35082.618405857975, -35082.618405857975, -35082.618405857975, -35082.618405857975, -35082.618405857975, -35082.618405857975, -35082.618405857975, -35082.618405857975, -35082.618405857975, -35082.618405857975, -35082.618405857975, -35082.618405857975, -35082.618405857975, -35082.618405857975, -35082.618405857975, -35082.618405857975], "epochs": [24.0, 24.0, 24.0, 24.0, 24.0, 24.0, 24.0, 24.0, 24.0, 24.0, 24.0, 24.0, 24.0, 24.0, 24.0, 24.0, 24.0, 24.0, 24.0, 24.0]}