{"time": [1108.311721086502, 1033.8728504180908, 1119.1472473144531, 1015.1252644062042, 1021.1849689483643, 1015.1200029850006, 1017.7237701416016, 1057.8322057724, 1024.109869480133, 249.70479893684387, 937.5278391838074, 943.1360838413239, 939.6737034320831, 983.107387304306, 1117.0395197868347, 966.2289054393768, 935.4458296298981, 953.3368701934814, 925.9788174629211, 1012.4790427684784], "LL": [-35082.61844360816, -35082.61841919591, -35082.61841852545, -35082.61844641515, -35082.61843879392, -35082.618477319505, -35082.61845112768, -35082.618470430854, -35082.618453847725, -35082.618417183236, -35082.61844115261, -35082.618469282854, -35082.618410242394, -35082.61848722418, -35082.61849824895, -35082.6184628098, -35082.61843511892, -35082.61843190285, -35082.61843544861, -35082.61842964], "epochs": [200.48756527772707, 200.14063470036155, 200.72493883066136, 200.0310776759303, 200.99455866778658, 200.9762991637147, 200.08585618814593, 200.43278676551145, 200.28671073293648, 15.611109082277325, 200.6293685863492, 200.6841470985648, 200.6293685863492, 200.95803965964285, 200.07186940802688, 200.83022313113975, 200.61110908227732, 200.73892561078043, 200.53807106598984, 200.19541321257714]}