{"time": [806.8092048168182, 808.6529047489166, 800.6065635681152, 799.3464906215668, 781.2952132225037, 785.7606444358826, 780.9973816871643, 788.5908424854279, 783.0251317024231, 784.8768792152405, 781.5102081298828, 790.8350293636322, 786.2206892967224, 788.2555103302002, 787.9447104930878, 784.4827222824097, 788.2434327602386, 787.1427028179169, 788.0635969638824, 785.0840947628021], "LL": [-35347.70466748613, -35353.296111299365, -35349.40584123112, -35343.116785149185, -35344.412178621555, -35344.42951641341, -35350.18482882688, -35351.39941116637, -35351.03929892947, -35352.159222503535, -35353.979215047046, -35340.96413129465, -35351.896473246765, -35352.87405586789, -35349.64036765419, -35333.1366663958, -35349.494402821656, -35342.60170260711, -35345.89839084802, -35347.596708606994], "epochs": [200.06759668407406, 200.7571851148523, 200.50582478179894, 200.79370412299602, 200.06759668407406, 200.0310776759303, 200.92152065149912, 200.7571851148523, 200.72066610670853, 200.66588759449292, 200.66588759449292, 200.939780155571, 200.7571851148523, 200.6841470985648, 200.99455866778658, 200.7571851148523, 200.10411569221782, 200.8667421392835, 200.70240660263667, 200.70240660263667]}