{"time": [2509.75603890419, 2425.7555782794952, 2326.9779670238495, 2292.432811021805, 2197.7860124111176, 2171.9514875411987, 2162.0304243564606, 2170.7348413467407, 2172.019303560257, 2161.5626797676086, 2172.548232793808, 2209.67018866539, 2176.7192389965057, 2215.749998807907, 2186.7141988277435, 2153.524344444275, 2172.8503770828247, 2360.216445684433, 2356.9600281715393, 2222.8454525470734], "LL": [-35082.618402731714, -35082.6184024286, -35082.61840256379, -35082.61840241775, -35082.61840258562, -35082.61840241613, -35082.6184024597, -35082.6184024537, -35082.618402448075, -35082.61840245849, -35082.6184024763, -35082.61840254198, -35082.61840262327, -35082.618402439955, -35082.618402462605, -35082.61840245211, -35082.61840248452, -35082.61840241108, -35082.61840241146, -35082.618402419444], "epochs": [17.292918964320915, 16.7086148340211, 17.347697476536524, 17.690355329949227, 17.00076689917101, 16.781652850308575, 16.745133842164837, 16.726874338092966, 16.818171858452313, 16.726874338092966, 16.653836321805493, 16.982507395099134, 16.982507395099137, 17.110323923602223, 16.96424789102727, 16.65383632180549, 16.83643136252418, 18.43899499689587, 18.29291896432092, 17.183361939889704]}