{"time": [883.1659617424011, 928.1241030693054, 876.8163454532623, 1087.29399061203, 1102.3627445697784, 1268.7767798900604, 1000.4849090576172, 1182.5622582435608, 1197.4030878543854, 900.3953800201416, 954.5124831199646, 1156.0762717723846, 1156.1667404174805, 1172.8222451210022, 1139.5871546268463, 1157.3205769062042, 1201.6839005947113, 1218.9962525367737, 847.193528175354, 1283.9036033153534], "LL": [-35082.6184029317, -35082.618402556094, -35082.61840267561, -35082.618403789624, -35082.61840256399, -35082.61840255358, -35082.61840249005, -35082.61842170589, -35082.618402635344, -35082.61840250781, -35082.61840244199, -35082.61841262329, -35082.61840265307, -35082.61840247723, -35082.618403049346, -35082.61840482037, -35082.61841340193, -35082.61840884757, -35082.618402706124, -35082.6184029904], "epochs": [161.81196362706788, 181.66588759449292, 156.92152065149912, 216.81196362706788, 205.37800825329583, 262.08585618814595, 190.12237519628968, 236.17715370850527, 247.0493371800022, 165.19541321257714, 202.48329255377425, 248.6841470985648, 227.32322974108024, 251.72066610670853, 233.0310776759303, 246.7571851148523, 229.5788627980864, 253.95803965964285, 162.83022313113975, 256.45104626958334]}