{"time": [1828.8381135463715, 1832.1585001945496, 1551.2325088977814, 1874.936027765274, 1662.1537907123566, 1816.866084575653, 1770.1906929016113, 1608.1100459098816, 1724.271148443222, 1771.47487282753, 1800.6728987693787, 1289.0749869346619, 1673.4120166301727, 1392.4429512023926, 1602.0725994110107, 1533.3175249099731, 1624.0864219665527, 1795.225153684616, 1415.9968683719635, 1667.6627464294434], "LL": [-35082.618402577325, -35082.61840434947, -35082.61840251827, -35082.6184027139, -35082.61840313823, -35082.61840426976, -35082.61840255646, -35082.61840279881, -35082.61841452374, -35082.61841517848, -35082.618402957814, -35082.61840291225, -35082.61843880256, -35082.61840324358, -35082.61840779675, -35082.61840394823, -35082.618403086926, -35082.61840252814, -35082.618402613494, -35082.618404926965], "epochs": [227.69035532994923, 220.03728590731475, 167.50776028923053, 253.87295037066792, 224.58079830551802, 255.79991235438044, 223.00503962312382, 201.8912098747398, 228.9277288828835, 240.96424789102727, 259.63557681773364, 112.96424789102727, 213.54855202132708, 145.87295037066792, 211.59905780958988, 168.25639995617718, 202.00076689917103, 249.8912098747398, 157.67209582587736, 212.00076689917103]}