{"time": [4124.359817743301, 4026.6034121513367, 3992.1946370601654, 3997.7086205482483, 3997.615686416626, 3991.0010430812836, 4007.119735479355, 3986.980099439621, 3999.1711795330048, 3988.5061910152435, 3999.630484342575, 3994.2869775295258, 4002.318037509918, 3994.1965231895447, 3991.2061080932617, 3979.2507407665253, 3993.7047448158264, 3984.093118906021, 3989.042211294174, 3985.3662395477295], "LL": [-35087.26027438263, -35083.49423321532, -35095.703849942984, -35086.395861244, -35090.04288745359, -35086.078446457774, -35085.717031374836, -35085.11874427931, -35084.48286533677, -35084.61836493283, -35090.41246189264, -35083.28654274646, -35084.356454699635, -35093.458940915734, -35085.7504440456, -35085.07672732626, -35084.785608296, -35085.9922897282, -35096.12335527779, -35094.61755455916], "epochs": [1000.30690574444, 1000.2703867362962, 1000.2703867362962, 1000.2703867362962, 1000.2703867362962, 1000.1973487200088, 1000.30690574444, 1000.30690574444, 1000.2703867362962, 1000.3434247525837, 1000.2703867362962, 1000.1973487200088, 1000.30690574444, 1000.2338677281525, 1000.3434247525837, 1000.2703867362962, 1000.30690574444, 1000.2703867362962, 1000.2338677281525, 1000.2703867362962]}