{"time": [25098.43309020996, 24563.17747235298, 24592.01575899124, 24491.702265024185, 24573.88258457184], "LL": [-35082.618426619454, -35082.618488478714, -35082.61841516482, -35082.61845676419, -35082.6184341513], "epochs": [200.14063470036155, 200.3962677573677, 200.88500164335537, 200.30497023700838, 200.8484826352116]}