{"time": [4113.119911909103, 4031.76989030838, 4016.8127670288086, 4019.27428650856, 4015.6959137916565, 4015.992329597473, 4017.361234664917, 4019.4708981513977, 4010.8664116859436, 4005.6853396892548, 4002.489245891571, 4006.250693798065, 4001.9824845790863, 4005.262120246887, 4006.829678297043, 4005.8301191329956, 4007.7308888435364, 4000.4552762508392, 3996.961629152298, 3992.1070952415466], "LL": [-35098.38365012598, -35098.38365012598, -35098.38365012598, -35098.38365012598, -35098.38365012598, -35098.38365012598, -35098.38365012598, -35098.38365012598, -35098.38365012598, -35098.38365012598, -35098.38365012598, -35098.38365012598, -35098.38365012598, -35098.38365012598, -35098.38365012598, -35098.38365012598, -35098.38365012598, -35098.38365012598, -35098.38365012598, -35098.38365012598], "epochs": [1000.0, 1000.0, 1000.0, 1000.0, 1000.0, 1000.0, 1000.0, 1000.0, 1000.0, 1000.0, 1000.0, 1000.0, 1000.0, 1000.0, 1000.0, 1000.0, 1000.0, 1000.0, 1000.0, 1000.0]}