{"time": [810.1632759571075, 787.3050508499146, 788.9714210033417, 785.8833627700806, 782.8499834537506, 785.8945231437683, 778.2132296562195, 787.1054275035858, 785.1721317768097, 787.9012894630432, 784.3953144550323, 782.9608438014984, 782.1061387062073, 784.9165580272675, 787.6563441753387, 781.9919505119324, 787.2406680583954, 780.4594326019287, 789.0605447292328, 787.7491981983185], "LL": [-35446.3595468413, -35446.3595468413, -35446.3595468413, -35446.3595468413, -35446.3595468413, -35446.3595468413, -35446.3595468413, -35446.3595468413, -35446.3595468413, -35446.3595468413, -35446.3595468413, -35446.3595468413, -35446.3595468413, -35446.3595468413, -35446.3595468413, -35446.3595468413, -35446.3595468413, -35446.3595468413, -35446.3595468413, -35446.3595468413], "epochs": [200.0, 200.0, 200.0, 200.0, 200.0, 200.0, 200.0, 200.0, 200.0, 200.0, 200.0, 200.0, 200.0, 200.0, 200.0, 200.0, 200.0, 200.0, 200.0, 200.0]}