{"time": [25021.666972875595, 24495.038415908813, 24487.470692873], "LL": [-35082.61845153411, -35082.61845153411, -35082.61845153411], "epochs": [200.0, 200.0, 200.0]}