{"time": [1066.7200863361359, 1090.035124540329, 1103.6286120414734, 1095.9470040798187, 1068.7533082962036, 1019.901132106781, 995.4982678890228, 984.6847615242004, 1001.4712102413177, 1010.8651502132416, 995.2057726383209, 990.0872676372528, 995.1868681907654, 1009.7679374217987, 998.9374439716339, 993.958512544632, 1006.7754790782928, 996.1452283859253, 1011.2675046920776, 1002.8383157253265], "LL": [-35082.61840257794, -35082.61840257794, -35082.61840257794, -35082.61840257794, -35082.61840257794, -35082.61840257794, -35082.61840257794, -35082.61840257794, -35082.61840257794, -35082.61840257794, -35082.61840257794, -35082.61840257794, -35082.61840257794, -35082.61840257794, -35082.61840257794, -35082.61840257794, -35082.61840257794, -35082.61840257794, -35082.61840257794, -35082.61840257794], "epochs": [7.0, 7.0, 7.0, 7.0, 7.0, 7.0, 7.0, 7.0, 7.0, 7.0, 7.0, 7.0, 7.0, 7.0, 7.0, 7.0, 7.0, 7.0, 7.0, 7.0]}