{"time": [9924.989889144897], "LL": [-35064.2098989266], "epochs": [2002]}