{"time": [9782.167382001877, 9744.112331867218, 9726.383178710938, 9737.229191303253, 9751.803003072739, 9717.270273685455, 9731.961384057999, 9751.258456230164, 9729.495690822601, 9745.309875488281, 9754.931119918823, 9727.266721487045, 9744.12932062149, 9750.18991446495, 9738.188172340393], "LL": [-35064.2098989266, -35064.2098989266, -35064.2098989266, -35064.2098989266, -35064.2098989266, -35064.2098989266, -35064.2098989266, -35064.2098989266, -35064.2098989266, -35064.2098989266, -35064.2098989266, -35064.2098989266, -35064.2098989266, -35064.2098989266, -35064.2098989266], "epochs": [2002, 2002, 2002, 2002, 2002, 2002, 2002, 2002, 2002, 2002, 2002, 2002, 2002, 2002, 2002]}