{"time": [15265.882479667664, 16418.30112338066, 17476.357718229294, 17576.48549079895, 15461.912716627121, 15346.437470197678, 13917.978390455246, 14975.225285053253, 16978.624102830887], "LL": [-35064.18958054877, -35064.18957705919, -35064.18958546911, -35064.18958670679, -35064.189580466315, -35064.18957802659, -35064.189579283826, -35064.189586376866, -35064.18957818816], "epochs": [33.61110908227732, 36.72066610670854, 39.36402147317679, 39.66588759449293, 34.67016031844575, 34.53807106598985, 31.32750246503305, 33.519811561917976, 38.50155205784611]}