{"time": [16483.675798416138, 4984.213275194168, 3697.0122215747833, 64277.849115371704, 4251.2534148693085, 4651.178608417511, 4909.615492582321, 4866.023752450943, 4179.251467466354, 6454.701786994934, 4620.467422008514, 4057.3393750190735, 4973.019519329071, 4196.533482074738, 3873.7025496959686, 4226.470050096512], "LL": [-35064.18958044371, -35064.18959284306, -35064.1895931548, -35064.18959301144, -35064.18958125716, -35064.18957827529, -35064.189581167084, -35064.189578105834, -35064.18957845266, -35064.18958064875, -35064.18960968695, -35064.189580049344, -35064.18958477993, -35064.189578935344, -35064.18958247159, -35064.18957951364], "epochs": [347.59284957820546, 152.5015520578461, 102.85702808311726, 866.9623123835956, 121.62936858634919, 136.79797684694884, 148.5745900741336, 112.56487601796735, 121.53807106598984, 192.64762809042105, 118.7066793265895, 116.53807106598984, 128.05360990395502, 121.51981156191798, 110.29098345688931, 122.59284957820546]}