{"time": [7280.796925067902, 5294.224905014038], "LL": [-35064.189581649196, -35064.18958602964], "epochs": [200.51981156191798, 150.8387685790454]}