{"time": [17904.027277946472, 17629.65558743477, 17680.37794303894, 17547.48741889, 17615.327547073364, 17552.824372768402, 17628.543528795242, 17611.113523483276], "LL": [-35064.18957728612, -35064.18957728612, -35064.18957728612, -35064.18957728612, -35064.18957728612, -35064.18957728612, -35064.18957728612, -35064.18957728612], "epochs": [39.0, 39.0, 39.0, 39.0, 39.0, 39.0, 39.0, 39.0]}