{"time": [5056.616928577423, 3969.062788248062, 4629.609287977219], "LL": [-35064.18957695713, -35064.18957698405, -35064.18957694154], "epochs": [230.37800825329583, 179.70240660263667, 215.0493371800022]}