{"time": [4785.140749692917, 4221.785367012024, 5315.62123632431], "LL": [-35064.189576928635, -35064.189577401135, -35064.18957692738], "epochs": [9.820509074973526, 8.491838001679874, 11.108388416170618]}