{"time": [4559.720027923584, 5761.229758024216, 3274.5641219615936, 5188.129706859589, 5470.788995742798, 4380.949092626572, 4575.763066530228, 3281.5105855464935, 3856.3046355247498, 5525.689402103424, 3792.7621700763702, 3725.0229704380035, 3949.5441501140594, 5184.145936965942, 4377.703071594238, 4841.108635663986, 5768.460508584976, 4552.129782676697, 2902.603605747223, 3655.8767216205597], "LL": [-35064.1895777735, -35064.189577573896, -35064.18957693257, -35064.18957826444, -35064.18957834921, -35064.18957695618, -35064.18957715178, -35064.18957693091, -35064.189576932455, -35064.189576951394, -35064.189577137084, -35064.189576929304, -35064.18957692908, -35064.189580328195, -35064.18957702197, -35064.18957705715, -35064.18957692881, -35064.189577052195, -35064.189576976365, -35064.18957693004], "epochs": [188.67016031844577, 284.1588942044334, 142.61110908227732, 219.34576196910493, 252.79797684694884, 188.54234378994266, 203.43278676551145, 140.73892561078043, 182.1588942044334, 275.08585618814595, 153.4145272614396, 167.81196362706788, 184.6841470985648, 231.96231238359564, 189.50582478179894, 200.25446444874558, 279.50582478179894, 225.213672716649, 117.8162363510207, 156.99455866778658]}