{"time": [16843.70746946335, 16768.45537161827, 16785.8107213974, 16772.427504062653, 16772.713050365448, 16761.82782816887, 16776.358871221542, 16739.794144630432], "LL": [-35096.580239271556, -35102.73226370355, -35130.799074760245, -35130.91206816867, -35137.970873275764, -35122.36953111522, -35115.26368742572, -35114.350250685886], "epochs": [1000.6111090822774, 1000.5563305700617, 1000.5380710659898, 1000.5380710659898, 1000.5380710659898, 1000.6111090822774, 1000.5928495782055, 1000.647628090421]}