{"time": [4342.858064413071, 5139.121364116669, 5640.894286155701, 4195.760462522507, 4594.080765008926, 4027.7767424583435, 4851.6672286987305, 4738.7743237018585, 5889.5935587883, 5187.312746286392, 4078.845852136612, 4172.859740018845, 4646.137303113937, 4493.936672210693, 5043.578391313553, 4994.939144849777, 5178.1797387599945, 4211.295140028, 4151.150613069534, 4149.062189340591], "LL": [-35064.189577047204, -35064.18957711025, -35064.18957693319, -35064.18957727313, -35064.189576955105, -35064.189576932775, -35064.18957692866, -35064.189577255114, -35064.18957693001, -35064.1895769669, -35064.18957725925, -35064.18957692762, -35064.189576927376, -35064.1895769296, -35064.18957813209, -35064.18957705216, -35064.18957694762, -35064.18957694598, -35064.1895769291, -35064.18957693205], "epochs": [8.834495855092577, 10.738925610780411, 11.994558667786583, 8.820509074973526, 9.852755359164446, 8.414527261439579, 10.323229741080233, 9.958039659642845, 12.830223131139759, 10.958039659642843, 8.382280977248659, 8.633641310302012, 9.761457838805098, 9.37800825329584, 10.857028083117264, 10.665887594492933, 11.031077675930323, 8.816236351020706, 8.70667932658949, 8.68841982251762]}