{"time": [16896.071666002274, 16666.843852758408, 16613.835653066635, 16607.56344127655, 16599.842185258865, 16625.53382563591, 16627.7014708519, 16640.87967467308], "LL": [-35160.76462859234, -35160.76462859234, -35160.76462859234, -35160.76462859234, -35160.76462859234, -35160.76462859234, -35160.76462859234, -35160.76462859234], "epochs": [1000.0, 1000.0, 1000.0, 1000.0, 1000.0, 1000.0, 1000.0, 1000.0]}