{"time": [8604.38940000534, 8505.500457525253, 8441.54036808014, 8443.53301358223, 8456.044920444489, 8408.719665527344, 8483.160549163818, 8428.500528097153, 8477.382852554321, 8441.168746948242, 8519.313525915146, 8432.480746269226, 8446.329888105392, 8355.118236780167, 8499.987738847733, 8467.7350628376, 8423.938916444778], "LL": [-35064.18957695946, -35064.18957695946, -35064.18957695946, -35064.18957695946, -35064.18957695946, -35064.18957695946, -35064.18957695946, -35064.18957695946, -35064.18957695946, -35064.18957695946, -35064.18957695946, -35064.18957695946, -35064.18957695946, -35064.18957695946, -35064.18957695946, -35064.18957695946, -35064.18957695946], "epochs": [18.0, 18.0, 18.0, 18.0, 18.0, 18.0, 18.0, 18.0, 18.0, 18.0, 18.0, 18.0, 18.0, 18.0, 18.0, 18.0, 18.0]}