{"time": [8588.088231086731], "LL": [-35064.18957695946], "epochs": [18.0]}