{"percs": [0, 0.1, 0.2, 0.3, 0.4, 0.5, 0.6, 0.7, 0.8, 0.9, 1], "0": {"time": [4.76837158203125e-07, 2.384185791015625e-07, 2.384185791015625e-07, 2.384185791015625e-07, 2.384185791015625e-07, 2.384185791015625e-07, 2.384185791015625e-07, 2.384185791015625e-07, 2.384185791015625e-07, 2.384185791015625e-07], "LL": [], "epochs": []}, "0.1": {"time": [2.384185791015625e-07, 0.0, 4.76837158203125e-07, 2.384185791015625e-07, 2.384185791015625e-07, 0.0, 2.384185791015625e-07, 4.76837158203125e-07, 2.384185791015625e-07, 4.76837158203125e-07], "LL": [], "epochs": []}, "0.2": {"time": [2.384185791015625e-07, 2.384185791015625e-07, 2.384185791015625e-07, 2.384185791015625e-07, 2.384185791015625e-07, 2.384185791015625e-07, 2.384185791015625e-07, 2.384185791015625e-07, 0.0, 4.76837158203125e-07], "LL": [], "epochs": []}, "0.3": {"time": [4.76837158203125e-07, 2.384185791015625e-07, 4.76837158203125e-07, 2.384185791015625e-07, 2.384185791015625e-07, 2.384185791015625e-07, 2.384185791015625e-07, 2.384185791015625e-07, 2.384185791015625e-07, 2.384185791015625e-07], "LL": [], "epochs": []}, "0.4": {"time": [2.384185791015625e-07, 2.384185791015625e-07, 2.384185791015625e-07, 4.76837158203125e-07, 2.384185791015625e-07, 2.384185791015625e-07, 2.384185791015625e-07, 2.384185791015625e-07, 2.384185791015625e-07, 4.76837158203125e-07], "LL": [], "epochs": []}, "0.5": {"time": [2.384185791015625e-07, 2.384185791015625e-07, 2.384185791015625e-07, 2.384185791015625e-07, 2.384185791015625e-07, 2.384185791015625e-07, 2.384185791015625e-07, 0.0, 2.384185791015625e-07, 2.384185791015625e-07], "LL": [], "epochs": []}, "0.6": {"time": [2.384185791015625e-07, 2.384185791015625e-07, 2.384185791015625e-07, 0.0, 2.384185791015625e-07, 0.0, 2.384185791015625e-07, 2.384185791015625e-07, 2.384185791015625e-07, 2.384185791015625e-07], "LL": [], "epochs": []}, "0.7": {"time": [2.384185791015625e-07, 0.0, 2.384185791015625e-07, 2.384185791015625e-07, 2.384185791015625e-07, 2.384185791015625e-07, 2.384185791015625e-07, 2.384185791015625e-07, 0.0, 2.384185791015625e-07], "LL": [], "epochs": []}, "0.8": {"time": [4.76837158203125e-07, 2.384185791015625e-07, 2.384185791015625e-07, 2.384185791015625e-07, 0.0, 7.152557373046875e-07, 2.384185791015625e-07, 4.76837158203125e-07, 2.384185791015625e-07, 2.384185791015625e-07], "LL": [], "epochs": []}, "0.9": {"time": [2.384185791015625e-07, 2.384185791015625e-07, 4.76837158203125e-07, 2.384185791015625e-07, 4.76837158203125e-07, 2.384185791015625e-07, 2.384185791015625e-07, 7.152557373046875e-07, 4.76837158203125e-07, 4.76837158203125e-07], "LL": [], "epochs": []}, "1": {"time": [2.384185791015625e-07, 2.384185791015625e-07, 4.76837158203125e-07, 2.384185791015625e-07, 2.384185791015625e-07, 2.384185791015625e-07, 2.384185791015625e-07, 2.384185791015625e-07, 2.384185791015625e-07, 2.384185791015625e-07], "LL": [], "epochs": []}, "bfgs-inv": {"time": [2.384185791015625e-07, 2.384185791015625e-07, 2.384185791015625e-07, 2.384185791015625e-07, 0.0, 7.152557373046875e-07, 2.384185791015625e-07, 2.384185791015625e-07, 4.76837158203125e-07, 4.76837158203125e-07], "LL": [], "epochs": []}, "hess": {"time": [2.384185791015625e-07, 2.384185791015625e-07, 2.384185791015625e-07, 2.384185791015625e-07, 4.76837158203125e-07, 2.384185791015625e-07, 2.384185791015625e-07, 2.384185791015625e-07, 2.384185791015625e-07, 2.384185791015625e-07], "LL": [], "epochs": []}}