{"percs": [0, 0.1, 0.2, 0.3, 0.4, 0.5, 0.6, 0.7, 0.8, 0.9, 1], "0": {"time": [69.38742446899414, 66.81745433807373, 64.45721054077148, 65.57633471488953, 63.96497893333435, 68.6619164943695, 62.69645643234253, 67.43319010734558, 70.71644759178162, 66.65725183486938], "LL": [-55712.991442300634, -55712.991442411105, -55712.99144262125, -55712.99144346006, -55712.99144345801, -55712.9914422654, -55712.991443085746, -55712.99144246987, -55712.99144228023, -55712.99144254552], "epochs": [60.30513282194214, 57.37912833288114, 55.477789014133144, 56.56411711022865, 55.36679574772464, 60.30513282194214, 53.66277779148065, 59.28046765162914, 61.29280023678564, 56.502454184446144]}, "0.1": {"time": [40.80824565887451, 35.82754468917847, 29.91430354118347, 32.18251323699951, 33.97545409202576, 29.72026562690735, 36.802507400512695, 39.31715679168701, 29.479727506637573, 33.848822593688965], "LL": [-55712.99144219626, -55712.991442308085, -55712.99144250326, -55712.9914425783, -55712.99144264842, -55712.99144300068, -55712.99144228672, -55712.9914423375, -55712.991444134954, -55712.99144224331], "epochs": [26.317465407098638, 21.317465407098638, 15.329797992255138, 18.280467651629134, 19.305132821942138, 15.292800236785634, 22.317465407098638, 23.527119354759144, 15.280467651629134, 19.292800236785634]}, "0.2": {"time": [30.6671302318573, 29.79663896560669, 30.951608657836914, 30.774630546569824, 31.98363709449768, 32.79204821586609, 29.833579540252686, 31.862609386444092, 34.50956892967224, 29.908934593200684], "LL": [-55712.99144233641, -55712.99144233156, -55712.99144230496, -55712.99144235979, -55712.99144221477, -55712.991442495884, -55712.99144224292, -55712.99144217165, -55712.991442219325, -55712.991442187034], "epochs": [13.317465407098636, 13.280467651629134, 12.514786769602644, 13.354463162568138, 15.317465407098636, 16.305132821942138, 13.280467651629134, 13.42845867350714, 17.280467651629134, 13.280467651629134]}, "0.3": {"time": [31.026929140090942, 28.14177894592285, 30.075911283493042, 29.116039037704468, 30.530224084854126, 28.900513887405396, 28.623669147491455, 29.981539487838745, 29.983823776245117, 32.77959728240967], "LL": [-55712.9914421543, -55712.99144238679, -55712.991442162376, -55712.991442574705, -55712.99144245704, -55712.99144223156, -55712.99144261508, -55712.991442180195, -55712.991442310486, -55712.99144237884], "epochs": [13.305132821942136, 12.280467651629134, 13.280467651629134, 12.366795747724638, 13.329797992255136, 12.292800236785634, 12.317465407098636, 13.305132821942136, 13.305132821942136, 14.45312384382014]}, "0.4": {"time": [38.5725736618042, 36.176690340042114, 38.0730414390564, 39.49843239784241, 39.918153524398804, 36.3366334438324, 35.18653392791748, 37.15794229507446, 36.38254642486572, 36.622313022613525], "LL": [-55712.99144218013, -55712.99144223485, -55712.99144214836, -55712.99144216924, -55712.99144224395, -55712.99144221035, -55712.991442581406, -55712.99144230388, -55712.99144215695, -55712.99144223938], "epochs": [18.41612608835064, 16.317465407098638, 18.342130577411638, 18.379128332881137, 17.67511037663715, 16.317465407098638, 15.268135066472635, 16.465456428976644, 16.342130577411638, 16.317465407098638]}, "0.5": {"time": [37.669535636901855, 37.79957151412964, 37.71652841567993, 33.58653378486633, 37.54936933517456, 37.22103428840637, 37.772037982940674, 38.70800447463989, 37.56113052368164, 35.5731303691864], "LL": [-55712.99144215734, -55712.99144218491, -55712.99144215591, -55712.99144221312, -55712.99144229061, -55712.99144215463, -55712.99144220186, -55712.991442200655, -55712.99144226829, -55712.99144281925], "epochs": [17.280467651629134, 18.280467651629134, 17.329797992255138, 13.292800236785634, 18.280467651629134, 17.305132821942138, 13.773771057889155, 18.317465407098638, 18.280467651629134, 14.342130577411638]}, "0.6": {"time": [37.36230683326721, 34.60514974594116, 39.062283515930176, 39.7892644405365, 38.67309761047363, 42.79972314834595, 32.865097999572754, 41.17529916763306, 37.76567029953003, 37.07288479804993], "LL": [-55712.99144216567, -55712.99144246134, -55712.99144214878, -55712.99144234948, -55712.99144224302, -55712.99144215524, -55712.99144224377, -55712.9914421989, -55712.99144219556, -55712.99144220276], "epochs": [17.354463162568138, 15.280467651629134, 19.292800236785634, 15.082085686801667, 20.292800236785634, 24.292800236785634, 12.292800236785634, 20.527119354759144, 18.280467651629134, 17.305132821942138]}, "0.7": {"time": [31.60699200630188, 35.63141202926636, 39.02459788322449, 36.93612217903137, 38.42902374267578, 35.38037633895874, 34.967711210250854, 32.191529989242554, 39.64062976837158, 36.94549894332886], "LL": [-55712.99144224569, -55712.991442173516, -55712.99144214473, -55712.99144216188, -55712.99144233638, -55712.991442203886, -55712.99144238388, -55712.991442251216, -55712.99144224757, -55712.99144240604], "epochs": [10.342130577411638, 16.317465407098638, 19.305132821942138, 16.305132821942138, 19.292800236785634, 14.329797992255138, 14.329797992255138, 12.292800236785634, 20.292800236785634, 17.292800236785634]}, "0.8": {"time": [39.28916621208191, 39.326087951660156, 40.325337171554565, 41.38393545150757, 38.92272663116455, 40.442511796951294, 40.28526782989502, 41.726086139678955, 39.87401008605957, 39.872586488723755], "LL": [-55712.99144251674, -55712.99144218732, -55712.991442140206, -55712.991442137376, -55712.99144226333, -55712.99144214318, -55712.99144214752, -55712.991442194405, -55712.991442196464, -55712.99144213841], "epochs": [10.280467651629134, 10.329797992255138, 11.292800236785634, 11.42845867350714, 10.292800236785634, 11.292800236785634, 11.292800236785634, 12.317465407098636, 10.317465407098636, 10.305132821942136]}, "0.9": {"time": [40.26015663146973, 38.88615822792053, 40.635069847106934, 39.79182171821594, 40.3997163772583, 40.88755941390991, 39.3950731754303, 41.41408634185791, 39.62345051765442, 40.76772904396057], "LL": [-55712.991442244944, -55712.99144216617, -55712.991442194994, -55712.991442270446, -55712.99144222076, -55712.991442160426, -55712.99144236926, -55712.99144213778, -55712.99144235021, -55712.991442170285], "epochs": [11.280467651629134, 10.292800236785634, 10.366795747724638, 10.280467651629134, 10.403793503194139, 11.342130577411638, 10.292800236785634, 11.342130577411638, 10.305132821942136, 11.280467651629134]}, "1": {"time": [39.570284605026245, 39.17441511154175, 41.165844202041626, 40.80322265625, 40.53521180152893, 40.98037552833557, 39.25411105155945, 42.831164598464966, 40.81855249404907, 40.30063319206238], "LL": [-55712.99144215127, -55712.99144216657, -55712.99144214972, -55712.991442223676, -55712.9914421415, -55712.9914421378, -55712.99144227912, -55712.99144214009, -55712.991442140126, -55712.99144214986], "epochs": [10.305132821942136, 10.305132821942136, 11.42845867350714, 10.292800236785634, 11.292800236785634, 11.45312384382014, 10.292800236785634, 11.465456428976642, 11.280467651629134, 10.305132821942136]}, "bfgs-inv": {"time": [71.77703189849854, 71.94934892654419, 72.6274688243866, 71.75602579116821, 73.45894122123718, 71.52017259597778, 74.07576298713684, 71.1190128326416, 69.67102694511414, 72.36126494407654], "LL": [-55712.9914422101, -55712.99144215922, -55712.99144242343, -55712.99144216768, -55712.991442137085, -55712.991442818224, -55712.99144213737, -55712.991442169616, -55712.99144361061, -55712.99144237268], "epochs": [63.39146091803764, 63.62578003601115, 63.57644969538515, 62.490121599289644, 64.72444071726315, 61.72444071726315, 64.44079125866364, 61.56411711022865, 60.32979799225514, 62.68744296179365]}, "hess": {"time": [126.4397120475769, 154.76760506629944, 143.00717067718506, 134.43268871307373, 125.37120532989502, 139.9061164855957, 132.28380012512207, 118.75015139579773, 119.13707566261292, 141.41302728652954],