{"batch": {"0.01": {"time": [3.437375783920288, 3.315340042114258, 3.266491174697876, 3.7655446529388428, 3.593427896499634, 3.574572801589966, 3.940477132797241, 3.762208938598633, 3.405672550201416, 3.604379653930664, 3.3601388931274414, 3.3128397464752197, 3.365253210067749, 3.3150782585144043, 3.639754056930542, 4.0682268142700195, 3.5116348266601562, 3.7602102756500244, 2.9364092350006104, 3.522226095199585], "LL": [-67925.58838612481, -67925.5883860743, -67925.58838616821, -67925.58838613873, -67925.58838613692, -67925.58838604028, -67925.58838614693, -67925.5883861142, -67925.58838659109, -67925.58838609573, -67925.5883860254, -67925.58838615876, -67925.58838617931, -67925.58838616264, -67925.58838605319, -67925.58838606688, -67925.58838607617, -67925.58838602043, -67925.58838835511, -67925.58838614188], "epochs": [10.667168191796364, 10.637200009866069, 10.647189403842834, 13.657178797819599, 11.657178797819599, 11.657178797819599, 14.647189403842834, 13.667168191796364, 11.647189403842834, 12.647189403842834, 10.667168191796364, 10.647189403842834, 11.647189403842834, 10.647189403842834, 12.637200009866069, 15.657178797819599, 11.657178797819599, 13.637200009866069, 8.647189403842834, 11.67715758577313]}, "0.012332585156500505": {"time": [4.245027303695679, 3.7401363849639893, 3.4281647205352783, 3.6609420776367188, 4.538050889968872, 3.5786232948303223, 3.6360013484954834, 3.4902567863464355, 3.786529064178467, 3.7382805347442627, 3.7160606384277344, 3.540830135345459, 3.6858742237091064, 3.524606943130493, 3.7996792793273926, 3.4882235527038574, 4.434392690658569, 4.174232244491577, 3.598839521408081, 3.62263822555542], "LL": [-67925.58838599703, -67925.58838611405, -67925.58838613257, -67925.58838606147, -67925.58838608289, -67925.58838630348, -67925.58838600566, -67925.58838606827, -67925.58838638493, -67925.58838599571, -67925.58838598811, -67925.58838603334, -67925.58838599877, -67925.58838605614, -67925.58838608542, -67925.58838618243, -67925.58838611688, -67925.58838599932, -67925.58838602967, -67925.58838600399], "epochs": [15.255802481316135, 11.403793503194139, 10.255802481316135, 11.255802481316135, 17.268135066472635, 11.280467651629134, 11.268135066472635, 10.305132821942136, 12.268135066472635, 11.305132821942136, 11.305132821942136, 10.292800236785634, 11.280467651629134, 10.305132821942136, 12.268135066472635, 10.255802481316135, 16.292800236785634, 15.255802481316135, 11.317465407098636, 11.255802481316135]}, "0.02": {"time": [3.949826240539551, 3.113251209259033, 3.651310920715332, 2.9429547786712646, 3.7423148155212402, 3.5268540382385254, 3.347754716873169, 3.5019586086273193, 3.371281623840332, 3.175672769546509, 3.701657772064209, 3.563115358352661, 3.2767996788024902, 3.3287014961242676, 3.4691758155822754, 3.093289613723755, 3.664731502532959, 3.5913703441619873, 3.2828316688537598, 3.828193187713623], "LL": [-67925.58838600175, -67925.58838618956, -67925.58838624839, -67925.5883864421, -67925.58838622569, -67925.58838606025, -67925.58838648774, -67925.58838628135, -67925.58838631818, -67925.58838601163, -67925.58838621409, -67925.58838643855, -67925.58838612489, -67925.58838613173, -67925.58838602666, -67925.58838613342, -67925.58838600278, -67925.58838602641, -67925.58838631432, -67925.58838603794], "epochs": [14.758774634338849, 9.738783513800163, 12.758774634338849, 8.718792393261475, 13.718792393261475, 11.798756875416224, 10.738783513800163, 11.758774634338849, 10.738783513800163, 9.758774634338849, 12.718792393261475, 12.738783513800163, 10.718792393261475, 10.738783513800163, 11.758774634338849, 9.718792393261475, 13.718792393261475, 12.758774634338849, 10.738783513800163, 14.698801272722788]}, "0.05": {"time": [3.9019832611083984, 4.374903678894043, 4.547412395477295, 3.8539254665374756, 3.556759834289551, 3.7888216972351074, 3.6090471744537354, 3.726701259613037, 4.361936092376709, 4.346000671386719, 3.6137399673461914, 4.021793842315674, 3.317178726196289, 4.655116081237793, 3.572603940963745, 3.9986517429351807, 3.766615629196167, 4.028931140899658, 4.215095520019531, 3.6677000522613525], "LL": [-67925.58838612445, -67925.58838602886, -67925.58838616066, -67925.58838617409, -67925.58838613311, -67925.58838606492, -67925.58838624826, -67925.58838601004, -67925.58838612342, -67925.58838611531, -67925.58838604487, -67925.58838612802, -67925.58838654832, -67925.58838611194, -67925.58838603707, -67925.58838602102, -67925.58838600597, -67925.58838614688, -67925.58838601579, -67925.58838635309], "epochs": [13.649729916385073, 16.59973361616062, 17.649729916385073, 12.749722516833979, 10.59973361616062, 12.649729916385073, 10.649729916385073, 11.649729916385073, 15.749722516833979, 15.749722516833979, 10.649729916385073, 13.649729916385073, 9.649729916385073, 19.549737315936166, 10.649729916385073, 12.649729916385073, 11.699726216609527, 13.699726216609527, 15.549737315936166, 10.699726216609527]}, "0.1": {"time": [3.6466422080993652, 4.935740232467651, 4.013663053512573, 4.1370391845703125, 4.772104024887085, 3.632117748260498, 4.059239625930786, 4.085702180862427, 4.051877498626709, 3.924440622329712, 4.487484693527222, 3.9373223781585693, 3.710620164871216, 5.037949800491333, 4.081449747085571, 4.03525447845459, 4.117269039154053, 4.12451434135437, 4.515804767608643, 4.037909746170044], "LL": [-67925.58838645378, -67925.58838672204, -67925.58838614514, -67925.58838606329, -67925.58838606495, -67925.58838625903, -67925.58838615722, -67925.58838642837, -67925.58838603468, -67925.5883862479, -67925.58838606489, -67925.58838626953, -67925.58838605805, -67925.5883863972, -67925.58838605785, -67925.5883861451, -67925.58838616667, -67925.58838600904, -67925.58838600822, -67925.5883860623], "epochs": [10.09969661840515, 18.199689218854054, 12.199689218854056, 13.199689218854056, 16.399674419751868, 10.09969661840515, 12.199689218854056, 12.199689218854056, 12.09969661840515, 12.09969661840515, 15.199689218854056, 11.299681819302961, 10.899711417507337, 19.199689218854054, 12.199689218854056, 12.199689218854056, 12.199689218854056, 12.199689218854056, 15.199689218854056, 12.199689218854056]}, "0.2": {"time": [4.581769227981567, 4.714031934738159, 4.584607124328613, 4.580037832260132, 4.648934602737427, 4.09999942779541, 4.400212526321411, 4.414448499679565, 5.194180011749268, 4.628166198730469, 4.5307488441467285, 4.482985496520996, 5.555937767028809, 4.719159126281738, 4.799533128738403, 4.971695899963379, 4.653357744216919, 4.6967856884002686, 4.264370679855347, 4.636381387710571], "LL": [-67925.58838602286, -67925.5883874774, -67925.58838605523, -67925.58838602384, -67925.58838607633, -67925.58838786178, -67925.5883869042, -67925.58838612596, -67925.58838607928, -67925.58838599776, -67925.58838599197, -67925.5883866572, -67925.58838614165, -67925.58838601415, -67925.58838603891, -67925.58838609513, -67925.58838630618, -67925.58838622438, -67925.58838618614, -67925.58838600734], "epochs": [14.199935870557187, 14.399933404040155, 14.799940803591248, 13.199935870557187, 14.799940803591248, 10.999938337074218, 12.199935870557187, 12.399933404040155, 18.199935870557187, 13.199935870557187, 12.999938337074218, 12.399933404040155, 20.199935870557187, 13.399933404040155, 15.999938337074218, 14.399933404040155, 14.799940803591248, 13.999938337074218, 11.999938337074218, 14.999938337074218]}, "0.5": {"time": [5.2172276973724365, 5.223092555999756, 4.95505690574646, 5.405492782592773, 5.829366207122803, 5.467954158782959, 5.934962272644043, 5.6550586223602295, 5.004293918609619, 5.305170059204102, 5.492581844329834, 4.750522136688232, 5.90418004989624, 5.26626992225647, 5.33359694480896, 6.0408408641815186, 5.377522706985474, 5.425220489501953, 5.374068021774292, 5.546485662460327],