{"batch": {"0.01": {"time": [3.4888341426849365, 3.3989689350128174, 3.3016464710235596, 3.590986967086792, 3.64113187789917, 3.9775567054748535, 3.7526838779449463, 3.946650266647339, 3.4472849369049072, 3.5903046131134033, 3.661088228225708, 3.5445191860198975, 3.233566999435425, 3.7906785011291504, 3.8296802043914795, 3.6326828002929688, 3.4243617057800293, 3.6843764781951904, 3.4257607460021973, 3.4522011280059814], "LL": [-67925.58838603525, -67925.58838652716, -67925.58838716075, -67925.58838603736, -67925.5883861774, -67925.58838607631, -67925.58838615802, -67925.58838611929, -67925.5883861923, -67925.58838603945, -67925.5883861457, -67925.58838612694, -67925.58838636757, -67925.58838604401, -67925.58838625667, -67925.58838604201, -67925.58838616265, -67925.58838613037, -67925.5883860611, -67925.58838609257], "epochs": [10.637200009866069, 10.657178797819599, 9.78704091951755, 11.637200009866069, 11.657178797819599, 13.647189403842834, 12.637200009866069, 14.647189403842834, 10.687146979749896, 11.647189403842834, 11.667168191796364, 11.657178797819599, 9.637200009866069, 12.637200009866069, 12.687146979749896, 11.647189403842834, 10.667168191796364, 11.657178797819599, 10.637200009866069, 10.667168191796364]}, "0.012332585156500505": {"time": [3.57082462310791, 3.978550910949707, 3.733302354812622, 4.230385780334473, 5.0261499881744385, 3.8758912086486816, 3.6883373260498047, 3.735348701477051, 4.138977766036987, 3.8813538551330566, 3.418832302093506, 3.821578025817871, 3.786146640777588, 3.2982470989227295, 4.772027969360352, 3.8511977195739746, 4.517590284347534, 3.6611156463623047, 3.2803049087524414, 4.194145202636719], "LL": [-67925.5883877046, -67925.58838602381, -67925.58838630104, -67925.58838609561, -67925.58838603155, -67925.58838610667, -67925.5883862118, -67925.58838599487, -67925.58838600581, -67925.58838602528, -67925.5883860044, -67925.58838599909, -67925.5883861075, -67925.58838722772, -67925.58838599747, -67925.58838607227, -67925.58838599363, -67925.58838599536, -67925.58838683876, -67925.58838599919], "epochs": [10.268135066472635, 12.268135066472635, 11.268135066472635, 14.329797992255136, 20.255802481316135, 12.280467651629134, 11.268135066472635, 11.280467651629134, 14.317465407098636, 12.317465407098636, 10.231137311003133, 12.280467651629134, 12.255802481316135, 9.255802481316135, 18.280467651629134, 12.268135066472635, 16.268135066472635, 11.255802481316135, 9.268135066472635, 14.292800236785634]}, "0.02": {"time": [3.8953962326049805, 3.162726402282715, 3.4490184783935547, 3.2434377670288086, 3.4738333225250244, 3.655508279800415, 3.8960423469543457, 3.499116897583008, 3.7105329036712646, 3.854424238204956, 3.4152603149414062, 3.678208589553833, 3.526224374771118, 3.6524081230163574, 3.7713446617126465, 3.433716297149658, 3.9594037532806396, 3.803492307662964, 3.413123607635498, 3.7939491271972656], "LL": [-67925.58838629567, -67925.58838657947, -67925.588386098, -67925.58838601936, -67925.58838650111, -67925.58838602336, -67925.58838603644, -67925.58838602743, -67925.58838607813, -67925.58838599251, -67925.58838602688, -67925.58838603027, -67925.58838612963, -67925.58838615112, -67925.58838627732, -67925.58838611067, -67925.58838601391, -67925.58838602343, -67925.5883860402, -67925.58838602564], "epochs": [13.758774634338849, 9.738783513800163, 10.758774634338849, 9.738783513800163, 10.758774634338849, 11.738783513800163, 13.718792393261475, 10.738783513800163, 12.698801272722788, 12.758774634338849, 10.758774634338849, 12.738783513800163, 11.718792393261475, 12.698801272722788, 12.778765754877536, 10.758774634338849, 13.738783513800163, 12.758774634338849, 10.738783513800163, 12.738783513800163]}, "0.05": {"time": [4.014568567276001, 3.6429402828216553, 4.04556131362915, 4.240482568740845, 4.194692134857178, 4.119464874267578, 3.8928029537200928, 4.0037617683410645, 3.8235440254211426, 3.9705047607421875, 3.632704496383667, 4.487836122512817, 3.8019354343414307, 3.671653985977173, 3.8670132160186768, 3.94832444190979, 4.498895168304443, 4.866541862487793, 3.877852201461792, 3.758633613586426], "LL": [-67925.58838617039, -67925.58838620203, -67925.58838610156, -67925.58838628864, -67925.5883860012, -67925.58838623078, -67925.58838606323, -67925.58838599101, -67925.58838651078, -67925.58838605329, -67925.58838608646, -67925.58838601306, -67925.58838617225, -67925.58838628615, -67925.58838600342, -67925.5883862601, -67925.58838604474, -67925.58838612982, -67925.58838634951, -67925.58838616057], "epochs": [12.699726216609527, 10.649729916385073, 12.699726216609527, 13.699726216609527, 13.699726216609527, 13.59973361616062, 11.649729916385073, 11.749722516833979, 11.749722516833979, 12.699726216609527, 10.59973361616062, 15.699726216609527, 11.549737315936166, 10.649729916385073, 11.649729916385073, 11.649729916385073, 15.649729916385073, 18.699726216609527, 11.649729916385073, 10.699726216609527]}, "0.1": {"time": [4.184101343154907, 4.210310935974121, 4.324175834655762, 4.517183542251587, 5.172550439834595, 3.963149070739746, 4.1397786140441895, 4.689905405044556, 4.542456150054932, 3.886950969696045, 4.104769468307495, 4.031529188156128, 4.551971673965454, 3.9821224212646484, 4.056172132492065, 4.397481679916382, 4.198560476303101, 3.8831729888916016, 4.12610387802124, 4.171428203582764], "LL": [-67925.58838621808, -67925.58838626949, -67925.58838627115, -67925.58838607822, -67925.58838603803, -67925.58838601176, -67925.58838598976, -67925.58838602774, -67925.58838605353, -67925.58838632208, -67925.58838603113, -67925.58838600242, -67925.58838605617, -67925.5883860777, -67925.58838718198, -67925.58838634656, -67925.58838602793, -67925.58838610433, -67925.58838602032, -67925.58838618234], "epochs": [12.999704017956244, 12.999704017956244, 14.09969661840515, 15.09969661840515, 19.199689218854054, 11.899711417507337, 12.199689218854056, 15.999704017956244, 15.09969661840515, 11.09969661840515, 12.09969661840515, 11.999704017956244, 15.09969661840515, 11.199689218854056, 12.09969661840515, 13.299681819302961, 13.199689218854056, 11.09969661840515, 13.09969661840515, 13.09969661840515]}, "0.2": {"time": [4.845562219619751, 5.080578088760376, 5.439514636993408, 4.667020320892334, 4.279308080673218, 4.453108549118042, 4.574094772338867, 5.501178026199341, 4.995239019393921, 4.584831953048706, 4.384699583053589, 4.734527587890625, 5.620961904525757, 4.545539379119873, 4.538289785385132, 5.541168451309204, 4.73687744140625, 4.9978508949279785, 4.732016563415527, 5.1719582080841064], "LL": [-67925.58838601822, -67925.58838618344, -67925.58838599172, -67925.58838604568, -67925.58838619165, -67925.58838744425, -67925.58838599757, -67925.58838660957, -67925.58838601186, -67925.58838616537, -67925.58838605622, -67925.58838610801, -67925.58838615211, -67925.5883859883, -67925.588386007, -67925.58838614839, -67925.58838601853, -67925.58838617468, -67925.58838640523, -67925.58838612039], "epochs": [14.999938337074218, 16.199935870557187, 18.199935870557187, 13.999938337074218, 11.999938337074218, 12.999938337074218, 12.999938337074218, 18.399933404040155, 16.99993833707422, 13.199935870557187, 12.199935870557187, 14.199935870557187, 20.199935870557187, 12.999938337074218, 12.999938337074218, 19.399933404040155, 14.199935870557187, 15.399933404040155, 14.199935870557187, 16.399933404040155]}, "0.5": {"time": [5.687602996826172, 5.779554843902588, 5.760752201080322, 5.554932594299316, 4.4767067432403564, 5.967792987823486, 5.156881809234619, 5.129452705383301, 5.807062149047852, 5.328385591506958, 4.785911560058594, 5.142678499221802, 4.976166009902954, 5.6222569942474365, 5.03310227394104, 6.071706295013428, 5.247482776641846, 4.959610462188721, 5.012549877166748, 5.865325212478638],