{"batch": {"0.01": {"time": [14.524674415588379], "LL": [-67925.58838620697], "epochs": [14.67715758577313]}}}