{"perc_hybrid": {"0": {"time": [15.927061796188354, 19.026021718978882, 18.306281805038452, 18.75685977935791, 18.556912183761597, 18.58658766746521, 18.454792022705078, 16.791234254837036, 17.932596683502197, 18.079011917114258], "LL": [-67925.5883859947, -67925.58838598698, -67925.58838600357, -67925.588386074, -67925.58838598763, -67925.58838604101, -67925.58838608625, -67925.58838600427, -67925.58838601017, -67925.58838620796], "epochs": [19.268135066472635, 21.342130577411638, 21.255802481316135, 19.268135066472635, 20.268135066472635, 20.403793503194137, 20.292800236785634, 19.24346989615963, 20.292800236785634, 20.305132821942138]}}}