{"perc_hybrid": {"0": {"time": [5.110909461975098, 5.196874380111694, 5.431456565856934, 5.196778297424316, 5.015744209289551, 5.219946622848511, 5.288922309875488, 5.2054455280303955, 5.0509302616119385, 5.220672607421875], "LL": [-67925.58838599472, -67925.58838631317, -67925.5883860003, -67925.58838599343, -67925.58838612124, -67925.58838621665, -67925.58838599482, -67925.5883859995, -67925.58838598686, -67925.58838598685], "epochs": [20.268135066472635, 20.280467651629134, 21.268135066472635, 20.280467651629134, 20.268135066472635, 21.280467651629134, 22.255802481316135, 21.24346989615963, 20.24346989615963, 22.255802481316135]}, "5": {"time": [5.117414474487305, 5.115222692489624, 5.123872995376587, 5.228016376495361, 5.019007444381714, 5.15896463394165, 5.048171043395996, 5.567179918289185, 4.8814568519592285, 5.376261949539185], "LL": [-67925.58838598678, -67925.58838601716, -67925.58838625779, -67925.58838609148, -67925.58838598685, -67925.58838627137, -67925.58838600475, -67925.58838598906, -67925.5883860115, -67925.58838598925], "epochs": [20.280467651629134, 20.268135066472635, 19.305132821942138, 21.255802481316135, 19.24346989615963, 20.255802481316135, 20.255802481316135, 22.292800236785634, 17.268135066472635, 21.280467651629134]}, "10": {"time": [5.076171875, 4.419093370437622, 4.364856719970703, 5.234003067016602, 4.286301136016846, 4.894611120223999, 4.481524467468262, 4.039512872695923, 5.10081934928894, 4.898127555847168], "LL": [-67925.5883859983, -67925.58838607401, -67925.58838611942, -67925.58838630772, -67925.58838600604, -67925.58838605482, -67925.5883862012, -67925.58838607802, -67925.58838599156, -67925.58838685299], "epochs": [19.255802481316135, 14.280467651629134, 14.280467651629134, 20.268135066472635, 14.255802481316135, 18.280467651629134, 16.24346989615963, 12.37912833288114, 20.268135066472635, 19.280467651629134]}, "15": {"time": [4.937839984893799, 4.2775938510894775, 4.352845668792725, 4.533604621887207, 4.896914482116699, 4.5516064167022705, 4.21558690071106, 4.141796588897705, 4.224362850189209, 4.273516416549683], "LL": [-67925.58838606291, -67925.58838599389, -67925.5883861141, -67925.58838745201, -67925.58838600875, -67925.58838601464, -67925.58838608388, -67925.58838640767, -67925.58838636815, -67925.5883860408], "epochs": [19.255802481316135, 14.305132821942136, 15.292800236785634, 16.255802481316135, 19.292800236785634, 16.268135066472635, 14.255802481316135, 13.280467651629134, 15.255802481316135, 14.280467651629134]}, "20": {"time": [3.7002029418945312, 3.761383295059204, 3.5539729595184326, 4.423661470413208, 3.703979730606079, 3.4638688564300537, 3.71154522895813, 4.12484073638916, 3.789015293121338, 3.4993669986724854], "LL": [-67925.5883860141, -67925.58838599837, -67925.58838629432, -67925.58838648688, -67925.58838613304, -67925.58838640063, -67925.5883861536, -67925.58838610562, -67925.5883862155, -67925.58838621859], "epochs": [11.280467651629134, 11.292800236785634, 10.305132821942136, 17.255802481316135, 11.280467651629134, 10.255802481316135, 11.280467651629134, 15.280467651629134, 12.268135066472635, 10.280467651629134]}, "25": {"time": [3.5101823806762695, 4.1495208740234375, 4.301943302154541, 3.6984364986419678, 3.622222900390625, 3.9065775871276855, 3.9106225967407227, 3.9312517642974854, 3.814822196960449, 3.699276924133301], "LL": [-67925.58838633378, -67925.58838599158, -67925.5883860447, -67925.58838611118, -67925.58838620014, -67925.58838620773, -67925.58838601093, -67925.58838619679, -67925.58838610463, -67925.58838618106], "epochs": [10.280467651629134, 14.292800236785634, 15.255802481316135, 11.268135066472635, 11.268135066472635, 13.243469896159633, 13.268135066472635, 13.280467651629134, 12.292800236785634, 11.280467651629134]}, "30": {"time": [3.879296064376831, 3.43414044380188, 4.252280235290527, 3.982029914855957, 4.482839584350586, 3.582960367202759, 4.522042751312256, 4.157283544540405, 3.8646464347839355, 3.793642044067383], "LL": [-67925.58838611, -67925.58838605272, -67925.58838609315, -67925.5883860561, -67925.58838602039, -67925.58838604415, -67925.5883860549, -67925.58838604696, -67925.58838608497, -67925.5883861812], "epochs": [12.280467651629134, 10.268135066472635, 15.268135066472635, 13.305132821942136, 17.268135066472635, 10.255802481316135, 17.317465407098638, 15.268135066472635, 13.255802481316135, 12.292800236785634]}, "35": {"time": [5.135092496871948, 3.6795084476470947, 3.888640880584717, 3.9539923667907715, 3.6939117908477783, 4.125891208648682, 3.73533296585083, 3.2748687267303467, 3.2985708713531494, 4.046041488647461], "LL": [-67925.58838600856, -67925.58838599875, -67925.58838624113, -67925.58838608513, -67925.58838610991, -67925.58838601396, -67925.5883860318, -67925.58838618461, -67925.58838614289, -67925.58838601616], "epochs": [22.292800236785634, 11.268135066472635, 13.268135066472635, 13.268135066472635, 11.255802481316135, 14.268135066472635, 11.317465407098636, 9.268135066472635, 9.280467651629134, 14.268135066472635]}, "40": {"time": [3.990280866622925, 3.735450029373169, 3.55183744430542, 4.083968877792358, 4.0367350578308105, 3.7096140384674072, 3.576200008392334, 3.9308557510375977, 3.7310245037078857, 3.898174285888672], "LL": [-67925.58838605872, -67925.58838621798, -67925.58838621677, -67925.58838599389, -67925.58838637397, -67925.58838617847, -67925.588385989, -67925.58838622634, -67925.58838617709, -67925.58838604834], "epochs": [15.292800236785634, 13.280467651629134, 12.243469896159633, 15.292800236785634, 16.268135066472635, 13.268135066472635, 11.280467651629134, 15.280467651629134, 14.255802481316135, 14.305132821942136]}, "45": {"time": [3.2915546894073486, 3.7251148223876953, 3.7590160369873047, 4.164418458938599, 3.4579250812530518, 4.179079055786133, 3.4067955017089844, 3.8045406341552734, 3.5820090770721436, 4.09304404258728], "LL": [-67925.58838610759, -67925.58838600414, -67925.58838609052, -67925.58838609578, -67925.5883863837, -67925.58838602879, -67925.58838629068, -67925.58838604655, -67925.58838604215, -67925.58838615927], "epochs": [10.280467651629134, 13.255802481316135, 14.243469896159633, 16.305132821942138, 11.268135066472635, 16.280467651629134, 10.268135066472635, 14.243469896159633, 12.280467651629134, 16.280467651629134]}, "50": {"time": [3.6526129245758057, 3.57910418510437, 3.6311893463134766, 3.7051069736480713, 3.59314227104187, 3.5673375129699707, 3.678989887237549, 4.104835748672485, 4.365428686141968, 4.009284734725952], "LL": [-67925.58838636529, -67925.5883867641, -67925.5883862301, -67925.58838634408, -67925.58838602739, -67925.58838602118, -67925.58838708016, -67925.58838610635, -67925.58838611846, -67925.58838607308], "epochs": [12.305132821942136, 12.255802481316135, 13.243469896159633, 13.292800236785634, 12.280467651629134, 12.255802481316135, 13.280467651629134, 16.280467651629134, 18.292800236785634, 15.268135066472635]}, "55": {"time": [3.4781100749969482, 4.215032339096069, 3.717041015625, 4.132535457611084, 3.9960100650787354, 4.12663722038269, 3.7585971355438232, 4.15095329284668, 4.054440975189209, 3.866255283355713], "LL": [-67925.58838635798, -67925.5883859908, -67925.58838605098, -67925.58838600041, -67925.58838600358, -67925.58838604935, -67925.58838608216, -67925.58838606087, -67925.58838615047, -67925.58838619152], "epochs": [11.292800236785634, 17.268135066472635, 13.280467651629134, 16.255802481316135, 15.280467651629134, 16.280467651629134, 14.243469896159633, 16.292800236785634, 16.255802481316135, 14.280467651629134]}, "60": {"time": [4.051641941070557, 3.34144926071167, 3.4829468727111816, 4.226997137069702, 3.8728482723236084, 3.562525749206543, 4.040344953536987, 4.114835500717163, 3.840818405151367, 4.25088357925415], "LL": [-67925.58838599453, -67925.58838612566, -67925.58838610782, -67925.58838602982, -67925.58838620209, -67925.58838602183, -67925.58838603587, -67925.58838607452, -67925.5883861107, -67925.58838605344],