{"base": {"time": [371.5016825199127, 367.9363782405853, 638.047917842865, 471.25733375549316, 394.0732316970825, 402.9275646209717, 443.5079391002655, 528.7199096679688, 406.2702627182007, 406.40440106391907, 391.9221477508545, 377.1362729072571, 524.7444648742676, 354.6947138309479, 391.9441180229187, 369.006560087204, 422.69335103034973, 397.9138810634613, 356.95979046821594, 377.5567753314972], "LL": [-52645.96519305108, -52645.96519304798, -52645.965193062504, -52645.965193134325, -52645.9651930918, -52645.96519308295, -52645.96519302981, -52645.96519306532, -52645.9651930486, -52645.96519312633, -52645.96519311158, -52645.965193138974, -52645.96519310112, -52645.96519305399, -52645.96519305002, -52645.96519301675, -52645.96519307193, -52645.96519301515, -52645.96519311653, -52645.965193022304], "epochs": [16.64832400167723, 15.697654342303231, 14.64938460400069, 15.771649853242234, 17.10462965246775, 15.845645364181237, 14.8837037219742, 14.143748612584169, 18.3132229978048, 15.527119354759144, 15.783982438398736, 18.055299311841747, 14.279407049305675, 16.64832400167723, 16.857977949337737, 19.042966726685247, 17.253681276669212, 18.068692499321706, 18.266013861825716, 16.451002639173222]}}