{"perc_hybrid": {"0": {"time": [969.4332690238953, 1206.610517024994, 906.5603368282318, 1206.6557857990265, 788.120016336441, 873.1436126232147, 877.4318480491638, 884.9735186100006, 898.6764011383057, 1067.672256231308], "LL": [-52645.965193042684, -52645.96519301952, -52645.96519302377, -52645.965193000644, -52645.96519305811, -52645.96519304356, -52645.96519308121, -52645.96519302197, -52645.96519306724, -52645.96519305683], "epochs": [86.52711935475915, 111.30513282194214, 81.44079125866364, 112.30513282194214, 72.02042276101916, 78.78610364304566, 78.49012159928964, 82.46545642897664, 83.98342500554966, 98.52711935475915]}, "5": {"time": [600.4995822906494, 531.2320685386658, 478.79732036590576, 558.424565076828, 576.369535446167, 606.2549383640289, 676.3461201190948, 534.1695785522461, 602.8921008110046, 586.5082011222839], "LL": [-52645.96519301893, -52645.96519301181, -52645.96519307279, -52645.96519300569, -52645.96519303183, -52645.96519306543, -52645.965193029624, -52645.965193029435, -52645.96519302813, -52645.96519301329], "epochs": [48.193078953210176, 39.847766568828156, 35.95875983523666, 44.98342500554966, 45.378067730557675, 46.03275534617566, 51.193078953210176, 43.00809017586266, 50.304072219618675, 48.98342500554966]}, "10": {"time": [546.114697933197, 493.47525572776794, 479.23412346839905, 436.3215491771698, 533.1575336456299, 530.8918349742889, 609.3181114196777, 582.0451600551605, 497.82025504112244, 435.1227650642395], "LL": [-52645.96519308487, -52645.96519301741, -52645.965193034725, -52645.96519306751, -52645.96519302019, -52645.96519301655, -52645.965193017895, -52645.965193039716, -52645.96519301847, -52645.96519302229], "epochs": [34.64938460400069, 34.698714944626694, 32.711047529783194, 28.698714944626694, 31.279407049305675, 34.304072219618675, 34.316404804775175, 42.82098019386824, 31.48906099696618, 28.66171718915719]}, "15": {"time": [476.5136842727661, 475.31154680252075, 498.03165102005005, 427.49365282058716, 687.6648573875427, 430.71973419189453, 529.5509495735168, 466.16236639022827, 508.20298647880554, 535.7085745334625], "LL": [-52645.96519301322, -52645.965193054086, -52645.96519301625, -52645.96519303483, -52645.96519302931, -52645.96519309997, -52645.965193018, -52645.96519302257, -52645.965193005904, -52645.96519300273], "epochs": [34.279407049305675, 33.341069975088175, 33.9083688922872, 26.526058752435684, 40.05742051648866, 27.513726167279184, 38.8713711368177, 31.501393582122684, 35.8837037219742, 36.7973756258787]}, "20": {"time": [380.44543409347534, 414.9495646953583, 455.6364531517029, 443.55449390411377, 490.6059925556183, 559.531357049942, 413.54687428474426, 409.73137950897217, 654.4389696121216, 453.0654127597809], "LL": [-52645.965193122, -52645.96519302402, -52645.96519303433, -52645.96519302999, -52645.96519302627, -52645.96519303192, -52645.96519308743, -52645.96519300956, -52645.96519305797, -52645.96519302823], "epochs": [16.8960363071307, 19.303011617295216, 24.09229706731125, 19.970031818069703, 19.68532175714673, 20.042966726685247, 19.09229706731125, 19.290679032138716, 18.67404977431369, 19.488000394642725]}, "25": {"time": [545.6463227272034, 442.11790895462036, 414.8286895751953, 503.8160471916199, 661.2822642326355, 424.3983042240143, 446.1358554363251, 554.1029450893402, 540.9854397773743, 440.82952642440796], "LL": [-52645.96519301336, -52645.965193017815, -52645.96519306377, -52645.96519301727, -52645.96519300946, -52645.96519301275, -52645.965193009935, -52645.96519302263, -52645.96519300679, -52645.96519301425], "epochs": [22.240288089189256, 20.37700712823422, 19.68532175714673, 21.241348691512712, 24.390400315714178, 21.030634141528747, 21.68532175714673, 33.64832400167723, 21.414004883703722, 22.66065658683373]}, "30": {"time": [636.2461397647858, 410.0573034286499, 456.9959077835083, 456.53318095207214, 596.0758924484253, 415.45700454711914, 451.7695071697235, 529.2225711345673, 421.11905121803284, 431.549165725708], "LL": [-52645.96519302034, -52645.96519301359, -52645.965193003416, -52645.96519300951, -52645.96519303039, -52645.96519301023, -52645.96519300796, -52645.96519307314, -52645.965193020034, -52645.96519301757], "epochs": [20.266013861825716, 19.63599141652073, 21.178625163406753, 22.8960363071307, 23.278346446982216, 19.68532175714673, 20.044027329008706, 19.90942949461066, 20.64832400167723, 20.69765434230323]}, "35": {"time": [614.2210597991943, 508.85515332221985, 419.5891180038452, 423.0865752696991, 508.67458176612854, 520.3271374702454, 470.2681043148041, 459.75817918777466, 423.14932918548584, 527.7948870658875], "LL": [-52645.96519300644, -52645.965193038865, -52645.96519301126, -52645.96519300511, -52645.96519301456, -52645.965193008175, -52645.96519301413, -52645.96519306649, -52645.96519301019, -52645.96519301472], "epochs": [23.72231951261623, 22.993636386059244, 20.253681276669212, 20.68532175714673, 21.055299311841747, 26.15183878844683, 21.796315023555238, 18.586661075894728, 20.290679032138716, 19.88264311965074]}, "40": {"time": [773.1928443908691, 635.7770476341248, 576.6129081249237, 563.0622947216034, 779.9420788288116, 527.2614562511444, 685.1951398849487, 631.9101006984711, 660.9682114124298, 605.6454963684082], "LL": [-52645.965193008364, -52645.96519303823, -52645.96519300842, -52645.96519303709, -52645.965193005235, -52645.965193046926, -52645.96519300781, -52645.965193020085, -52645.96519300379, -52645.96519301421], "epochs": [23.43973065634018, 18.451002639173222, 21.3255555829613, 21.10250844782083, 27.267074464149175, 17.499272377475766, 19.082085686801666, 24.473546604839306, 18.032755346175666, 24.44079125866364]}, "45": {"time": [624.6176619529724, 629.7036035060883, 560.851674079895, 725.0409264564514, 545.60396027565, 610.42631483078, 539.9351348876953, 681.6699154376984, 634.2185842990875, 531.0017392635345], "LL": [-52645.965193008764, -52645.96519303579, -52645.96519305977, -52645.96519300573, -52645.96519318621, -52645.96519301461, -52645.96519302728, -52645.96519301353, -52645.96519300381, -52645.96519305949], "epochs": [21.547542115778306, 21.69977554695015, 21.028512936881828, 24.14374861258417, 19.403793503194137, 27.251560072022297, 17.379128332881137, 20.003847766568825, 20.736773302419653, 18.329797992255138]}, "50": {"time": [994.5640981197357, 526.9084496498108, 628.4149751663208, 608.0681056976318, 594.9315102100372, 565.0812575817108, 637.4072389602661, 703.1209433078766, 609.4866955280304, 561.1018397808075], "LL": [-52645.965193061296, -52645.96519300898, -52645.965193005875, -52645.965193007985, -52645.96519301661, -52645.96519300512, -52645.96519300573, -52645.96519302465, -52645.96519300872, -52645.96519300741], "epochs": [28.46333522432972, 18.280467651629134, 28.403793503194137, 20.576449695385147, 19.721258910292775, 23.016180351725325, 28.403793503194137, 25.89709690945416, 23.59793305872777, 21.003847766568825]}, "55": {"time": [543.4817585945129, 627.4934616088867, 557.2300114631653, 633.6695382595062, 550.1531620025635, 606.9559397697449, 552.137225151062, 609.5168154239655, 590.9834220409393, 600.4242024421692], "LL": [-52645.96519300303, -52645.965193089236, -52645.96519300591, -52645.965193018215, -52645.96519302907, -52645.96519300194, -52645.96519300468, -52645.96519300486, -52645.965193010335, -52645.96519301537], "epochs": [20.003847766568825, 19.707865722812812, 20.239227486865794, 20.695533137656312, 20.342130577411638, 24.3625533384308, 20.07784327750783, 18.633870211873813, 24.07784327750783, 25.3378881681178]}, "60": {"time": [615.7233390808105, 594.747177362442, 572.8033766746521, 660.5398504734039, 1017.4226098060608, 571.4281718730927, 591.8346009254456, 589.2321455478668, 849.3349659442902, 915.95893907547], "LL": [-52645.96519301703, -52645.965193003794, -52645.96519300168, -52645.96519303539, -52645.965193012635, -52645.96519303447, -52645.965193013144, -52645.96519301047, -52645.965193060205, -52645.965193009855],