{"thresh_upd": {"0.1": {"time": [3347.533708333969, 2149.65167593956, 2119.6166932582855, 1306.0697150230408, 1489.0524628162384, 3244.1540372371674, 1285.2095234394073, 874.9527089595795, 2494.2860255241394, 1992.3115899562836, 1711.1578750610352, 4231.197617053986, 1312.8964314460754, 1463.280071258545, 707.269364118576, 1688.750313282013, 1483.128021478653, 1662.0902125835419, 1567.3131232261658, 1832.853102684021], "LL": [-52645.9651930955, -52645.96519309165, -52645.96519305902, -52645.96519301075, -52645.9651930101, -52645.96519303031, -52645.965193059186, -52645.96519306793, -52645.965193057586, -52645.965193074655, -52645.965193025426, -52645.9651930842, -52645.96519300672, -52645.96519307206, -52645.965193055745, -52645.96519302154, -52645.96519302973, -52645.965193020274, -52645.96519303385, -52645.965193039854], "epochs": [27.17716991835827, 23.77337641516413, 23.92136743704215, 20.69129072836247, 23.749771847174593, 30.124657770761857, 20.2832548158745, 18.7674074439484, 27.276891201933783, 24.20607749796512, 23.577115654983608, 34.4410625755371, 22.65111116592259, 21.19586611745553, 18.7427422736354, 22.787830204967555, 22.134203191673038, 23.589448240140094, 29.841008312162383, 23.52778531435758]}, "0.2": {"time": [669.1974050998688, 736.9990975856781, 711.8064272403717, 961.2737085819244, 961.1614849567413, 685.0805122852325, 516.8014452457428, 578.5928127765656, 1057.3781294822693, 688.5270295143127, 914.4623277187347, 661.6566956043243, 1003.8938548564911, 943.9880440235138, 593.9558005332947, 813.7203342914581, 762.1813571453094, 480.5420684814453, 621.1367676258087, 595.4819073677063], "LL": [-52645.965193030956, -52645.96519302934, -52645.96519301225, -52645.96519302816, -52645.96519305344, -52645.96519307686, -52645.96519301052, -52645.965193093216, -52645.96519302743, -52645.965193110314, -52645.9651930304, -52645.9651930186, -52645.965193028416, -52645.9651930413, -52645.96519300564, -52645.965193007694, -52645.96519306236, -52645.96519302114, -52645.96519303325, -52645.96519302187], "epochs": [19.138445600966875, 19.03766371506795, 18.95345682361937, 18.853735540043907, 20.65323237056952, 19.631749007226897, 17.658535382186813, 18.336827565794344, 18.877340108033447, 18.21244111190588, 18.13738499864342, 18.669807365019857, 18.988333374441954, 18.273043435364926, 19.74380287595886, 19.69235133068594, 17.422095059566388, 19.176503958759834, 17.262832054855338, 18.76846804627186]}, "0.5": {"time": [470.6539967060089, 374.26991152763367, 417.54590582847595, 452.09442257881165, 481.5372540950775, 368.6719970703125, 579.8530423641205, 495.342276096344, 475.9154372215271, 673.2420706748962, 686.7566606998444, 482.3327944278717, 546.3335342407227, 413.3181881904602, 709.357531785965, 571.2881937026978, 723.7740483283997, 505.57311272621155, 647.2497637271881, 631.4854979515076], "LL": [-52645.965193058066, -52645.96519305585, -52645.96519302606, -52645.96519309086, -52645.965193022945, -52645.9651930431, -52645.96519303296, -52645.96519304876, -52645.965193020806, -52645.965193190335, -52645.96519301986, -52645.96519305298, -52645.965193073156, -52645.9651931203, -52645.965193321696, -52645.965193070566, -52645.96519302286, -52645.965193131015, -52645.96519302642, -52645.9651930194], "epochs": [17.078903879831287, 14.684261154823272, 20.054238709518287, 17.943245443109785, 18.436548849369807, 17.90624768764028, 17.02851293688183, 18.152899390770294, 17.12823422045729, 15.473546604839305, 17.238166884542338, 16.758256665762275, 18.01511974940187, 18.11590163530079, 16.2762252423353, 17.57220728609131, 15.732530893125817, 16.3378881681178, 15.744863478282317, 16.584539871247813]}, "1": {"time": [416.7562358379364, 342.27712202072144, 355.2788887023926, 517.4405860900879, 652.9474575519562, 367.3575246334076, 373.66625022888184, 334.1358094215393, 392.8543963432312, 339.7894344329834, 429.9464626312256, 348.989529132843, 368.55732131004333, 364.50829792022705, 376.9707338809967, 357.4822909832001, 478.32762002944946, 345.47434878349304, 361.11162996292114, 370.9611668586731], "LL": [-52645.965193142336, -52645.96519318736, -52645.96519302417, -52645.965193010605, -52645.96519306014, -52645.965193036325, -52645.96519303943, -52645.96519301437, -52645.96519311776, -52645.96519307284, -52645.965193063144, -52645.96519306173, -52645.96519306174, -52645.96519302664, -52645.96519317344, -52645.965193038675, -52645.96519300774, -52645.96519312095, -52645.9651930714, -52645.965193025724], "epochs": [15.736773302419653, 15.709986927459733, 17.67298917199023, 15.857977949337737, 15.044027329008706, 17.15395999309375, 17.56093530325827, 15.672989171990231, 14.229016106356214, 16.66065658683373, 14.451002639173222, 16.69765434230323, 18.300890412648297, 16.783982438398738, 14.561995905581727, 15.41400488370372, 15.648324001677231, 17.055299311841747, 18.239227486865794, 19.067631896998247]}, "2": {"time": [314.5986919403076, 355.53875398635864, 321.0533444881439, 344.7109522819519, 333.9074592590332, 319.9353938102722, 321.24495577812195, 308.4013786315918, 312.74604964256287, 343.6933879852295, 329.2136733531952, 327.20441699028015, 307.0596127510071, 349.40932750701904, 303.0437023639679, 349.3210287094116, 352.8173749446869, 313.32155203819275, 335.0289511680603, 320.44492173194885], "LL": [-52645.96519324348, -52645.9651930683, -52645.96519305762, -52645.96519301484, -52645.96519302497, -52645.96519317268, -52645.96519310524, -52645.965193056974, -52645.965193061944, -52645.96519302605, -52645.96519303781, -52645.965193104224, -52645.96519303782, -52645.965193069314, -52645.9651931746, -52645.965193041164, -52645.96519305092, -52645.96519325785, -52645.96519311176, -52645.96519301086], "epochs": [14.280467651629134, 13.539451939915645, 15.268135066472635, 17.280467651629134, 16.292800236785634, 15.255802481316135, 15.255802481316135, 14.255802481316135, 14.268135066472635, 16.13141602742767, 16.255802481316135, 15.280467651629134, 14.243469896159633, 17.8467059665047, 13.280467651629134, 16.329797992255138, 17.317465407098638, 14.268135066472635, 16.268135066472635, 15.268135066472635]}, "5": {"time": [330.13437938690186, 360.1620373725891, 292.7563624382019, 313.07682609558105, 308.09470868110657, 304.3198952674866, 291.7690739631653, 314.8078718185425, 315.3569657802582, 345.482590675354, 295.37966084480286, 298.2215766906738, 314.6016080379486, 323.4460997581482, 331.9246642589569, 282.8211712837219, 291.5176649093628, 324.57729625701904, 317.7006232738495, 327.2069184780121], "LL": [-52645.96519307997, -52645.965193041986, -52645.965193086246, -52645.965193059805, -52645.96519305667, -52645.96519305562, -52645.965193129094, -52645.96519303748, -52645.965193153075, -52645.96519300522, -52645.96519342022, -52645.96519335837, -52645.96519304351, -52645.96519301703, -52645.965193017764, -52645.96519313148, -52645.96519313582, -52645.9651931015, -52645.96519306967, -52645.965193042895], "epochs": [18.18180697037713, 21.15714180006413, 14.181806970377131, 16.18180697037713, 15.16947438522063, 15.16947438522063, 14.181806970377131, 16.18180697037713, 16.18180697037713, 19.18180697037713, 14.194139555533631, 15.16947438522063, 16.18180697037713, 17.18180697037713, 18.16947438522063, 13.181806970377131, 14.16947438522063, 16.18180697037713, 16.16947438522063, 17.16947438522063]}, "10": {"time": [344.5122802257538, 310.76688504219055, 328.64232325553894, 308.6097514629364, 287.2215585708618, 297.22274446487427, 332.046439409256, 303.2027976512909, 307.9057128429413, 282.4984459877014, 340.4976751804352, 294.10672307014465, 306.8494417667389, 283.2492308616638, 295.8038241863251, 322.4598309993744, 310.1291801929474, 284.58451747894287, 295.224600315094, 299.0768790245056],