{"batch": {"0.01": {"time": [434.8821716308594, 474.8615174293518, 459.7859869003296, 400.2759807109833, 378.2604832649231, 438.5449526309967, 427.4478256702423, 454.2377576828003, 578.1611754894257, 465.8671643733978, 469.0764343738556, 436.0990915298462, 399.22979402542114, 449.8794689178467, 456.2429175376892, 470.8938777446747, 440.0849449634552, 400.95092272758484, 413.9855360984802, 530.6875660419464], "LL": [-52645.965193001786, -52645.965193009695, -52645.96519306751, -52645.96519305082, -52645.96519308716, -52645.96519300437, -52645.9651930153, -52645.965193007636, -52645.96519305157, -52645.96519301319, -52645.965193037744, -52645.96519304302, -52645.96519303109, -52645.965193015654, -52645.965193030446, -52645.9651930322, -52645.965193005955, -52645.9651930561, -52645.96519301361, -52645.96519300296], "epochs": [21.89480304861505, 25.095651530473816, 22.074612140196827, 19.91478183656858, 17.61510001726562, 20.714993957033272, 19.74496213896357, 23.924771230545346, 26.505216683521198, 25.934760624522113, 20.52519547147473, 22.904792442591813, 19.61510001726562, 22.344325777569495, 22.04464395826653, 25.635078805219152, 21.024665170313, 19.924771230545346, 19.675036381126212, 24.645068199195915]}, "0.012332585156500505": {"time": [419.366313457489, 618.1545305252075, 524.7990305423737, 463.56968235969543, 472.69049978256226, 436.0068905353546, 472.98460602760315, 419.7262051105499, 425.71390533447266, 426.13391399383545, 461.21594047546387, 525.3716726303101, 460.44372367858887, 479.29248905181885, 430.25693345069885, 490.90654969215393, 404.06898164749146, 449.1270411014557, 468.7218577861786, 440.0429356098175], "LL": [-52645.96519301906, -52645.96519300475, -52645.96519301017, -52645.96519300915, -52645.96519300745, -52645.965193005446, -52645.96519302533, -52645.96519300498, -52645.96519301127, -52645.965193062155, -52645.96519303582, -52645.96519303514, -52645.96519301772, -52645.965193016455, -52645.965193009564, -52645.96519300677, -52645.96519301281, -52645.96519300771, -52645.96519300707, -52645.965193004486], "epochs": [19.623658831364228, 21.69765434230323, 20.63599141652073, 20.746984682929234, 23.69765434230323, 21.067631896998247, 22.081025084478206, 19.68532175714673, 21.042966726685247, 20.69765434230323, 23.70998692745973, 21.637052018844187, 22.38933971339072, 19.278346446982216, 20.69765434230323, 24.845645364181237, 19.64832400167723, 23.623658831364228, 23.007029573539203, 21.12929482278075]}, "0.02": {"time": [457.70853877067566, 468.9666929244995, 422.885267496109, 433.85916447639465, 458.8074927330017, 445.7870874404907, 443.473060131073, 424.8448338508606, 512.4476506710052, 484.4325842857361, 410.5340003967285, 447.6763029098511, 466.18910336494446, 438.4690935611725, 411.9965763092041, 448.58305263519287, 415.4952609539032, 452.63337993621826, 471.65419697761536, 636.2255539894104], "LL": [-52645.96519301815, -52645.96519301916, -52645.96519301522, -52645.965193002194, -52645.9651930047, -52645.96519303569, -52645.9651931404, -52645.965193115626, -52645.96519307681, -52645.96519301258, -52645.965193024545, -52645.96519304898, -52645.96519300396, -52645.96519308464, -52645.96519300862, -52645.965193132695, -52645.96519306297, -52645.96519301426, -52645.965193020726, -52645.96519300983], "epochs": [26.677922206052834, 20.697913326591518, 21.3576203043682, 20.498002121204646, 20.95824186666009, 21.817860049823643, 20.497558148139014, 21.4180376390499, 30.13771797844264, 28.017771255210516, 20.697913326591518, 21.618392817502404, 24.017327282144883, 22.438028759588583, 20.997780134671828, 24.438028759588583, 19.737895567668893, 22.417593665984263, 20.358064277433837, 26.597513750832448]}, "0.05": {"time": [527.2174861431122, 509.97517442703247, 520.3501789569855, 513.4290022850037, 568.9182500839233, 523.0619127750397, 539.4614431858063, 517.3562154769897, 549.1918876171112, 507.32555198669434, 546.8591508865356, 564.7522637844086, 488.8520452976227, 446.63367676734924, 523.2089729309082, 541.0094864368439, 487.0883078575134, 494.5355660915375, 524.0853028297424, 499.04457426071167], "LL": [-52645.96519301776, -52645.96519302045, -52645.965193004595, -52645.965193019925, -52645.96519300964, -52645.96519301106, -52645.96519300999, -52645.965193005424, -52645.96519308667, -52645.96519303806, -52645.96519301018, -52645.96519303204, -52645.96519308178, -52645.9651932343, -52645.965193020005, -52645.965193009644, -52645.965193033895, -52645.96519301309, -52645.96519301923, -52645.96519300712], "epochs": [23.09954862738327, 20.7495745258121, 20.799570826036554, 22.299607823792023, 19.699578225587647, 20.999630022445306, 21.24953752805663, 20.7495745258121, 19.599585625138744, 20.149544927607725, 23.199541227832178, 20.649581925363194, 19.149544927607725, 16.699578225587647, 20.04947833164788, 23.599659620649682, 19.299607823792023, 20.09954862738327, 22.7495745258121, 20.299607823792023]}, "0.1": {"time": [630.0693099498749, 626.9980409145355, 728.8647627830505, 628.0054984092712, 631.09881067276, 662.5209195613861, 655.4423816204071, 601.4295399188995, 624.9418869018555, 669.5421175956726, 641.8850255012512, 603.3037748336792, 637.7285268306732, 634.2317116260529, 618.6614797115326, 607.0703675746918, 588.7734982967377, 610.5327243804932, 614.2838129997253, 595.1857206821442], "LL": [-52645.96519301055, -52645.96519304564, -52645.965193003285, -52645.96519302267, -52645.96519301746, -52645.965193038835, -52645.965193043936, -52645.965193030905, -52645.96519300437, -52645.9651931108, -52645.965193006065, -52645.9651930119, -52645.965193202464, -52645.96519301337, -52645.96519300427, -52645.96519318782, -52645.9651930246, -52645.96519311453, -52645.9651930208, -52645.96519300339], "epochs": [23.399452433219054, 20.199615223343116, 28.499667020200775, 22.09962262289421, 18.499667020200775, 24.399674419751868, 24.29968181930296, 19.499593024689837, 22.599511629627802, 22.299607823792023, 21.199615223343116, 19.29968181930296, 21.399674419751868, 20.599585625138744, 20.89956342648546, 19.89956342648546, 19.999630022445306, 20.09962262289421, 20.299533828281085, 20.39960042424093]}, "0.2": {"time": [876.2718608379364, 875.0324339866638, 768.1260800361633, 845.4110519886017, 835.6883111000061, 878.7315952777863, 886.9394659996033, 821.757482290268, 797.655544757843, 794.6281867027283, 840.6843886375427, 906.8196799755096, 895.4689054489136, 810.3849573135376, 894.0028104782104, 874.5414836406708, 858.8999500274658, 886.4681816101074, 857.0998995304108, 856.4351880550385], "LL": [-52645.96519302626, -52645.9651930077, -52645.96519302718, -52645.96519302252, -52645.96519300522, -52645.965193002696, -52645.96519301511, -52645.965193017284, -52645.965193015465, -52645.96519301366, -52645.965193027965, -52645.96519301869, -52645.96519300963, -52645.96519301581, -52645.96519302666, -52645.96519303032, -52645.96519306787, -52645.96519300326, -52645.96519300901, -52645.96519302413], "epochs": [22.599930937523123, 21.599930937523123, 19.199935870557187, 19.599930937523123, 20.999913671903904, 30.199935870557187, 22.199911205386872, 23.799916138420937, 21.799916138420937, 20.799916138420937, 23.399933404040155, 20.79992847100609, 26.399933404040155, 19.399933404040155, 19.79992847100609, 22.599930937523123, 20.599930937523123, 22.199911205386872, 22.999913671903904, 20.599930937523123]}, "0.5": {"time": [1675.220639705658, 1754.713523864746, 1698.1562986373901, 1772.8614077568054, 1697.3982138633728, 1720.7976276874542, 1669.799332857132, 1657.870244026184, 1673.2460882663727, 1764.057471036911, 1770.6830101013184, 1850.3619148731232, 1671.6092636585236, 1676.0223109722137, 1763.0127203464508, 1679.4930720329285, 1692.9826016426086, 1806.743310213089, 1784.7495486736298, 1683.9587457180023],