{"batch": {"0.01": {"time": [515.3548810482025, 609.4375767707825, 561.1214945316315, 422.68950057029724, 499.2933065891266, 434.98185896873474, 405.44286346435547, 470.48729133605957, 499.6652002334595, 482.81262469291687, 561.744425535202, 667.8332197666168, 445.20381021499634, 511.91575741767883, 425.48429226875305, 428.7446756362915, 436.5232217311859, 569.7961444854736, 454.27935314178467, 401.114364862442], "LL": [-52645.96519301086, -52645.96519308109, -52645.96519301356, -52645.96519302042, -52645.96519301066, -52645.965193030366, -52645.96519301442, -52645.965193029086, -52645.96519306501, -52645.965193002, -52645.965193029166, -52645.96519300413, -52645.965193008975, -52645.965193010845, -52645.965193047065, -52645.96519301615, -52645.96519300694, -52645.96519301857, -52645.965193008495, -52645.96519302199], "epochs": [25.505216683521198, 24.45526971363737, 21.863774264361297, 20.315418197962657, 22.904792442591813, 19.734972744986802, 20.204474261894777, 24.04464395826653, 27.34538637989295, 21.56515304738179, 32.13560910638088, 29.205534864218237, 22.924771230545346, 24.844856078731222, 20.98470759440594, 21.924771230545346, 21.924771230545346, 24.884813654638283, 23.994696988382703, 20.26547122807883]}, "0.012332585156500505": {"time": [410.3939230442047, 474.8962302207947, 453.3961124420166, 428.415016412735, 436.4692540168762, 582.0978617668152, 550.3310449123383, 617.9882757663727, 637.326746225357, 447.0918068885803, 469.66439604759216, 463.314740896225, 426.64395403862, 532.5853679180145, 483.3436403274536, 436.55184984207153, 511.9887924194336, 438.3898310661316, 508.31613183021545, 511.74255084991455], "LL": [-52645.965193305616, -52645.96519303228, -52645.96519301126, -52645.965193003394, -52645.96519300801, -52645.96519302299, -52645.96519300536, -52645.96519306008, -52645.965193004085, -52645.96519304594, -52645.96519300769, -52645.9651930098, -52645.96519304294, -52645.96519302962, -52645.965193076685, -52645.96519301494, -52645.96519301892, -52645.96519301829, -52645.9651930062, -52645.96519301406], "epochs": [18.253681276669212, 22.16629257825025, 19.994696988382703, 20.067631896998247, 20.69765434230323, 28.67298917199023, 19.057420516488666, 25.069753101645166, 22.845645364181237, 22.67298917199023, 21.227955504032753, 20.10569025479121, 20.253681276669212, 20.475667809486225, 22.105690254791206, 20.9330340626002, 20.34000937276472, 20.36467454307772, 22.018301556372244, 21.079964482154747]}, "0.02": {"time": [403.6943790912628, 407.9025008678436, 406.7462475299835, 431.60805678367615, 432.96640515327454, 424.98858642578125, 456.5179178714752, 422.8841664791107, 456.0616819858551, 442.36480712890625, 430.4588429927826, 444.82907819747925, 455.24898886680603, 449.7721757888794, 407.5717499256134, 424.76454162597656, 399.21216678619385, 593.7016651630402, 418.49431014060974, 402.7686471939087], "LL": [-52645.9651930224, -52645.96519306961, -52645.96519318214, -52645.96519300388, -52645.96519300612, -52645.96519314206, -52645.96519300627, -52645.965193032156, -52645.965193009826, -52645.96519300898, -52645.96519300881, -52645.96519301719, -52645.96519302264, -52645.96519304489, -52645.96519302678, -52645.965193066244, -52645.96519303432, -52645.965193010496, -52645.96519301749, -52645.965193021926], "epochs": [20.017771255210516, 19.71790444713021, 19.697913326591518, 21.07774461682658, 22.337629183829513, 20.737895567668893, 25.677922206052834, 20.097735737365266, 25.378055397972524, 22.997780134671828, 21.997780134671828, 22.37761142490689, 25.017771255210516, 24.037762375749203, 20.358064277433833, 21.037762375749203, 19.697913326591518, 20.05775349628789, 21.017771255210516, 20.378055397972524]}, "0.05": {"time": [520.4269285202026, 512.396369934082, 520.391829252243, 514.1372241973877, 496.32246828079224, 491.1764130592346, 488.8984532356262, 498.74141693115234, 488.0435667037964, 555.4436447620392, 536.0422835350037, 517.6384735107422, 486.8847932815552, 507.5867564678192, 512.2917425632477, 510.00340270996094, 494.0209548473358, 525.764226436615, 494.42777013778687, 537.7587132453918], "LL": [-52645.96519304917, -52645.96519300271, -52645.96519305555, -52645.96519302631, -52645.965193007316, -52645.965193011565, -52645.96519301036, -52645.96519301127, -52645.96519302187, -52645.96519300696, -52645.965193010416, -52645.965193009026, -52645.965193013544, -52645.96519308762, -52645.96519300577, -52645.96519305673, -52645.965193013595, -52645.96519303386, -52645.96519300582, -52645.965193022435], "epochs": [21.7495745258121, 20.7495745258121, 19.449596724465383, 21.09954862738327, 20.699578225587647, 20.299607823792023, 18.7495745258121, 20.84949313075007, 19.149544927607725, 23.449596724465383, 21.849715117282884, 21.54966332042523, 19.649581925363194, 21.09954862738327, 20.149544927607725, 20.149544927607725, 20.09954862738327, 20.199541227832178, 20.09954862738327, 24.699578225587647]}, "0.1": {"time": [645.110552072525, 639.0569412708282, 635.578289270401, 715.7409155368805, 590.349931716919, 644.8582699298859, 614.7996392250061, 598.4527728557587, 618.0938782691956, 616.2420308589935, 602.6316270828247, 617.1750290393829, 614.0880777835846, 647.7309801578522, 619.4975912570953, 619.2946569919586, 629.1424195766449, 637.8231234550476, 762.6621327400208, 599.5077474117279], "LL": [-52645.96519301126, -52645.96519301188, -52645.9651930337, -52645.965193004275, -52645.965193021715, -52645.96519303869, -52645.96519308931, -52645.965193044154, -52645.965193006516, -52645.96519300394, -52645.965193003525, -52645.96519301848, -52645.96519301756, -52645.96519303175, -52645.96519303202, -52645.965193003445, -52645.96519322568, -52645.965193016484, -52645.9651930306, -52645.965193005766], "epochs": [22.69950423007671, 20.799496830525616, 21.89956342648546, 23.299533828281085, 22.09954862738327, 22.499593024689837, 22.799570826036554, 20.599511629627802, 20.29968181930296, 21.599511629627802, 20.799570826036554, 21.29968181930296, 20.29968181930296, 19.699578225587647, 20.69950423007671, 21.799570826036554, 20.199615223343116, 22.299533828281085, 35.29968181930296, 19.999630022445306]}, "0.2": {"time": [842.5489637851715, 1006.1820032596588, 813.6532912254333, 869.8094685077667, 840.4761197566986, 805.5542495250702, 880.2765760421753, 834.0684671401978, 861.0895798206329, 854.3163125514984, 843.6934740543365, 839.5115666389465, 812.2119898796082, 864.7291922569275, 805.4993896484375, 830.9290788173676, 861.2143828868866, 777.634566783905, 787.2656471729279, 801.1053693294525], "LL": [-52645.965193043296, -52645.96519302556, -52645.96519301032, -52645.965193021766, -52645.96519300353, -52645.9651930298, -52645.96519306781, -52645.96519301069, -52645.96519302642, -52645.96519302737, -52645.96519301467, -52645.96519305266, -52645.96519305737, -52645.965193003925, -52645.96519300194, -52645.96519300489, -52645.965193001095, -52645.96519301384, -52645.96519301653, -52645.96519300453], "epochs": [26.199935870557187, 26.999926004489062, 19.399933404040155, 24.19992353797203, 21.399933404040155, 21.59990627235281, 26.399933404040155, 21.19992353797203, 23.399933404040155, 23.399933404040155, 22.399933404040155, 20.999913671903904, 19.399933404040155, 26.799916138420937, 21.199935870557187, 20.59991860493797, 23.399933404040155, 19.199935870557187, 20.399921071454997, 21.199935870557187]}, "0.5": {"time": [1764.825272321701, 1756.1584718227386, 1682.6276173591614, 1802.4192159175873, 1761.3550403118134, 1624.6187517642975, 1798.1009984016418, 1677.8064393997192, 1659.8986206054688, 1698.763597726822, 1867.8351604938507, 1796.4707634449005, 1807.1856591701508, 1584.9062249660492, 1756.3907868862152, 1651.2487938404083, 1804.1582930088043, 1872.8510613441467, 1665.8179302215576, 1794.2939949035645],