{"count_upd": {"15": {"time": [5522.430098772049, 5259.315725803375, 5055.28107047081, 5948.47735786438, 5277.7502727508545, 5263.387340545654, 5274.572826862335, 4586.825135707855, 4430.60980963707, 5349.68555021286, 5297.0753054618835, 5477.622219324112, 4950.285840988159, 5160.418266773224, 5392.711839675903, 5321.549818992615, 5049.5558705329895, 5075.307808876038, 4403.397642612457, 5395.53432559967], "LL": [-52645.965193000084, -52645.96519300006, -52645.96519300009, -52645.965193000106, -52645.96519300009, -52645.96519300009, -52645.96519300009, -52645.965193000084, -52645.965193000084, -52645.96519300009, -52645.965193000084, -52645.965193000084, -52645.96519300007, -52645.96519300007, -52645.96519300009, -52645.96519300009, -52645.96519300008, -52645.96519300009, -52645.965193000084, -52645.965193000084], "epochs": [200.50233085859452, 200.23101398515152, 200.47766568828152, 200.19295562735857, 200.65138248279598, 200.391337592186, 200.194016229682, 200.9843622820215, 200.10768813358652, 200.72431739141155, 200.11896011641954, 200.35433983671652, 200.20634881483852, 200.67498705078555, 200.8610364304565, 200.9699084922181, 200.46533310312503, 200.169351059369, 200.36667242187303, 200.489998273438]}, "16": {"time": [5238.127466678619, 5426.244967222214, 5308.494826078415, 5285.006508350372, 4827.406810998917, 5977.137256860733, 5074.801980257034, 5575.500190734863, 4199.73557972908, 5276.9861652851105, 5411.923283338547, 5741.030148744583, 5590.452561616898, 5737.967321872711], "LL": [-52645.965193000084, -52645.96519300007, -52645.96519300006, -52645.96519300009, -52645.965193000084, -52645.965193000084, -52645.96519300007, -52645.96519300006, -52645.965193000084, -52645.96519300006, -52645.96519300008, -52645.96519300008, -52645.965193000084, -52645.965193000084], "epochs": [200.84658264065308, 200.87124781096608, 200.48893767111457, 200.72325678908805, 200.32861406408006, 200.54847939225016, 200.64926127814908, 200.3028882914436, 200.69859161877508, 200.2288927805046, 200.16722985472208, 200.94312211725818, 200.16722985472208, 200.27928372345406]}}}