{"count_upd": {"1": {"time": [393.3244876861572, 443.12210965156555, 317.16766715049744, 613.9085068702698, 299.0139458179474, 285.37332105636597, 332.77311515808105, 321.2649140357971, 313.78398036956787, 432.58342814445496, 305.99416637420654, 413.6642611026764, 536.242160320282, 468.09363770484924, 369.0685124397278, 293.7086908817291, 289.35027146339417, 294.4887092113495, 301.2164125442505, 274.4411005973816], "LL": [-52645.96519303382, -52645.96519307065, -52645.9651930271, -52645.96519301894, -52645.96519321642, -52645.96519314998, -52645.9651930173, -52645.9651930268, -52645.965193035314, -52645.96519313177, -52645.96519300976, -52645.965193039665, -52645.96519304824, -52645.965193211596, -52645.96519318849, -52645.96519301879, -52645.96519301505, -52645.96519309683, -52645.965193217846, -52645.965193126365], "epochs": [16.19520015785709, 16.64832400167723, 20.214562316552794, 14.957699232913203, 16.523937547788766, 15.9083688922872, 16.899218114101078, 19.276225242335297, 19.239227486865794, 16.760377870409194, 18.486939792319266, 14.809708211035197, 15.070813703968625, 15.89497570480724, 17.09229706731125, 18.449942036849762, 18.263892657178797, 17.800557432849075, 15.11802283994771, 16.8837037219742]}, "2": {"time": [404.73001527786255, 383.888356924057, 402.77811193466187, 428.89556431770325, 356.17826533317566, 518.4052424430847, 350.7273223400116, 343.0815532207489, 372.5535469055176, 362.2994980812073, 371.04891777038574, 586.9657733440399, 436.0162901878357, 365.5984184741974, 370.47151041030884, 320.4812366962433, 339.996618270874, 470.2611312866211, 333.6700396537781, 533.3212144374847], "LL": [-52645.96519318737, -52645.96519307757, -52645.965193076365, -52645.9651930651, -52645.965193150805, -52645.96519301024, -52645.96519302112, -52645.96519305396, -52645.96519302433, -52645.965193044176, -52645.96519301606, -52645.96519301366, -52645.965193026015, -52645.96519303924, -52645.96519301747, -52645.96519309601, -52645.965193307326, -52645.96519310377, -52645.96519313802, -52645.96519301438], "epochs": [16.745924080605775, 16.500332979799225, 16.042966726685247, 15.746984682929234, 16.3255555829613, 15.105690254791208, 17.07996448215475, 16.67298917199023, 17.38933971339072, 19.003847766568825, 16.438670054016722, 13.822040796191697, 17.88158251732728, 15.488000394642723, 19.462274622006262, 14.278346446982216, 15.697654342303231, 13.9083688922872, 15.660656586833731, 15.030634141528747]}, "3": {"time": [486.0387477874756, 436.50372529029846, 460.2203176021576, 424.458212852478, 431.52768182754517, 495.6230938434601, 541.4938893318176, 430.85378766059875, 433.87967920303345, 455.3458592891693, 431.0394082069397, 518.294680595398, 418.5047540664673, 435.44572615623474, 439.7446630001068, 414.5048282146454, 423.28900623321533, 463.3305838108063, 501.6207768917084, 456.0621659755707], "LL": [-52645.965193047785, -52645.9651930384, -52645.96519304042, -52645.96519304593, -52645.96519303986, -52645.96519310123, -52645.96519302323, -52645.965193076365, -52645.96519307793, -52645.96519308788, -52645.96519307869, -52645.965193135475, -52645.96519314692, -52645.96519315193, -52645.96519301704, -52645.96519303294, -52645.96519301076, -52645.96519301826, -52645.96519310262, -52645.965193022574], "epochs": [17.189897146239794, 17.683200552499812, 16.671928569666772, 16.523937547788766, 17.276225242335297, 15.918580272796781, 14.660656586833731, 17.86924993217078, 16.57326788841477, 19.288557827491797, 18.239227486865794, 14.524998150112225, 17.239227486865794, 18.276225242335297, 17.300890412648297, 16.832252176701278, 18.202229731396294, 18.967910613422784, 16.15395999309375, 17.3872185087438]}, "4": {"time": [543.8065447807312, 573.6982102394104, 524.4977226257324, 493.67398381233215, 624.9860653877258, 496.55837416648865, 483.9573221206665, 536.8995625972748, 520.6903603076935, 572.647940158844, 513.6105740070343, 508.1284954547882, 515.6568825244904, 509.07290601730347, 514.1007153987885, 491.1490228176117, 525.4286887645721, 507.11163663864136, 532.2407443523407, 549.4178216457367], "LL": [-52645.96519308663, -52645.965193024356, -52645.965193047254, -52645.96519301685, -52645.9651931242, -52645.965193097916, -52645.96519345876, -52645.96519302506, -52645.96519331394, -52645.965193043296, -52645.965193020915, -52645.96519312214, -52645.96519315869, -52645.96519306209, -52645.96519301228, -52645.965193019496, -52645.96519307144, -52645.96519315187, -52645.96519312514, -52645.965193230404], "epochs": [17.86818932984732, 17.06551069235133, 16.769528648595315, 17.040845522038328, 16.202229731396294, 15.536270132945265, 15.63387021187381, 17.60814443923735, 18.11484103297733, 15.918580272796781, 15.622598229040769, 16.732530893125816, 17.695533137656312, 15.597933058727769, 18.435488247046344, 16.462274622006262, 17.176503958759834, 15.3872185087438, 19.28643662284488, 16.892854500160322]}, "5": {"time": [600.0808899402618, 565.9625015258789, 558.3237490653992, 695.4236109256744, 607.6166653633118, 597.4963819980621, 602.8668382167816, 575.5013184547424, 579.5962750911713, 580.095100402832, 596.2793822288513, 602.348649263382, 643.4113354682922, 601.1638653278351, 582.4131762981415, 572.6716911792755, 563.0565428733826, 586.2854561805725, 596.289356470108, 570.0546345710754], "LL": [-52645.96519304587, -52645.965193012154, -52645.96519305036, -52645.96519300563, -52645.96519355263, -52645.96519302636, -52645.96519309607, -52645.96519301397, -52645.96519302426, -52645.9651930511, -52645.96519303408, -52645.96519300624, -52645.965193020915, -52645.96519301556, -52645.96519307903, -52645.96519301519, -52645.96519307806, -52645.96519301562, -52645.96519304182, -52645.965193109085], "epochs": [19.26177145253188, 16.065510692351328, 16.991515181412325, 20.100387243173916, 16.262832054855338, 18.668746762696397, 18.13950620329033, 18.003847766568825, 17.594751251757394, 17.644081592383394, 19.607083836913894, 19.644081592383394, 18.32449498063784, 19.27410403768838, 17.644081592383394, 17.780800631428356, 17.003847766568825, 19.187775941592875, 18.12717361813383, 16.10250844782083]}, "6": {"time": [896.4254562854767, 645.5975027084351, 671.3202078342438, 667.7766058444977, 667.9023809432983, 658.5820488929749, 707.2538092136383, 696.1267130374908, 767.887558221817, 699.6032688617706, 695.2385923862457, 697.2501833438873, 700.6694684028625, 675.2304251194, 717.95299077034, 676.0166213512421, 721.2014408111572, 658.5210556983948, 648.1642844676971, 722.4702610969543], "LL": [-52645.96519304381, -52645.965193037264, -52645.96519300404, -52645.96519321505, -52645.96519303208, -52645.965193012256, -52645.96519309657, -52645.965193136515, -52645.96519302469, -52645.96519305999, -52645.9651930178, -52645.965193016484, -52645.96519304829, -52645.96519300875, -52645.965193046715, -52645.96519302652, -52645.965193137694, -52645.96519313245, -52645.96519302274, -52645.96519336611], "epochs": [18.87734010803345, 17.594751251757394, 19.619416422070394, 16.7304096884789, 18.644081592383394, 19.347038946303925, 20.35831092913697, 19.715955898675485, 20.617295217423482, 17.841402954887407, 19.7304096884789, 21.617295217423482, 19.93900303381595, 19.815677182250944, 19.853735540043907, 18.7057445181659, 17.97706139160891, 17.631749007226894, 18.729349086155445, 21.50524134869152]}, "7": {"time": [754.7953288555145, 796.8849587440491, 847.5460572242737, 808.5508892536163, 782.6481215953827, 734.510910987854, 800.1840815544128, 720.6948339939117, 750.7005198001862, 715.8879871368408, 803.5614137649536, 722.6766211986542, 801.6979823112488, 817.2805511951447, 795.689553976059, 804.7311608791351, 784.0670385360718, 784.5884335041046, 754.4972717761993, 745.1078794002533],