{"stop_crit": {"1.0": {"time": [316.97243881225586, 306.24339842796326, 313.8255217075348, 284.9834237098694, 266.4975600242615, 553.3477811813354, 281.14394211769104, 286.1977903842926, 395.45009088516235, 555.5871856212616, 281.17502069473267, 309.53896021842957, 296.4864819049835, 272.68061232566833, 403.23062109947205, 282.11591506004333, 248.07467532157898, 260.81815457344055, 259.7721540927887, 259.5499036312103], "LL": [-52656.62822788876, -52656.831491261466, -52659.24877595002, -52661.087458221475, -52658.76846591966, -52673.37583751046, -52659.5818173935, -52658.87625204837, -52824.00970752139, -52662.030049724926, -52662.528749829435, -52662.39154930827, -52660.599099280065, -52659.86774075606, -52658.82069377321, -52657.68057329839, -52670.30923267984, -52659.73814041727, -52659.21183653677, -52660.06176242643], "epochs": [6.857977949337739, 6.068692499321707, 6.845645364181238, 5.612386848531188, 6.63599141652073, 5.698714944626692, 6.697654342303232, 8.214562316552794, 4.958759835236663, 5.711047529783192, 6.340009372764718, 6.081025084478207, 8.288557827491797, 6.685321757146732, 7.326616185284758, 7.5239375477887664, 6.253681276669214, 7.462274622006264, 5.957699232913202, 6.722319512616234]}, "0.1": {"time": [260.4843747615814, 248.74792957305908, 236.4998836517334, 261.3274037837982, 282.22064900398254, 273.10147857666016, 246.80621910095215, 265.0418744087219, 319.41713786125183, 244.16289496421814, 263.23819279670715, 285.398672580719, 241.13764762878418, 238.99243688583374, 290.39430046081543, 246.2350208759308, 247.6658501625061, 245.1256606578827, 272.13932847976685, 308.8105688095093], "LL": [-52654.68632979887, -52656.501775901444, -52654.538146885505, -52656.508821572934, -52657.831841018065, -52658.147011290384, -52657.969270688, -52656.136837492784, -52658.69640663287, -52662.25453045975, -52659.88550129049, -52664.25791503647, -52662.44528737674, -52656.82579421325, -52660.85098776346, -52655.684382486215, -52656.35121852542, -52659.171633510916, -52657.67665036217, -52655.708752374034], "epochs": [6.722319512616234, 6.303011617295216, 6.253681276669214, 8.239227486865795, 6.833312779024738, 6.808647608711737, 6.685321757146732, 6.759317268085735, 7.067631896998248, 6.278346446982215, 8.239227486865795, 6.500332979799224, 7.030634141528746, 6.6483240016772305, 6.500332979799224, 7.055299311841747, 7.4252768665367626, 7.042966726685247, 6.808647608711737, 8.473546604839305]}, "0.01": {"time": [244.82282423973083, 330.1958363056183, 235.42600393295288, 268.15357208251953, 446.70114398002625, 278.43663144111633, 255.70085740089417, 276.2313675880432, 291.1317825317383, 315.2720150947571, 238.90504622459412, 293.54799008369446, 251.4707760810852, 346.85005164146423, 262.0608055591583, 270.4579255580902, 373.4259135723114, 258.09166717529297, 267.2646017074585, 305.8364963531494], "LL": [-52651.35480684797, -52646.26136521959, -52657.702484381705, -52657.94708270226, -52648.15094199485, -52646.95042160211, -52646.37691318922, -52661.17826546183, -52646.63665189513, -52657.0132308092, -52657.696473588876, -52646.492406629826, -52646.578830303646, -52660.234524657855, -52659.70338144517, -52663.545142177914, -52670.905329360205, -52657.280137843845, -52663.69897809821, -52658.38929246396], "epochs": [7.055299311841747, 7.672989171990231, 6.623658831364229, 9.028512936881828, 7.353402560244678, 9.288557827491797, 8.055299311841747, 9.06551069235133, 7.870310534494239, 6.66065658683373, 6.63599141652073, 7.500332979799224, 7.66065658683373, 6.438670054016722, 7.499272377475766, 7.203290333719753, 6.574328490738227, 7.499272377475766, 7.536270132945267, 6.968971215746243]}, "0.001": {"time": [292.99267959594727, 309.4391529560089, 301.67870688438416, 266.52356576919556, 379.21086502075195, 337.23599195480347, 353.58575439453125, 423.2732560634613, 297.87802839279175, 258.9965660572052, 275.4012837409973, 307.35584712028503, 287.9939274787903, 277.9792511463165, 280.0799226760864, 287.35870027542114, 382.2903621196747, 372.54027819633484, 291.8305895328522, 266.33348298072815], "LL": [-52646.04772658164, -52645.97396539865, -52645.98483101764, -52645.97512672098, -52646.00186076523, -52646.12220140602, -52646.05746526057, -52645.995274071865, -52645.97062312066, -52646.28870817878, -52646.35173189585, -52646.04201111658, -52645.981269688695, -52646.11747994094, -52645.97307543738, -52646.01150321182, -52645.972790675, -52646.04208543848, -52646.004059925835, -52646.065002509844], "epochs": [9.759317268085734, 9.870310534494239, 9.820980193868238, 9.648324001677231, 9.252620674345756, 8.315344202451715, 9.11696223762425, 8.746984682929234, 9.783982438398736, 8.449942036849762, 9.672989171990231, 12.10462965246775, 10.486939792319266, 8.746984682929234, 9.340009372764719, 9.377007128234219, 10.215622918876253, 8.475667809486223, 9.389339713390719, 8.672989171990231]}, "0.0001": {"time": [305.57366156578064, 470.2510886192322, 291.98936009407043, 332.6459581851959, 421.25469636917114, 308.2639548778534, 306.2222397327423, 471.22910952568054, 351.2744417190552, 448.2387058734894, 295.8357632160187, 316.81887698173523, 370.1344804763794, 308.9665060043335, 422.8527090549469, 409.7316539287567, 293.95718359947205, 330.8697929382324, 518.0536754131317, 404.76797342300415], "LL": [-52645.96629768471, -52645.965760530475, -52645.965425960276, -52645.966475118534, -52645.96610259361, -52645.965637731155, -52645.965444227746, -52645.96564285144, -52645.965480429186, -52645.96589319105, -52645.96564905365, -52645.96553932314, -52645.96547439547, -52645.96655660936, -52645.9656958285, -52645.9659244979, -52645.9655672249, -52645.966195276786, -52645.965277789895, -52645.96653692738], "epochs": [12.10462965246775, 17.32661618528476, 11.685321757146731, 11.11802283994771, 12.537330735268727, 13.251560072022297, 13.63599141652073, 11.093357669634708, 18.016180351725325, 10.970031818069703, 12.067631896998247, 11.796315023555236, 12.253681276669216, 13.276225242335297, 9.8837037219742, 14.153959993093752, 11.672989171990231, 15.251560072022297, 12.832252176701278, 12.240288089189255]}, "1e-05": {"time": [374.6644036769867, 298.19899463653564, 309.32442903518677, 309.9849441051483, 539.567385673523, 415.84786081314087, 423.52008605003357, 337.2859139442444, 330.1178858280182, 328.6784596443176, 365.21756076812744, 321.98783564567566, 322.60717964172363, 351.2950780391693, 326.76803970336914, 326.6805818080902, 307.33337211608887, 314.49396419525146, 362.7202732563019, 433.9798457622528], "LL": [-52645.96519577188, -52645.96521112716, -52645.96520414192, -52645.96520564279, -52645.96520169332, -52645.96519523422, -52645.96519757362, -52645.96519471008, -52645.965203116626, -52645.965201075145, -52645.96519606507, -52645.9652234463, -52645.96520287893, -52645.96519692688, -52645.965197336984, -52645.96520100983, -52645.96519930899, -52645.96519631743, -52645.96519393259, -52645.9651959031], "epochs": [18.3132229978048, 12.079964482154748, 14.042966726685247, 13.660656586833731, 11.64938460400069, 13.833312779024737, 15.798436228202156, 16.251560072022297, 15.079964482154748, 15.251560072022297, 15.634930814197272, 14.660656586833731, 14.672989171990231, 15.771649853242236, 15.449942036849762, 14.11696223762425, 13.648324001677231, 13.315344202451715, 14.514786769602644, 14.857977949337737]}, "1e-06": {"time": [369.70675778388977, 386.434255361557, 343.4145722389221, 377.9541940689087, 350.476820230484, 347.7385711669922, 337.4699375629425, 400.9686334133148, 382.4433889389038, 581.8081088066101, 374.3979091644287, 367.9392342567444, 502.4668686389923, 410.56336975097656, 347.90333104133606, 351.67462682724, 350.7948694229126, 463.91070795059204, 492.7969558238983, 417.2582972049713],