{"base": {"time": [0.5947864055633545, 0.5792741775512695, 0.7206845283508301, 1.0010311603546143, 0.7549533843994141, 0.7516720294952393, 0.6193385124206543, 0.6321773529052734, 0.7787630558013916, 0.5151782035827637], "LL": [-5331.252006915833, -5331.25200691583, -5331.252006920982, -5331.252006916373, -5331.252006915834, -5331.252006932066, -5331.252006916197, -5331.252006915839, -5331.252006916197, -5331.252006915844], "epochs": [8.659574468085108, 10.511820330969268, 9.250591016548464, 11.511820330969268, 12.955082742316785, 12.807328605200947, 12.511820330969268, 8.807328605200947, 14.250591016548464, 8.807328605200947]}}