{"base": {"time": [0.532219648361206, 0.610572338104248, 0.5350303649902344, 0.4985032081604004, 0.5256309509277344, 0.49630212783813477, 0.5441422462463379, 0.48420262336730957, 0.5837392807006836, 0.4595789909362793], "LL": [-5331.252006916186, -5331.252006915827, -5331.252006915827, -5331.252006916608, -5331.252006918804, -5331.252006915916, -5331.252006915842, -5331.252006941278, -5331.252006915829, -5331.25200696729], "epochs": [9.102836879432624, 12.807328605200947, 9.955082742316785, 8.807328605200947, 9.807328605200947, 9.250591016548464, 10.807328605200947, 8.955082742316785, 12.511820330969268, 7.807328605200946]}, "thresh_upd": {"0.01": {"time": [13.302506685256958, 19.985887050628662, 17.608152627944946, 21.92680549621582, 20.359501600265503, 20.667861461639404, 20.256957292556763], "LL": [-1585.0230660298828, -791.2833677406874, -779.8235013321712, -796.0269348521491, -786.2149382493504, -783.7151398652859, -779.1888996279625], "epochs": [200.2068557919625, 200.05910165484667, 200.05910165484667, 200.05910165484667, 200.05910165484667, 200.05910165484667, 200.05910165484667]}}}