{"base": {"time": [0.5934224128723145, 0.468214750289917, 0.5435681343078613, 0.5991578102111816, 0.6397848129272461, 0.4905571937561035, 0.5701639652252197, 0.6383776664733887, 0.5305285453796387, 0.5446383953094482], "LL": [-5331.252006916802, -5331.252006915835, -5331.252006917208, -5331.252006915829, -5331.252006992501, -5331.2520069288485, -5331.252006917043, -5331.252006917834, -5331.2520069505445, -5331.252006915833], "epochs": [11.659574468085108, 8.511820330969268, 11.659574468085108, 9.807328605200947, 14.659574468085108, 8.807328605200947, 9.102836879432624, 14.659574468085108, 9.659574468085108, 9.955082742316785]}}