{"base": {"time": [0.5934224128723145, 0.468214750289917, 0.5435681343078613, 0.5991578102111816, 0.6397848129272461, 0.4905571937561035, 0.5701639652252197, 0.6383776664733887, 0.5305285453796387, 0.5446383953094482], "LL": [-5331.252006916802, -5331.252006915835, -5331.252006917208, -5331.252006915829, -5331.252006992501, -5331.2520069288485, -5331.252006917043, -5331.252006917834, -5331.2520069505445, -5331.252006915833], "epochs": [11.659574468085108, 8.511820330969268, 11.659574468085108, 9.807328605200947, 14.659574468085108, 8.807328605200947, 9.102836879432624, 14.659574468085108, 9.659574468085108, 9.955082742316785]}, "thresh_upd": {"0.01": {"time": [11.83381700515747, 11.986611366271973, 12.784619569778442, 12.780062675476074, 13.834730386734009, 13.480639219284058, 13.665437936782837], "LL": [-746.108150429232, -789.9894800077284, -771.029692815811, -773.5088094723037, -749.5084066366267, -1565.6559626643334, -1575.0310457740095], "epochs": [200.05910165484667, 200.05910165484667, 200.05910165484667, 200.05910165484667, 200.05910165484667, 200.2068557919625, 200.2068557919625]}}}