{"base": {"time": [0.6305580139160156], "LL": [-5331.2520069295515], "epochs": [11.807328605200947]}, "thresh_upd": {"0.01": {"time": [10.65355372428894], "LL": [-5331.252006915931], "epochs": [191.13593380614688]}, "0.02": {"time": [12.24292278289795], "LL": [-3164.4926172542027], "epochs": [200.2068557919625]}, "0.05": {"time": [3.7678205966949463], "LL": [-5331.252006929986], "epochs": [54.34988179669038]}, "0.1": {"time": [2.006483793258667], "LL": [-5331.25200694562], "epochs": [33.03900709219862]}, "0.2": {"time": [0.7053401470184326], "LL": [-5331.252007217316], "epochs": [11.353427895981085]}, "0.5": {"time": [0.5757875442504883], "LL": [-5331.252006917097], "epochs": [10.807328605200947]}, "1": {"time": [0.5108499526977539], "LL": [-5331.252006915831], "epochs": [9.477541371158392]}, "2": {"time": [0.721768856048584], "LL": [-5331.252006916701], "epochs": [8.955082742316785]}, "5": {"time": [0.622002363204956], "LL": [-5331.252006928508], "epochs": [10.659574468085108]}, "10": {"time": [0.46468663215637207], "LL": [-5331.252006932482], "epochs": [6.738770685579196]}, "20": {"time": [1.703143835067749], "LL": [-5331.252006921264], "epochs": [29.57210401891253]}, "50": {"time": [0.6225471496582031], "LL": [-5331.2520069455895], "epochs": [12.06855791962175]}, "100": {"time": [0.7976710796356201], "LL": [-5331.2520069158345], "epochs": [11.659574468085108]}, "3": {"time": [0.47947263717651367], "LL": [-5331.252006928433], "epochs": [7.625295508274231]}, "4": {"time": [0.9042465686798096], "LL": [-5331.252006916032], "epochs": [9.06855791962175]}, "6": {"time": [0.8502764701843262], "LL": [-5331.2520069169705], "epochs": [8.807328605200945]}, "7": {"time": [0.7403550148010254], "LL": [-5331.252006941871], "epochs": [9.034278959810875]}, "8": {"time": [0.9294967651367188], "LL": [-5331.252006915889], "epochs": [10.738770685579196]}, "9": {"time": [0.5074224472045898], "LL": [-5331.25200692443], "epochs": [6.886524822695035]}, "11": {"time": [1.090325117111206], "LL": [-5331.252006919094], "epochs": [19.41134751773049]}, "12": {"time": [1.2182502746582031], "LL": [-5331.252006916086], "epochs": [21.74113475177304]}, "13": {"time": [1.2090814113616943], "LL": [-5331.252007072168], "epochs": [21.479905437352237]}, "14": {"time": [1.303964376449585], "LL": [-5331.252006928839], "epochs": [21.07092198581559]}, "15": {"time": [2.041226863861084], "LL": [-5331.252006924435], "epochs": [23.252955082742304]}, "16": {"time": [1.9555213451385498], "LL": [-5331.252006949281], "epochs": [23.87825059101654]}, "17": {"time": [1.9366579055786133], "LL": [-5331.25200691757], "epochs": [26.094562647754135]}, "18": {"time": [1.9452192783355713], "LL": [-5331.252006918972], "epochs": [25.833333333333336]}, "19": {"time": [1.826094388961792], "LL": [-5331.2520069173515], "epochs": [28.39007092198581]}, "1.1": {"time": [2.4338741302490234], "LL": [-5331.2520069179245], "epochs": [24.643321513002366]}, "1.2": {"time": [1.6127774715423584], "LL": [-5331.252006926294], "epochs": [17.51093380614657]}, "1.3": {"time": [1.4736545085906982], "LL": [-5331.252006916313], "epochs": [16.067966903073287]}, "1.4": {"time": [1.3892760276794434], "LL": [-5331.252006916755], "epochs": [15.470449172576831]}, "1.5": {"time": [0.8890159130096436], "LL": [-5331.252006916297], "epochs": [12.93114657210402]}, "2.5": {"time": [0.9142701625823975], "LL": [-5331.252006916443], "epochs": [8.324468085106382]}, "3.5": {"time": [0.5732588768005371], "LL": [-5331.252006915833], "epochs": [8.92080378250591]}, "4.5": {"time": [0.7703542709350586], "LL": [-5331.252006916129], "epochs": [8.21631205673759]}}, "count_upd": {}, "window": {}, "factor_upd": {}, "perc_hybrid": {"0": {"time": [0.8860189914703369], "LL": [-5331.252006917904], "epochs": [9.807328605200947]}, "5": {"time": [0.658212423324585], "LL": [-5331.252006915829], "epochs": [9.807328605200947]}, "10": {"time": [0.5608959197998047], "LL": [-5331.252006915832], "epochs": [9.398345153664303]}, "15": {"time": [0.84112548828125], "LL": [-5331.252006915834], "epochs": [12.659574468085108]}, "20": {"time": [0.672182559967041], "LL": [-5331.252006915828], "epochs": [8.955082742316785]}, "25": {"time": [0.8464000225067139], "LL": [-5331.252006915833], "epochs": [10.955082742316785]}, "30": {"time": [0.47889256477355957], "LL": [-5331.252006924039], "epochs": [10.659574468085108]}, "35": {"time": [0.4203357696533203], "LL": [-5331.252006958208], "epochs": [9.807328605200947]}, "40": {"time": [0.4139373302459717], "LL": [-5331.252006917549], "epochs": [10.659574468085108]}, "45": {"time": [0.5368423461914062], "LL": [-5331.25200691616], "epochs": [11.659574468085108]}, "50": {"time": [0.5985503196716309], "LL": [-5331.252006937331], "epochs": [11.250591016548464]}, "55": {"time": [0.44433116912841797], "LL": [-5331.252006915832], "epochs": [10.955082742316785]}, "60": {"time": [0.4171595573425293], "LL": [-5331.2520069263865], "epochs": [10.659574468085108]}, "65": {"time": [0.5023987293243408], "LL": [-5331.2520069158345], "epochs": [12.250591016548464]}, "70": {"time": [0.3835151195526123], "LL": [-5331.252006999615], "epochs": [8.807328605200947]}, "75": {"time": [0.40221261978149414], "LL": [-5331.252006926532], "epochs": [9.659574468085108]}, "80": {"time": [0.4228241443634033], "LL": [-5331.25200706972], "epochs": [10.511820330969268]}, "85": {"time": [0.41021013259887695], "LL": [-5331.25200693453], "epochs": [8.250591016548464]}, "90": {"time": [0.43230247497558594], "LL": [-5331.252006916022], "epochs": [11.807328605200947]}, "95": {"time": [0.45914721488952637], "LL": [-5331.252006963904], "epochs": [10.659574468085108]}, "100": {"time": [0.5514705181121826], "LL": [-5331.252006932704], "epochs": [8.511820330969268]}}}