{"base": {"time": [0.5778720378875732, 0.5144946575164795, 0.5724911689758301, 0.4894132614135742, 0.6697299480438232, 0.5417435169219971, 0.4859304428100586, 0.573596715927124, 0.586470365524292, 0.6869118213653564], "LL": [-5331.252006915834, -5331.252006916712, -5331.252006916038, -5331.252006916103, -5331.2520069158345, -5331.25200691583, -5331.2520069176035, -5331.252006917493, -5331.252006923177, -5331.252006932053], "epochs": [9.659574468085108, 9.102836879432624, 11.511820330969268, 8.807328605200947, 10.807328605200947, 9.659574468085108, 8.511820330969268, 11.807328605200947, 9.807328605200947, 14.955082742316785]}, "thresh_upd": {"0.01": {"time": [13.488784313201904], "LL": [-779.6423769790746], "epochs": [200.05910165484667]}}}