{"batch": {"0.01": {"time": [22.841643571853638, 24.187993049621582, 23.547231912612915, 20.303837537765503, 25.124919652938843, 23.56208086013794, 19.98743462562561, 23.727632761001587, 19.432774782180786, 25.003046989440918, 23.723876237869263, 23.881563663482666, 20.428683280944824, 20.451678037643433, 27.026581287384033, 21.351271152496338, 23.333566188812256, 25.021207809448242, 19.59884238243103, 24.35464310646057], "LL": [-55712.99144265202, -55712.991442174265, -55712.99144215286, -55712.991442518934, -55712.99144237714, -55712.99144224387, -55712.991442736675, -55712.99144215531, -55712.9914425106, -55712.99144224288, -55712.99144222195, -55712.991442527964, -55712.99144231034, -55712.99144240971, -55712.99144235225, -55712.99144216037, -55712.99144239077, -55712.99144214319, -55712.99144225321, -55712.991442362974], "epochs": [13.767062131564018, 13.976839405076092, 15.667168191796364, 12.687146979749896, 14.13666970870434, 16.657178797819597, 11.737093949633723, 15.67715758577313, 11.667168191796364, 15.836987889401376, 14.767062131564018, 14.846977283378141, 12.67715758577313, 12.67715758577313, 19.747083343610488, 13.657178797819599, 15.67715758577313, 15.836987889401376, 11.986828799052859, 14.946871223145795]}, "0.012332585156500505": {"time": [21.184929370880127, 21.543291091918945, 22.116544723510742, 21.995466232299805, 23.52028727531433, 24.13322353363037, 22.883740663528442, 27.27965474128723, 23.143155336380005, 22.343993663787842, 22.357073068618774, 23.262008666992188, 22.01512908935547, 22.59444260597229, 22.676092624664307, 22.420262813568115, 21.322755813598633, 22.836617946624756, 22.162258863449097, 22.031083583831787], "LL": [-55712.991442252816, -55712.991442734274, -55712.991442761624, -55712.9914421513, -55712.99144217642, -55712.991442243234, -55712.99144215943, -55712.991442230545, -55712.9914422268, -55712.99144293588, -55712.99144224004, -55712.9914421759, -55712.99144246775, -55712.99144215702, -55712.99144219172, -55712.9914423098, -55712.99144241872, -55712.99144220819, -55712.99144217747, -55712.99144219987], "epochs": [12.280467651629134, 12.317465407098636, 13.268135066472635, 13.280467651629134, 14.317465407098636, 14.37912833288114, 13.342130577411638, 20.268135066472635, 13.41612608835064, 13.317465407098636, 13.317465407098636, 13.342130577411638, 13.280467651629134, 13.292800236785634, 13.305132821942136, 12.465456428976642, 12.317465407098636, 13.37912833288114, 13.305132821942136, 13.280467651629134]}, "0.02": {"time": [25.136934995651245, 23.176576137542725, 20.524567365646362, 25.94594717025757, 25.406508207321167, 21.721815824508667, 22.055776357650757, 24.142716646194458, 24.005425691604614, 23.01323628425598, 23.924219608306885, 22.028868436813354, 23.33190369606018, 24.029086351394653, 22.049506902694702, 22.549431562423706, 21.58664560317993, 22.14683961868286, 22.016444444656372, 21.193782806396484], "LL": [-55712.99144229912, -55712.99144225591, -55712.991442183986, -55712.99144223777, -55712.991442157225, -55712.99144255079, -55712.991442440034, -55712.99144229761, -55712.99144218211, -55712.991442179664, -55712.99144223182, -55712.991442323524, -55712.99144221635, -55712.99144214233, -55712.99144227752, -55712.991442212544, -55712.991442229264, -55712.99144242379, -55712.991442217484, -55712.991442564555], "epochs": [17.75877463433885, 15.758774634338849, 12.738783513800163, 18.778765754877536, 16.778765754877536, 13.758774634338849, 13.738783513800163, 15.8387391164936, 15.8387391164936, 14.778765754877536, 15.758774634338849, 12.878721357570974, 14.778765754877536, 15.798756875416224, 13.778765754877536, 13.778765754877536, 13.738783513800163, 12.898712478109662, 13.758774634338849, 12.758774634338849]}, "0.05": {"time": [25.177071809768677, 25.94447612762451, 24.887078762054443, 25.793699026107788, 25.68349313735962, 30.030184507369995, 24.535375118255615, 26.04482340812683, 24.40397024154663, 24.565776348114014, 25.411408185958862, 26.64706802368164, 26.015163898468018, 26.298505306243896, 25.25694465637207, 24.31111741065979, 26.799620866775513, 25.348607063293457, 25.560515880584717, 25.87182903289795], "LL": [-55712.99144221308, -55712.99144257497, -55712.99144277395, -55712.99144244054, -55712.99144229681, -55712.99144217631, -55712.99144353513, -55712.991442296625, -55712.99144232588, -55712.991442296974, -55712.99144214787, -55712.99144227667, -55712.991442148385, -55712.99144237894, -55712.991442168764, -55712.99144229715, -55712.99144249952, -55712.99144221021, -55712.991442232065, -55712.99144232424], "epochs": [12.749722516833979, 13.749722516833979, 12.699726216609527, 13.699726216609527, 13.749722516833979, 17.749722516833977, 12.699726216609527, 13.699726216609527, 12.699726216609527, 12.699726216609527, 13.699726216609527, 14.749722516833979, 13.749722516833979, 13.849715117282884, 13.699726216609527, 12.799718817058432, 14.799718817058432, 13.699726216609527, 13.749722516833979, 13.749722516833979]}, "0.1": {"time": [28.78725504875183, 32.45062017440796, 31.2230384349823, 33.546894788742065, 30.255120754241943, 31.843762397766113, 28.652201652526855, 30.75096368789673, 26.529414415359497, 28.65982437133789, 29.287642240524292, 29.760690212249756, 31.57201838493347, 28.41216540336609, 33.081517457962036, 31.446768283843994, 32.33956527709961, 29.885634422302246, 28.312995672225952, 29.412846326828003], "LL": [-55712.99144255846, -55712.99144234278, -55712.991442744344, -55712.991442775696, -55712.99144221132, -55712.99144224253, -55712.99144239974, -55712.991442173065, -55712.99144230108, -55712.99144225938, -55712.991442159684, -55712.99144234739, -55712.991442165905, -55712.9914425787, -55712.99144215703, -55712.99144215817, -55712.991442508064, -55712.991442216095, -55712.99144227423, -55712.99144216063], "epochs": [13.199689218854056, 17.29968181930296, 14.299681819302961, 16.399674419751868, 14.199689218854056, 15.299681819302961, 13.199689218854056, 14.299681819302961, 11.199689218854056, 13.199689218854056, 14.199689218854056, 14.199689218854056, 15.299681819302961, 13.199689218854056, 17.399674419751868, 15.299681819302961, 15.399674419751868, 14.199689218854056, 13.199689218854056, 13.299681819302961]}, "0.2": {"time": [39.11284589767456, 40.34455442428589, 39.34745907783508, 38.04419994354248, 40.404876708984375, 37.59373092651367, 41.90088105201721, 38.994649171829224, 37.16620421409607, 40.920307874679565, 41.34130907058716, 39.65956902503967, 40.63670349121094, 39.622432231903076, 43.101463079452515, 42.731196880340576, 38.079381465911865, 40.488701581954956, 40.45184373855591, 40.93837022781372], "LL": [-55712.99144393649, -55712.99144214758, -55712.9914423057, -55712.99144220194, -55712.991442211445, -55712.99144218414, -55712.99144217489, -55712.99144269699, -55712.99144308279, -55712.991442187165, -55712.99144216696, -55712.991442507555, -55712.99144336379, -55712.99144223997, -55712.99144228199, -55712.99144219112, -55712.991442530234, -55712.99144217472, -55712.99144217652, -55712.991442151186], "epochs": [13.599930937523123, 18.199935870557187, 16.199935870557187, 15.199935870557187, 15.399933404040155, 14.199935870557187, 19.199935870557187, 16.199935870557187, 14.199935870557187, 17.199935870557187, 15.399933404040155, 14.399933404040155, 18.199935870557187, 15.399933404040155, 19.399933404040155, 16.599930937523123, 16.199935870557187, 14.599930937523123, 15.399933404040155, 17.199935870557187]}, "0.5": {"time": [70.30037593841553, 73.52950048446655, 77.12048149108887, 73.65097188949585, 74.53132152557373, 73.69737839698792, 69.45626902580261, 72.20008206367493, 69.23543572425842, 67.6579794883728, 74.75158095359802, 72.71119356155396, 72.02548670768738, 69.62908840179443, 72.73785161972046, 72.60557174682617, 73.02247500419617, 67.93284440040588, 70.30103039741516, 69.40061402320862],