{"batch": {"0.01": {"time": [28.31331729888916, 23.381304502487183, 24.331806421279907, 22.999844074249268, 24.602620601654053, 25.254619598388672, 21.54434323310852, 26.441853761672974, 20.304022550582886, 24.164623975753784, 23.543655157089233, 24.041935682296753, 26.380939483642578, 21.543951988220215, 20.174498081207275, 21.344330310821533, 26.02465057373047, 22.105262517929077, 19.645342588424683, 22.622478723526], "LL": [-55712.99144255794, -55712.991442180064, -55712.99144219061, -55712.99144250425, -55712.991443083694, -55712.99144225176, -55712.99144226399, -55712.99144217593, -55712.99144242344, -55712.991442193044, -55712.99144213991, -55712.99144315426, -55712.991442375045, -55712.9914424551, -55712.99144249444, -55712.991442289946, -55712.99144217301, -55712.99144268172, -55712.99144399753, -55712.99144217843], "epochs": [20.727104555656958, 14.747083343610488, 16.69713637372666, 15.67715758577313, 14.096712132797277, 17.687146979749897, 13.667168191796364, 19.667168191796364, 12.67715758577313, 16.67715758577313, 15.657178797819599, 16.747083343610488, 18.727104555656958, 13.657178797819599, 12.657178797819599, 13.657178797819599, 17.75707273758725, 13.727104555656958, 11.69713637372666, 14.667168191796364]}, "0.012332585156500505": {"time": [22.75259232521057, 22.860153913497925, 22.08050775527954, 24.18051028251648, 22.27365779876709, 26.264472246170044, 24.724042415618896, 22.69284701347351, 22.032312631607056, 23.760069847106934, 25.50612163543701, 21.30285382270813, 23.271179914474487, 23.564427137374878, 21.227702617645264, 22.768607139587402, 21.36286973953247, 20.792190074920654, 24.16268014907837, 21.608829736709595], "LL": [-55712.991442297985, -55712.99144229702, -55712.99144216765, -55712.99144241446, -55712.9914421799, -55712.99144220994, -55712.99144220065, -55712.99144227908, -55712.99144217234, -55712.991442201, -55712.991442265324, -55712.99144269932, -55712.991442169485, -55712.99144221052, -55712.99144218396, -55712.991442188526, -55712.991442235216, -55712.99144232046, -55712.99144230529, -55712.991442960214], "epochs": [13.292800236785634, 13.354463162568138, 13.305132821942136, 15.342130577411638, 13.329797992255138, 15.601114865698147, 15.39146091803764, 12.465456428976642, 13.292800236785634, 14.329797992255138, 13.625780036011149, 12.305132821942136, 13.37912833288114, 14.280467651629134, 12.292800236785634, 13.687442961793652, 12.305132821942136, 12.292800236785634, 15.366795747724638, 12.366795747724638]}, "0.02": {"time": [26.079698085784912, 23.022624731063843, 21.645505905151367, 22.100265741348267, 22.760766744613647, 21.89069414138794, 23.035053968429565, 22.201501607894897, 23.51534414291382, 21.473262548446655, 23.806731939315796, 23.405994653701782, 23.569071054458618, 23.14371395111084, 19.963831186294556, 23.53201913833618, 24.643335342407227, 25.625101327896118, 21.227373123168945, 25.647907257080078], "LL": [-55712.99144220456, -55712.99144241621, -55712.991442395985, -55712.99144215847, -55712.991442444116, -55712.99144237446, -55712.99144231189, -55712.99144235652, -55712.99144216665, -55712.99144231394, -55712.99144228938, -55712.99144219912, -55712.991443357576, -55712.991442371596, -55712.99144322476, -55712.99144213937, -55712.991442244536, -55712.99144217355, -55712.99144235569, -55712.991442157465], "epochs": [17.858730237032287, 14.778765754877536, 13.738783513800163, 13.798756875416224, 12.958685839725723, 13.738783513800163, 14.778765754877536, 13.778765754877536, 14.798756875416224, 12.818747995954912, 14.818747995954912, 14.778765754877536, 15.778765754877536, 13.8387391164936, 11.758774634338849, 14.758774634338849, 15.8387391164936, 17.778765754877536, 12.758774634338849, 15.898712478109662]}, "0.05": {"time": [27.443776845932007, 25.847299337387085, 25.98563027381897, 24.871721744537354, 26.90686058998108, 23.89189124107361, 24.740246772766113, 24.78574562072754, 24.246870517730713, 25.303239822387695, 24.77494168281555, 24.362252950668335, 27.065743684768677, 26.600075483322144, 25.39125895500183, 24.310442686080933, 26.31478977203369, 25.3166241645813, 24.49231505393982, 24.30989694595337], "LL": [-55712.99144218557, -55712.991442223814, -55712.99144232737, -55712.99144355686, -55712.991442465674, -55712.9914423085, -55712.99144220733, -55712.99144260387, -55712.991442264334, -55712.9914421498, -55712.991442358914, -55712.99144221369, -55712.99144230228, -55712.991442179205, -55712.99144224215, -55712.99144262956, -55712.991442262144, -55712.991442237864, -55712.99144253158, -55712.9914430897], "epochs": [15.749722516833979, 12.849715117282884, 13.699726216609527, 12.749722516833979, 13.849715117282884, 12.649729916385073, 12.749722516833979, 12.749722516833979, 12.699726216609527, 13.699726216609527, 12.749722516833979, 12.699726216609527, 14.749722516833979, 14.699726216609527, 13.699726216609527, 12.699726216609527, 13.799718817058432, 13.699726216609527, 12.699726216609527, 12.699726216609527]}, "0.1": {"time": [28.707847595214844, 32.77727460861206, 30.70130968093872, 29.85701084136963, 30.787577629089355, 30.80952024459839, 30.171207427978516, 31.286938190460205, 31.388411283493042, 31.662304162979126, 29.62484121322632, 29.14744472503662, 31.510217428207397, 29.271462440490723, 30.57158327102661, 28.831236600875854, 32.354575872421265, 30.367578506469727, 30.20250177383423, 30.225212812423706], "LL": [-55712.99144241818, -55712.99144225786, -55712.991442179584, -55712.9914421486, -55712.99144215833, -55712.99144214823, -55712.9914422021, -55712.99144221932, -55712.991442150626, -55712.991442195365, -55712.99144227078, -55712.99144242578, -55712.991442186554, -55712.991442187806, -55712.99144217842, -55712.99144246439, -55712.99144220828, -55712.991442227896, -55712.991442262784, -55712.991442177874], "epochs": [13.199689218854056, 17.199689218854054, 14.299681819302961, 14.199689218854056, 14.299681819302961, 14.299681819302961, 14.199689218854056, 15.199689218854056, 14.299681819302961, 15.299681819302961, 13.299681819302961, 13.299681819302961, 16.29968181930296, 13.299681819302961, 14.299681819302961, 13.199689218854056, 16.399674419751868, 14.299681819302961, 14.299681819302961, 14.299681819302961]}, "0.2": {"time": [39.395581007003784, 37.56590414047241, 39.089024782180786, 38.85851216316223, 39.57322883605957, 37.53314828872681, 38.13504767417908, 38.87088227272034, 44.8021125793457, 39.09894680976868, 36.77238893508911, 39.73543906211853, 37.54986071586609, 37.6331250667572, 43.227439165115356, 36.88979244232178, 40.64282035827637, 39.81417894363403, 40.01296520233154, 40.56684184074402], "LL": [-55712.99144428703, -55712.99144220234, -55712.99144218184, -55712.99144228298, -55712.99144249233, -55712.99144219668, -55712.99144291883, -55712.99144217622, -55712.99144217573, -55712.991443186125, -55712.9914433351, -55712.99144221056, -55712.99144236638, -55712.99144216209, -55712.991442206374, -55712.99144227926, -55712.991442263294, -55712.99144280988, -55712.99144218088, -55712.991442333696], "epochs": [13.599930937523123, 14.199935870557187, 15.199935870557187, 15.199935870557187, 17.199935870557187, 14.199935870557187, 13.399933404040155, 14.399933404040155, 20.399933404040155, 14.399933404040155, 13.199935870557187, 14.599930937523123, 14.199935870557187, 14.199935870557187, 22.199935870557187, 14.199935870557187, 15.399933404040155, 16.199935870557187, 15.399933404040155, 17.199935870557187]}, "0.5": {"time": [70.54665040969849, 70.10119104385376, 73.9661865234375, 74.61864972114563, 70.02635717391968, 74.17816543579102, 73.42111134529114, 70.82432675361633, 73.87678647041321, 71.67233777046204, 69.85227704048157, 68.3603994846344, 74.04386758804321, 74.9847891330719, 74.01299333572388, 69.51724576950073, 75.23421573638916, 70.73504495620728, 69.08020496368408, 71.12478852272034],