{"perc_hybrid": {"0": {"time": [55.516650676727295, 73.39123702049255, 61.53885841369629, 67.0065426826477, 72.61242413520813, 66.23306322097778, 60.05131673812866, 65.79716992378235, 69.36155867576599, 73.73113965988159], "LL": [-55712.99144651774, -55712.99144245961, -55712.99144250355, -55712.991442250976, -55712.9914424392, -55712.99144227306, -55712.991444014246, -55712.99144230136, -55712.991442136976, -55712.99144235819], "epochs": [53.61344745085465, 73.40379350319414, 61.539451939915644, 66.89709690945416, 73.37912833288114, 66.69977554695015, 61.527119354759144, 65.47778901413315, 69.63811262116765, 73.31746540709864]}, "5": {"time": [34.15004873275757, 37.92824721336365, 34.111332178115845, 32.785735845565796, 37.36311936378479, 41.646037340164185, 34.858492851257324, 33.987905979156494, 34.04825472831726, 36.84886646270752], "LL": [-55712.99144234606, -55712.991442316095, -55712.991442567465, -55712.99144222834, -55712.9914422769, -55712.99144232923, -55712.99144253056, -55712.9914444277, -55712.991442288214, -55712.991442202234], "epochs": [29.317465407098638, 36.28046765162914, 30.292800236785634, 28.342130577411638, 33.860099153984656, 38.68744296179365, 30.280467651629134, 29.588782280541647, 29.292800236785634, 32.35446316256814]}, "10": {"time": [23.971068382263184, 26.959777116775513, 31.868402004241943, 24.926258087158203, 26.17418122291565, 26.299558877944946, 25.53771734237671, 27.10924530029297, 25.8614284992218, 29.381890058517456], "LL": [-55712.99144245597, -55712.99144247403, -55712.991442161474, -55712.9914421907, -55712.991442395345, -55712.99144230808, -55712.991442258266, -55712.991442520106, -55712.99144217791, -55712.99144221669], "epochs": [16.329797992255138, 20.292800236785634, 26.292800236785634, 18.305132821942138, 18.391460918037637, 18.47672841180968, 19.268135066472635, 21.292800236785634, 19.280467651629134, 22.71210813210665]}, "15": {"time": [30.457928895950317, 24.50379490852356, 26.587674856185913, 27.159997701644897, 23.461044311523438, 27.397144556045532, 24.940125226974487, 26.103167057037354, 31.568407773971558, 28.430288076400757], "LL": [-55712.99144225797, -55712.99144223824, -55712.991442181294, -55712.99144219763, -55712.99144223837, -55712.99144237553, -55712.991442204584, -55712.99144235324, -55712.99144223219, -55712.991442328756], "epochs": [24.342130577411638, 17.317465407098638, 19.342130577411638, 21.292800236785634, 16.342130577411638, 21.280467651629134, 16.490121599289644, 20.317465407098638, 25.329797992255138, 22.280467651629134]}, "20": {"time": [23.306446313858032, 23.147363662719727, 22.118661403656006, 26.47362446784973, 21.322086095809937, 24.154191970825195, 25.312066078186035, 22.742063283920288, 24.68196678161621, 23.725993394851685], "LL": [-55712.99144236458, -55712.991442367624, -55712.9914431196, -55712.99144230206, -55712.991442237035, -55712.99144221664, -55712.99144215565, -55712.99144218892, -55712.99144219807, -55712.99144217756], "epochs": [13.280467651629134, 13.317465407098636, 12.354463162568138, 18.292800236785634, 12.280467651629134, 13.45312384382014, 14.502454184446144, 13.329797992255138, 15.305132821942136, 14.317465407098636]}, "25": {"time": [23.547287225723267, 22.39529061317444, 22.503227472305298, 24.08968210220337, 23.822372674942017, 24.723054885864258, 24.099565982818604, 22.268406629562378, 22.579970598220825, 25.770403146743774], "LL": [-55712.99144219187, -55712.99144233012, -55712.99144236877, -55712.991442211256, -55712.99144237986, -55712.991442215294, -55712.9914421738, -55712.991442243474, -55712.99144257321, -55712.991442226106], "epochs": [14.305132821942136, 13.292800236785634, 13.305132821942136, 12.625780036011149, 15.292800236785634, 15.354463162568138, 13.477789014133142, 13.280467651629134, 13.317465407098636, 17.280467651629134]}, "30": {"time": [23.050434350967407, 22.565611124038696, 23.95310688018799, 23.698452472686768, 21.24574637413025, 23.876641511917114, 22.05047917366028, 21.41007685661316, 23.199966192245483, 25.96824884414673], "LL": [-55712.99144215964, -55712.9914425509, -55712.99144221003, -55712.991442187296, -55712.991442365084, -55712.991442206956, -55712.99144228587, -55712.991442282255, -55712.99144225508, -55712.99144277323], "epochs": [13.317465407098636, 13.268135066472635, 14.280467651629134, 14.280467651629134, 12.280467651629134, 14.317465407098636, 12.379128332881137, 12.342130577411638, 14.317465407098636, 18.292800236785634]}, "35": {"time": [21.442696809768677, 20.81609559059143, 24.70430850982666, 21.6748149394989, 22.556312084197998, 22.550971269607544, 23.935479164123535, 22.75072717666626, 23.696899890899658, 22.31275200843811], "LL": [-55712.991442434446, -55712.9914425249, -55712.99144218057, -55712.9914439485, -55712.99144216026, -55712.991442213046, -55712.99144215218, -55712.99144226303, -55712.99144217327, -55712.99144216411], "epochs": [12.329797992255138, 12.280467651629134, 14.44079125866364, 12.354463162568138, 13.342130577411638, 13.305132821942136, 14.379128332881137, 13.354463162568138, 14.366795747724638, 13.292800236785634]}, "40": {"time": [32.82479786872864, 28.00038456916809, 29.64403200149536, 28.763460874557495, 29.069512128829956, 27.808859825134277, 26.923184156417847, 30.501503229141235, 31.676902294158936, 29.351117610931396], "LL": [-55712.99144216362, -55712.991442245504, -55712.99144217866, -55712.991442376035, -55712.99144249733, -55712.991442384475, -55712.9914421882, -55712.99144232884, -55712.991442187646, -55712.99144223253], "epochs": [23.280467651629134, 15.41612608835064, 17.366795747724638, 17.305132821942138, 17.317465407098638, 16.305132821942138, 14.292800236785634, 19.292800236785634, 21.305132821942138, 18.280467651629134]}, "45": {"time": [31.059683799743652, 29.098342657089233, 25.600677967071533, 28.93372678756714, 29.233731269836426, 27.383227348327637, 28.223224878311157, 32.68955183029175, 27.729028940200806, 31.720455169677734], "LL": [-55712.99144223616, -55712.99144214633, -55712.99144227947, -55712.99144244093, -55712.991442228566, -55712.991442843966, -55712.99144249204, -55712.991442146376, -55712.991442160564, -55712.99144220672], "epochs": [20.292800236785634, 17.280467651629134, 12.317465407098636, 17.305132821942138, 17.280467651629134, 15.280467651629134, 15.329797992255138, 22.292800236785634, 15.305132821942136, 20.292800236785634]}, "50": {"time": [30.272741317749023, 32.47971820831299, 29.39082980155945, 28.342349767684937, 29.217384576797485, 28.5590558052063, 29.441604137420654, 30.944708824157715, 29.542752265930176, 24.134007453918457], "LL": [-55712.99144223808, -55712.99144223283, -55712.991442208506, -55712.99144217826, -55712.99144216479, -55712.99144631234, -55712.99144219331, -55712.991442152794, -55712.99144234221, -55712.991442338585], "epochs": [19.317465407098638, 19.576449695385147, 18.280467651629134, 15.305132821942136, 16.329797992255138, 17.292800236785634, 16.41612608835064, 18.391460918037637, 18.292800236785634, 10.329797992255138]}, "55": {"time": [27.624462842941284, 28.62917447090149, 29.354124784469604, 30.544534921646118, 28.609371185302734, 29.212029933929443, 29.95426344871521, 27.632439136505127, 29.644856214523315, 28.277320384979248], "LL": [-55712.991442187915, -55712.991442912906, -55712.99144216748, -55712.99144242243, -55712.99144276445, -55712.99144233155, -55712.991442337276, -55712.991442171406, -55712.99144224836, -55712.99144254161], "epochs": [15.292800236785634, 17.292800236785634, 17.342130577411638, 19.329797992255138, 17.292800236785634, 18.268135066472635, 18.292800236785634, 15.305132821942136, 18.280467651629134, 17.280467651629134]}, "60": {"time": [30.392728567123413, 29.441456079483032, 28.672891855239868, 29.389312267303467, 29.220144271850586, 27.78948950767517, 27.145557403564453, 25.995393753051758, 31.219821214675903, 27.82333207130432],