{"perc_hybrid": {"0": {"time": [281.01041436195374], "LL": [-55712.99144228623], "epochs": [56.94642725008016]}, "5": {"time": [199.52516341209412], "LL": [-55712.991442342405], "epochs": [31.391460918037637]}, "10": {"time": [157.1457657814026], "LL": [-55712.991442234474], "epochs": [22.268135066472635]}, "15": {"time": [144.1303994655609], "LL": [-55712.99144227087], "epochs": [19.69977554695015]}, "20": {"time": [150.78357982635498], "LL": [-55712.99144235233], "epoachs": [12.342130577411638]}, "25": {"time": [135.30478954315186], "LL": [-55712.9914424209], "epochs": [12.342130577411638]}, "30": {"time": [152.01216864585876], "LL": [-55712.991442196726], "epochs": [15.280467651629134]}, "35": {"time": [134.77949833869934], "LL": [-55712.99144217167], "epochs": [13.292800236785634]}, "40": {"time": [190.3240225315094], "LL": [-55712.99144215857], "epochs": [17.329797992255138]}, "45": {"time": [198.61166954040527], "LL": [-55712.991442225975], "epochs": [19.329797992255138]}, "50": {"time": [200.16874313354492], "LL": [-55712.991442168735], "epochs": [19.292800236785634]}}}