{"time": [176.190317, 177.316052, 177.261248, 176.944795, 177.112939, 177.179122, 176.719096, 177.121134, 177.093325, 177.404961, 177.066597, 176.798255, 176.894935, 177.384796, 177.129867, 177.394984, 177.221688, 177.384325, 177.329777, 176.920883], "LL": [-55713.15128423091, -55713.15128423091, -55713.15128423091, -55713.15128423091, -55713.15128423091, -55713.15128423091, -55713.15128423091, -55713.15128423091, -55713.15128423091, -55713.15128423091, -55713.15128423091, -55713.15128423091, -55713.15128423091, -55713.15128423091, -55713.15128423091, -55713.15128423091, -55713.15128423091, -55713.15128423091, -55713.15128423091, -55713.15128423091], "epochs": [772, 772, 772, 772, 772, 772, 772, 772, 772, 772, 772, 772, 772, 772, 772, 772, 772, 772, 772, 772]}