{"time": [168.580842, 170.434146, 169.825637, 169.825366, 170.322631, 170.312251, 169.866842, 170.103942, 170.250581, 170.152008, 170.371775, 170.310066, 170.161161, 169.991624, 170.044141, 170.009936, 169.756492, 169.614133, 169.291175, 170.797408], "LL": [-55713.15128423091, -55713.15128423091, -55713.15128423091, -55713.15128423091, -55713.15128423091, -55713.15128423091, -55713.15128423091, -55713.15128423091, -55713.15128423091, -55713.15128423091, -55713.15128423091, -55713.15128423091, -55713.15128423091, -55713.15128423091, -55713.15128423091, -55713.15128423091, -55713.15128423091, -55713.15128423091, -55713.15128423091, -55713.15128423091], "epochs": [772, 772, 772, 772, 772, 772, 772, 772, 772, 772, 772, 772, 772, 772, 772, 772, 772, 772, 772, 772]}