{"time": [162.43706822395325, 164.93391346931458, 161.0601921081543, 161.8538727760315, 163.2644476890564, 162.45921063423157, 160.94793891906738, 163.75967717170715, 162.40084791183472, 162.36003494262695, 162.19579911231995, 163.1471724510193, 162.1146161556244, 165.95850276947021, 161.78785371780396, 164.75557446479797, 161.77167320251465, 163.03201818466187, 163.0951807498932, 163.45901942253113], "LL": [-64962.929180444225, -64187.15546278364, -65314.4270977882, -65055.65590352647, -63884.32522296521, -63707.10036526674, -65656.11660372112, -64329.050858906034, -64545.58692724432, -65278.45941000027, -64206.677756427714, -64298.955014715, -65168.857308938845, -63580.7661780251, -65739.44805674531, -64349.00283859151, -65305.79089141706, -64693.75527359386, -64877.22557049884, -63275.375351735835], "epochs": [200.31746540709864, 200.24346989615964, 200.24346989615964, 200.25580248131615, 200.28046765162912, 200.29280023678564, 200.20647214069012, 200.23113731100312, 200.50245418444615, 200.25580248131615, 200.49012159928964, 200.35446316256815, 200.26813506647264, 200.61132624620774, 200.25580248131615, 200.30513282194215, 200.20647214069012, 200.25580248131615, 200.28046765162912, 200.39146091803764]}