{"time": [204.62853622436523, 205.0558409690857, 203.46320295333862, 204.00200200080872, 204.37021899223328, 203.85308051109314, 203.90980052947998, 203.6312129497528, 203.79916620254517, 205.04372715950012, 207.2347686290741, 204.9292459487915, 203.87472224235535, 203.99785327911377, 205.47085070610046, 206.29738116264343, 203.50145649909973, 205.3960726261139, 205.83524179458618, 204.53553104400635], "LL": [-55724.15022003166, -55723.17251769632, -55724.436401817715, -55723.49490552058, -55724.62553652639, -55723.859044291166, -55724.34611246116, -55723.86123372922, -55723.17451298971, -55723.03439456102, -55721.151970139494, -55722.9108766071, -55724.97836050571, -55723.51581485898, -55723.1046679102, -55722.08227056855, -55725.056133603364, -55721.48213339671, -55722.95078132581, -55725.10331895301], "epochs": [200.44079125866364, 200.35446316256815, 200.39146091803764, 200.37912833288112, 200.73677330241964, 200.34213057741164, 200.35446316256815, 200.57644969538515, 200.37912833288112, 200.34213057741164, 200.32979799225512, 200.34213057741164, 200.31746540709864, 200.39146091803764, 200.34213057741164, 200.51478676960264, 200.35446316256815, 200.36679574772464, 200.31746540709864, 200.37912833288112]}