{"time": [474.13098335266113, 472.610634803772, 475.07098960876465, 470.6483311653137, 485.6432213783264, 474.687518119812, 477.86327362060547, 482.7585258483887, 469.95739221572876, 476.0707013607025, 476.6956145763397, 479.4960479736328, 471.29296016693115, 474.6648299694061, 463.3914189338684, 478.4497010707855, 465.14731216430664, 480.6110351085663, 466.833048582077, 472.3920979499817], "LL": [-55712.99146862443, -55712.991466638014, -55712.991447113905, -55712.99146485885, -55712.99144575617, -55712.991458260774, -55712.99147675122, -55712.99145919248, -55712.99145066322, -55712.991450188645, -55712.991448495675, -55712.99146077573, -55712.991455801195, -55712.99144876818, -55712.99147856637, -55712.99145129713, -55712.99156009528, -55712.99145534299, -55712.99146761824, -55712.99145244408], "epochs": [440.35446316256815, 440.39146091803764, 441.34213057741164, 436.40379350319415, 453.31746540709867, 441.3667957477246, 444.41612608835067, 448.35446316256815, 434.3667957477246, 443.3791283328811, 444.35446316256815, 446.3667957477246, 438.40379350319415, 441.40379350319415, 430.34213057741164, 444.34213057741164, 433.41612608835067, 446.30513282194215, 434.3667957477246, 439.39146091803764]}