{"time": [69.34309792518616, 64.98690843582153, 64.30653500556946, 64.23685050010681, 73.36277318000793, 71.717844247818, 66.00776791572571, 63.99151062965393, 71.39138507843018, 65.83731031417847, 70.83519577980042, 56.73098707199097, 80.29649424552917, 71.89908170700073, 72.84897685050964, 63.657079219818115, 63.56230616569519, 71.8554904460907, 64.98957753181458, 71.19830703735352], "LL": [-55712.991442660525, -55712.99144485741, -55712.99144993389, -55712.99144290007, -55712.991442538856, -55712.99145200052, -55712.991446257074, -55712.99145417925, -55712.991446078, -55712.99144434852, -55712.99144251451, -55712.99148392794, -55712.9914464302, -55712.99144603812, -55712.991450262525, -55712.99144437602, -55712.99144378367, -55712.99144542977, -55712.991454062045, -55712.99144379855], "epochs": [8.773771057889155, 8.305132821942136, 8.342130577411638, 8.292800236785634, 9.551784525072145, 9.403793503194139, 8.539451939915645, 8.342130577411638, 9.292800236785634, 8.37912833288114, 9.280467651629134, 7.2804676516291345, 10.490121599289644, 9.292800236785634, 9.354463162568138, 8.280467651629134, 8.280467651629134, 9.342130577411638, 8.342130577411638, 9.305132821942136]}