{"time": [17.547175884246826, 17.447537422180176, 18.00421380996704, 17.27304768562317, 18.049716472625732, 16.451451539993286, 19.233354806900024, 17.100646495819092, 17.84179449081421, 16.896865129470825, 16.76407217979431, 19.01168131828308, 18.221747159957886, 17.38078260421753, 17.121270895004272, 18.156527996063232, 17.734806060791016, 18.388485431671143, 15.998332023620605, 18.60928249359131], "LL": [-55712.991442478524, -55712.99144224787, -55712.99144223719, -55712.99144227739, -55712.99144214061, -55712.99144231187, -55712.991442143735, -55712.9914422453, -55712.991442138, -55712.99144214467, -55712.99144216161, -55712.99144214395, -55712.991442164435, -55712.99144254963, -55712.99144240966, -55712.991442149374, -55712.991442180224, -55712.99144215488, -55712.99144255998, -55712.991442158556], "epochs": [8.329797992255138, 9.329797992255138, 10.292800236785634, 9.317465407098636, 10.305132821942136, 8.329797992255138, 11.082085686801667, 9.292800236785634, 10.305132821942136, 9.292800236785634, 9.280467651629134, 11.329797992255138, 10.329797992255138, 9.342130577411638, 9.305132821942136, 10.342130577411638, 9.37912833288114, 10.342130577411638, 8.280467651629134, 11.292800236785634]}