{"time": [819.7573802471161, 820.8892135620117, 823.3315789699554, 823.7495350837708, 827.4962508678436, 825.2852132320404, 826.3899564743042, 828.4924118518829, 826.8261277675629, 826.4136064052582, 818.9404072761536, 825.5498585700989, 824.2105603218079, 823.2057754993439, 825.7218315601349, 824.5709879398346, 822.8425312042236, 820.2972166538239, 824.9641923904419, 824.0500082969666], "LL": [-58926.327136167456, -58843.55539335209, -58290.115976222995, -58696.93309770498, -58173.13908159839, -58622.209002786214, -58574.994725455545, -58043.152476014635, -58355.028858536505, -58372.67038523837, -58960.41208043241, -58631.789348896426, -58728.03437371412, -58683.051521368965, -57979.04525319639, -58644.12549954945, -58716.09315049613, -58909.031126322116, -58342.71868887594, -58603.80244943833], "epochs": [1000.2558024813161, 1000.2434698961597, 1000.6381126211677, 1000.2434698961597, 1000.2434698961597, 1000.4901215992896, 1000.2434698961597, 1000.3667957477246, 1000.2434698961597, 1000.2434698961597, 1000.2558024813161, 1000.2558024813161, 1000.2681350664726, 1000.2064721406902, 1000.2928002367856, 1000.2681350664726, 1000.2064721406902, 1000.2434698961597, 1000.1818069703771, 1000.4027329008707]}