{"time": [19.768197059631348, 20.528377771377563, 18.649903059005737, 19.10011887550354, 20.566484689712524, 18.636221647262573, 19.129931449890137, 18.146852016448975, 19.269964456558228, 18.81961441040039, 18.819399118423462, 21.148659229278564, 21.718112230300903, 18.506085872650146, 21.719515085220337, 18.729785442352295, 19.799943923950195, 19.974865674972534, 19.21592116355896, 20.057307243347168], "LL": [-55712.99144785002, -55712.99144421248, -55712.991443193285, -55712.99144532749, -55712.99144516891, -55712.991446984015, -55712.99144433419, -55712.99144613889, -55712.99146058174, -55712.991443562285, -55712.99144380333, -55712.99144764457, -55712.9914557574, -55712.99144501546, -55712.99144385341, -55712.99144330301, -55712.99144419568, -55712.99144673284, -55712.99144591566, -55712.99144360048], "epochs": [11.280467651629134, 13.292800236785634, 11.280467651629134, 11.317465407098636, 13.305132821942136, 11.292800236785634, 11.317465407098636, 10.292800236785634, 11.305132821942136, 11.280467651629134, 11.292800236785634, 12.477789014133142, 10.724440717263153, 10.699775546950152, 12.551784525072145, 11.305132821942136, 11.42845867350714, 12.37912833288114, 12.268135066472635, 12.366795747724638]}