{"time": [461.1117947101593, 462.5205910205841, 459.68778944015503, 460.34368872642517, 460.11486768722534, 462.9264178276062, 455.37810230255127, 456.61229395866394, 460.72782588005066, 460.9119975566864, 462.7885510921478, 459.21898317337036, 462.1926324367523, 462.8151729106903, 459.43300914764404, 461.4776725769043, 459.7193088531494, 461.6742491722107, 460.7609648704529, 459.32406306266785], "LL": [-55712.99144923094, -55712.99144658327, -55712.99144832204, -55712.99144694999, -55712.991448761204, -55712.991443790874, -55712.99145533621, -55712.991509020474, -55712.99144751576, -55712.99145030264, -55712.99145356696, -55712.99144928581, -55712.99144891309, -55712.99144981479, -55712.99145134558, -55712.99144635548, -55712.99145007386, -55712.991453711824, -55712.99144735933, -55712.99145030406], "epochs": [438.3297979922551, 440.3297979922551, 437.30513282194215, 438.3297979922551, 437.34213057741164, 439.3297979922551, 432.53945193991564, 434.35446316256815, 438.31746540709867, 437.40379350319415, 439.35446316256815, 435.45312384382015, 438.35446316256815, 439.31746540709867, 436.34213057741164, 438.34213057741164, 436.39146091803764, 438.3297979922551, 437.35446316256815, 436.3667957477246]}