{"time": [21.412158250808716, 18.90256404876709, 21.504865646362305, 18.91618299484253, 22.26146674156189, 19.22918677330017, 20.165816068649292, 18.71262812614441, 22.15755319595337, 18.910804748535156, 21.066049575805664, 26.332885026931763, 21.743168115615845, 21.43593454360962, 19.9678475856781, 19.236759185791016, 19.969242572784424, 23.745442390441895, 22.004101276397705, 17.9425630569458], "LL": [-55712.99144326406, -55712.99144795496, -55712.99144874932, -55712.99144800069, -55712.99144719045, -55712.99145095262, -55712.991444755564, -55712.991445232816, -55712.99144368312, -55712.991448507804, -55712.99144768557, -55712.99144678694, -55712.991445033214, -55712.99144277877, -55712.991453475945, -55712.99144968513, -55712.99144650757, -55712.99145377778, -55712.99145224551, -55712.991449136905], "epochs": [11.42845867350714, 10.37912833288114, 12.45312384382014, 11.292800236785634, 13.453123843820142, 11.317465407098636, 12.292800236785634, 11.268135066472635, 14.452063241496681, 11.280467651629134, 12.37912833288114, 12.069753101645166, 13.342130577411638, 12.354463162568138, 12.280467651629134, 11.292800236785634, 12.292800236785634, 10.87243173914116, 13.354463162568138, 9.317465407098636]}