{"time": [18.95247220993042, 17.965740442276, 21.46003746986389, 17.623814344406128, 17.875009775161743, 18.376363039016724, 17.502947092056274, 17.22964835166931, 16.23784899711609, 17.056448936462402, 18.277665615081787, 18.087159156799316, 17.421399116516113, 18.625874519348145, 17.49571704864502, 18.605973720550537, 19.76057744026184, 18.426020622253418, 17.641813039779663, 18.19531559944153], "LL": [-55712.99144214018, -55712.99144214098, -55712.991442256345, -55712.99144219963, -55712.99144220658, -55712.99144214778, -55712.991442234445, -55712.99144297918, -55712.99144238828, -55712.991442203216, -55712.99144214004, -55712.99144230423, -55712.99144214581, -55712.9914421646, -55712.99144214344, -55712.99144217731, -55712.99144216503, -55712.991442225204, -55712.99144216372, -55712.99144213938], "epochs": [10.292800236785634, 10.280467651629134, 9.786103643045655, 9.317465407098636, 8.477789014133142, 9.41612608835064, 9.329797992255136, 9.280467651629134, 8.292800236785634, 9.280467651629134, 10.292800236785634, 9.354463162568138, 9.292800236785634, 10.082085686801667, 9.292800236785634, 10.329797992255138, 9.576449695385147, 9.41612608835064, 9.329797992255138, 10.280467651629134]}