{"time": [199.9224042892456, 200.03047728538513, 199.73652744293213, 199.9860610961914, 200.13292503356934, 200.21192693710327, 200.45181965827942, 199.9420051574707, 200.6874976158142, 200.52860283851624, 200.21343111991882, 199.97699451446533, 200.25776839256287, 199.91414284706116, 200.31827044487, 200.1239197254181, 200.61519384384155, 199.81341814994812, 200.16199827194214, 200.15322279930115], "LL": [-55722.63162225666, -55721.81900540063, -55721.83140471915, -55722.09793006686, -55721.59702828359, -55722.38592777002, -55721.99606366246, -55721.66721160812, -55721.2064972328, -55721.75113943206, -55721.95814313028, -55722.620921960624, -55721.58744322197, -55722.24189044965, -55721.97303471876, -55721.230298950584, -55721.7860829569, -55722.40767493516, -55721.8213344587, -55722.012420128594], "epochs": [200.32979799225512, 200.34213057741164, 200.35446316256815, 200.31746540709864, 200.36679574772464, 200.30513282194215, 200.35446316256815, 200.36679574772464, 200.36679574772464, 200.37912833288112, 200.32979799225512, 200.32979799225512, 200.36679574772464, 200.31746540709864, 200.34213057741164, 200.35446316256815, 200.35446316256815, 200.31746540709864, 200.35446316256815, 200.34213057741164]}