{"time": [75.15539526939392, 91.35875058174133, 79.79048490524292, 68.95544815063477, 78.53858232498169, 77.15241241455078, 78.67011642456055, 78.60795021057129, 71.67122149467468, 86.9618730545044, 70.37194848060608, 69.74978423118591, 79.13223600387573, 77.35997104644775, 72.81110978126526, 70.29626178741455, 80.46043753623962, 70.75015044212341, 79.88800644874573, 71.13748240470886], "LL": [-55712.991442222956, -55712.99144309541, -55712.99144362954, -55712.991449212794, -55712.9914460316, -55712.99144278448, -55712.991442773746, -55712.99144231924, -55712.99144886119, -55712.991443138315, -55712.99145950136, -55712.99149837318, -55712.99144284813, -55712.99144329497, -55712.9914440859, -55712.99145389787, -55712.991486758765, -55712.991455410476, -55712.99144284339, -55712.991461504294], "epochs": [9.292800236785634, 11.305132821942136, 9.476728411809683, 8.37912833288114, 9.403793503194139, 9.317465407098636, 9.329797992255138, 9.403793503194139, 8.403793503194139, 10.342130577411638, 8.305132821942136, 8.366795747724638, 9.305132821942136, 9.280467651629134, 8.687442961793652, 8.292800236785634, 9.39146091803764, 8.280467651629134, 9.292800236785634, 8.305132821942136]}