{"time": [203.32994771003723, 202.31830835342407, 202.9375913143158, 202.7055048942566, 202.17331552505493, 202.60489439964294, 202.95840191841125, 202.50081825256348, 202.42857003211975, 203.03687500953674, 202.91248774528503, 203.53641986846924, 203.03506994247437, 202.70242381095886, 202.9737582206726, 203.22835898399353, 203.04888677597046, 202.7374792098999, 203.0490584373474, 203.06852102279663], "LL": [-55733.70641248509, -55733.70641248509, -55733.70641248509, -55733.70641248509, -55733.70641248509, -55733.70641248509, -55733.70641248509, -55733.70641248509, -55733.70641248509, -55733.70641248509, -55733.70641248509, -55733.70641248509, -55733.70641248509, -55733.70641248509, -55733.70641248509, -55733.70641248509, -55733.70641248509, -55733.70641248509, -55733.70641248509, -55733.70641248509], "epochs": [200.0, 200.0, 200.0, 200.0, 200.0, 200.0, 200.0, 200.0, 200.0, 200.0, 200.0, 200.0, 200.0, 200.0, 200.0, 200.0, 200.0, 200.0, 200.0, 200.0]}