{"time": [198.41396856307983, 198.1673560142517, 198.27205109596252, 198.21405839920044, 198.41141486167908, 198.96670818328857, 198.5396921634674, 198.6802568435669, 198.83762311935425, 198.7409143447876, 198.83632588386536, 198.79684448242188, 198.34703040122986, 198.6625337600708, 198.4565441608429, 198.91473627090454, 198.31985569000244, 198.83715891838074, 198.28740525245667, 197.92178058624268], "LL": [-55726.4540006488, -55726.4540006488, -55726.4540006488, -55726.4540006488, -55726.4540006488, -55726.4540006488, -55726.4540006488, -55726.4540006488, -55726.4540006488, -55726.4540006488, -55726.4540006488, -55726.4540006488, -55726.4540006488, -55726.4540006488, -55726.4540006488, -55726.4540006488, -55726.4540006488, -55726.4540006488, -55726.4540006488, -55726.4540006488], "epochs": [200.0, 200.0, 200.0, 200.0, 200.0, 200.0, 200.0, 200.0, 200.0, 200.0, 200.0, 200.0, 200.0, 200.0, 200.0, 200.0, 200.0, 200.0, 200.0, 200.0]}