{"time": [493.05476546287537, 492.8882329463959, 492.5847442150116, 493.15981698036194, 492.6946783065796, 493.31945300102234, 492.3135485649109, 492.6889457702637, 492.97293400764465, 492.35883831977844, 492.80478048324585, 492.7111029624939, 493.1722152233124, 493.1191530227661, 493.3974914550781, 493.42288303375244, 493.5346910953522, 493.22502851486206, 492.05147671699524, 492.59020733833313], "LL": [-55712.99145533482, -55712.99145533482, -55712.99145533482, -55712.99145533482, -55712.99145533482, -55712.99145533482, -55712.99145533482, -55712.99145533482, -55712.99145533482, -55712.99145533482, -55712.99145533482, -55712.99145533482, -55712.99145533482, -55712.99145533482, -55712.99145533482, -55712.99145533482, -55712.99145533482, -55712.99145533482, -55712.99145533482, -55712.99145533482], "epochs": [478.0, 478.0, 478.0, 478.0, 478.0, 478.0, 478.0, 478.0, 478.0, 478.0, 478.0, 478.0, 478.0, 478.0, 478.0, 478.0, 478.0, 478.0, 478.0, 478.0]}