{"time": [473.8526155948639, 473.552796125412, 473.9182126522064, 474.18779611587524, 473.92540192604065, 474.271288394928, 474.0723283290863, 474.04747438430786, 474.46542143821716, 474.4168927669525, 473.96799874305725, 474.29032731056213, 472.1522710323334, 472.1207115650177, 472.9440977573395, 472.3141038417816, 472.36216616630554, 472.2261347770691, 471.75291204452515, 471.57498002052307], "LL": [-55712.991447838715, -55712.991447838715, -55712.991447838715, -55712.991447838715, -55712.991447838715, -55712.991447838715, -55712.991447838715, -55712.991447838715, -55712.991447838715, -55712.991447838715, -55712.991447838715, -55712.991447838715, -55712.991447838715, -55712.991447838715, -55712.991447838715, -55712.991447838715, -55712.991447838715, -55712.991447838715, -55712.991447838715, -55712.991447838715], "epochs": [462.0, 462.0, 462.0, 462.0, 462.0, 462.0, 462.0, 462.0, 462.0, 462.0, 462.0, 462.0, 462.0, 462.0, 462.0, 462.0, 462.0, 462.0, 462.0, 462.0]}