{"time": [821.6552023887634, 822.2952117919922, 821.7085406780243, 822.1421740055084, 822.3786127567291, 821.5996840000153, 822.191999912262, 820.4480302333832, 821.6777563095093, 821.3803946971893, 818.8438847064972, 818.4212944507599, 818.6581122875214, 819.5735347270966, 819.0357944965363, 819.5405895709991, 819.6672866344452, 819.1897943019867, 818.9724156856537, 818.2399697303772], "LL": [-58720.73214789315, -58720.73214789315, -58720.73214789315, -58720.73214789315, -58720.73214789315, -58720.73214789315, -58720.73214789315, -58720.73214789315, -58720.73214789315, -58720.73214789315, -58720.73214789315, -58720.73214789315, -58720.73214789315, -58720.73214789315, -58720.73214789315, -58720.73214789315, -58720.73214789315, -58720.73214789315, -58720.73214789315, -58720.73214789315], "epochs": [1000.0, 1000.0, 1000.0, 1000.0, 1000.0, 1000.0, 1000.0, 1000.0, 1000.0, 1000.0, 1000.0, 1000.0, 1000.0, 1000.0, 1000.0, 1000.0, 1000.0, 1000.0, 1000.0, 1000.0]}