{"time": [161.1577923297882, 161.89351439476013, 161.67081451416016, 161.5958375930786, 162.21990323066711, 162.54329991340637, 162.43616461753845, 161.97959399223328, 162.3405101299286, 162.17822766304016, 161.7177803516388, 162.073415517807, 162.02848863601685, 161.8568708896637, 161.90607452392578, 162.0267300605774, 161.8127236366272, 161.37590217590332, 161.11191487312317, 161.83149647712708], "LL": [-65664.00440587942, -65664.00440587942, -65664.00440587942, -65664.00440587942, -65664.00440587942, -65664.00440587942, -65664.00440587942, -65664.00440587942, -65664.00440587942, -65664.00440587942, -65664.00440587942, -65664.00440587942, -65664.00440587942, -65664.00440587942, -65664.00440587942, -65664.00440587942, -65664.00440587942, -65664.00440587942, -65664.00440587942, -65664.00440587942], "epochs": [200.0, 200.0, 200.0, 200.0, 200.0, 200.0, 200.0, 200.0, 200.0, 200.0, 200.0, 200.0, 200.0, 200.0, 200.0, 200.0, 200.0, 200.0, 200.0, 200.0]}