{"time": [122.28527188301086, 123.54117798805237, 123.92761445045471, 123.75190734863281, 125.7548599243164, 125.65261149406433, 125.71508049964905, 125.95717668533325, 127.14028668403625, 127.52897810935974, 127.59589791297913, 128.15665459632874, 127.28868436813354, 127.38148140907288, 128.19234991073608, 129.75790452957153, 128.43943428993225, 129.23644089698792, 129.0391447544098, 130.5597686767578], "LL": [-55712.99144281441, -55712.99144281441, -55712.99144281441, -55712.99144281441, -55712.99144281441, -55712.99144281441, -55712.99144281441, -55712.99144281441, -55712.99144281441, -55712.99144281441, -55712.99144281441, -55712.99144281441, -55712.99144281441, -55712.99144281441, -55712.99144281441, -55712.99144281441, -55712.99144281441, -55712.99144281441, -55712.99144281441, -55712.99144281441], "epochs": [15.0, 15.0, 15.0, 15.0, 15.0, 15.0, 15.0, 15.0, 15.0, 15.0, 15.0, 15.0, 15.0, 15.0, 15.0, 15.0, 15.0, 15.0, 15.0, 15.0]}