{"time": [115.37960767745972, 115.163245677948, 116.13426303863525, 116.26636576652527, 114.48444318771362, 115.85677242279053, 117.30521631240845, 115.2264633178711, 116.15311002731323, 116.59322571754456, 116.65945076942444, 116.70941543579102, 115.72320103645325, 115.8339536190033, 115.01254057884216, 115.64363479614258, 116.30535531044006, 116.14556503295898, 116.67995953559875, 117.45056486129761], "LL": [-55712.99144281441, -55712.99144281441, -55712.99144281441, -55712.99144281441, -55712.99144281441, -55712.99144281441, -55712.99144281441, -55712.99144281441, -55712.99144281441, -55712.99144281441, -55712.99144281441, -55712.99144281441, -55712.99144281441, -55712.99144281441, -55712.99144281441, -55712.99144281441, -55712.99144281441, -55712.99144281441, -55712.99144281441, -55712.99144281441], "epochs": [15.0, 15.0, 15.0, 15.0, 15.0, 15.0, 15.0, 15.0, 15.0, 15.0, 15.0, 15.0, 15.0, 15.0, 15.0, 15.0, 15.0, 15.0, 15.0, 15.0]}