{"time": [157.04574751853943, 172.239022731781, 149.66138911247253, 145.2863965034485, 159.6406261920929, 139.9530942440033, 164.32591938972473, 156.8564896583557, 175.81637263298035, 157.04450273513794, 152.4166600704193, 169.23963379859924, 144.7745702266693, 163.12255787849426, 162.80060529708862, 168.74388313293457, 175.69465899467468, 148.81273698806763, 147.13835740089417, 143.1370813846588], "LL": [-55712.99147591744, -55712.99145574526, -55712.99151346759, -55712.99152137316, -55712.99147583401, -55712.99152497441, -55712.99145566152, -55712.991472342954, -55712.99145709124, -55712.99148475498, -55712.99146551155, -55712.99147226058, -55712.99150252763, -55712.99146433507, -55712.99145817045, -55712.99151920935, -55712.991497554554, -55712.99144496407, -55712.99149038945, -55712.99151268152], "epochs": [215.45060799644824, 245.58626643316973, 203.6232641886392, 192.51227092223073, 225.33961473003973, 189.24095404878773, 234.6232641886392, 218.17823052068175, 254.59859901832624, 219.58626643316973, 211.2532866339442, 242.3766124855092, 194.33961473003973, 226.54926867770024, 228.38894507066573, 239.6725945292652, 252.2162888784747, 189.7219248698912, 196.3026169745702, 190.2532866339442]}