{"time": [112.18192720413208, 113.5766806602478, 110.66030836105347, 111.14545607566833, 13.905696868896484, 111.08941578865051, 111.57061791419983, 13.921059370040894, 112.25450825691223, 111.5170545578003, 16.065457344055176, 111.12044215202332, 111.6697268486023, 112.43851161003113, 112.46046924591064, 111.78895568847656, 113.4331169128418, 14.569288730621338, 16.188244819641113, 14.455199718475342], "LL": [-55712.991562363815, -55712.99147430604, -55712.991483858874, -55712.99147093409, -55712.991561028335, -55712.99152032688, -55712.991503938785, -55712.991494348054, -55712.99145843919, -55712.99154256815, -55712.9915176408, -55712.99155195392, -55712.991535581685, -55712.991471513735, -55712.991528876686, -55712.99145360822, -55712.991512075816, -55712.991480962024, -55712.9915453762, -55712.99147175693], "epochs": [200.28046765162912, 200.56411711022866, 200.25580248131615, 200.26813506647264, 10.255802481316135, 200.24346989615964, 200.30513282194215, 9.280467651629134, 200.35446316256815, 200.29280023678564, 11.403793503194139, 200.25580248131615, 200.32979799225512, 200.37912833288112, 200.36679574772464, 200.31746540709864, 200.45312384382015, 8.354463162568138, 13.268135066472635, 9.255802481316135]}