{"time": [122.1031904220581, 122.40182375907898, 122.30019903182983, 122.22300934791565, 122.16672039031982, 122.05081629753113, 122.45970368385315, 122.20579481124878, 122.37064409255981, 122.33415198326111, 122.33909773826599, 122.47183203697205, 122.02529549598694, 121.8738420009613, 122.03237390518188, 122.41454529762268, 122.09396076202393, 121.80145454406738, 122.26829171180725, 122.01042127609253], "LL": [-55719.4359820163, -55719.48344402773, -55719.069248970445, -55719.23864771325, -55719.43563669207, -55719.29343180039, -55719.15746838902, -55719.59186741978, -55719.21228825757, -55719.503139549015, -55719.427926909346, -55719.354374531984, -55719.2645288891, -55719.32604154254, -55719.1140912725, -55719.08775306633, -55719.25263492131, -55719.64710879669, -55719.16617427373, -55719.454449067875], "epochs": [200.36679574772464, 200.41612608835064, 200.46545642897664, 200.34213057741164, 200.40379350319415, 200.32979799225512, 200.41612608835064, 200.41612608835064, 200.58878228054164, 200.36679574772464, 200.60111486569815, 200.58878228054164, 200.40379350319415, 200.39146091803764, 200.37912833288112, 200.47778901413315, 200.39146091803764, 200.35446316256815, 200.39146091803764, 200.40379350319415]}