{"time": [165.61968517303467, 169.8014531135559, 170.00891208648682, 169.22528767585754, 169.92468976974487, 174.5506556034088, 182.6624572277069, 175.8302719593048, 175.06722116470337, 173.676100730896, 177.2760031223297, 175.2880892753601, 177.36040353775024, 177.90168023109436, 176.98200464248657, 177.98257899284363, 178.7954170703888, 176.33436036109924, 181.44727993011475, 189.2479543685913], "LL": [-55712.99144218773, -55712.991442186, -55712.99144219831, -55712.9914421512, -55712.991442142054, -55712.99144214811, -55712.99144215004, -55712.99144214016, -55712.991442171406, -55712.991442200444, -55712.99144214676, -55712.99144213914, -55712.991442152066, -55712.99144213801, -55712.991442172395, -55712.99144214271, -55712.99144215597, -55712.9914421518, -55712.99144214059, -55712.99144217118], "epochs": [20.41361024097872, 20.253286633944214, 20.216288878474714, 20.277951804257214, 20.277951804257214, 20.351947315196217, 21.659201341785266, 20.40127765582222, 20.487605751917723, 20.351947315196217, 20.462940581604723, 20.635596773795726, 20.69725969957823, 20.561601262856726, 20.314949559726717, 20.314949559726717, 20.364279900352717, 20.203956293318214, 20.68492711442173, 21.794859778506773]}