{"time": [55.681556224823, 1388.8253705501556, 53.644076108932495, 47.223793745040894, 1387.575637102127, 46.67487454414368, 61.16444492340088, 1387.2807240486145, 1392.1525180339813, 1380.3458297252655, 1393.285309791565, 1404.4571328163147, 47.90491700172424, 1433.0866265296936, 1443.5128140449524, 1434.6883752346039, 55.74029564857483, 49.0237295627594, 1429.4214584827423, 1433.8787503242493], "LL": [-55712.99151148993, -55712.99146889445, -55712.99148043207, -55712.991520383075, -55712.99155114965, -55712.9914853261, -55712.99146480515, -55712.991482153906, -55712.99157948083, -55712.991464397084, -55712.99146875833, -55712.991484997016, -55712.99146091347, -55712.991510842105, -55712.991460046265, -55712.99151172933, -55712.99153249451, -55712.99150949021, -55712.99149145177, -55712.991502892684], "epochs": [7.305132821942136, 200.28046765162912, 7.255802481316134, 6.2804676516291345, 200.30513282194215, 6.317465407098636, 8.305132821942136, 200.47778901413315, 200.26813506647264, 200.29280023678564, 200.25580248131615, 200.26813506647264, 6.292800236785635, 200.45312384382015, 200.29280023678564, 200.35446316256815, 7.292800236785635, 6.255802481316134, 200.30513282194215, 200.25580248131615]}