{"time": [587.3913550376892, 567.2612869739532, 612.1962733268738, 628.684957742691, 575.8325023651123, 583.095077753067, 603.6711640357971, 601.3225626945496, 609.5047609806061, 591.4561386108398, 595.8023526668549, 542.4090650081635, 562.3492624759674, 594.190271615982, 591.3974561691284, 590.7176358699799, 582.7392592430115, 584.7570562362671, 609.9369082450867, 597.6214787960052], "LL": [-55712.99152576001, -55712.99152968483, -55712.99152692698, -55712.99164482921, -55712.99149692053, -55712.991527607985, -55712.99152455615, -55712.99151380339, -55712.9915202269, -55712.9915202844, -55712.99151593163, -55712.99151994387, -55712.99152533346, -55712.99151398643, -55712.99152507786, -55712.99152464811, -55712.99152411071, -55712.99151838252, -55712.99150856906, -55712.99152380679], "epochs": [931.4876057519177, 900.3766124855092, 973.8956416644057, 1000.8956416644057, 912.7969809831537, 925.1792911230052, 959.8463113237797, 953.6479293589523, 967.3026169745702, 937.4752731667612, 944.3396147300398, 857.4506079964482, 889.4752731667612, 941.3149495597268, 936.3642799003527, 938.3642799003527, 925.3396147300398, 929.9943023456577, 971.8463113237797, 950.9203068347188]}