{"time": [626.9800446033478, 627.3631949424744, 627.96706199646, 627.1211779117584, 628.0575735569, 626.8087999820709, 627.3585941791534, 627.3836305141449, 626.9422996044159, 627.6159796714783, 627.9915566444397, 627.9615561962128, 629.1890060901642, 628.3292264938354, 626.1931431293488, 626.7190363407135, 626.9170277118683, 626.9354910850525, 627.7703301906586, 627.0585286617279], "LL": [-55712.99155206406, -55712.99155206406, -55712.99155206406, -55712.99155206406, -55712.99155206406, -55712.99155206406, -55712.99155206406, -55712.99155206406, -55712.99155206406, -55712.99155206406, -55712.99155206406, -55712.99155206406, -55712.99155206406, -55712.99155206406, -55712.99155206406, -55712.99155206406, -55712.99155206406, -55712.99155206406, -55712.99155206406, -55712.99155206406], "epochs": [1000.0, 1000.0, 1000.0, 1000.0, 1000.0, 1000.0, 1000.0, 1000.0, 1000.0, 1000.0, 1000.0, 1000.0, 1000.0, 1000.0, 1000.0, 1000.0, 1000.0, 1000.0, 1000.0, 1000.0]}