{"time": [119.33585953712463, 119.31682133674622, 119.0991280078888, 119.01353883743286, 118.91371750831604, 119.16568636894226, 119.32026195526123, 119.36890077590942, 119.47228717803955, 119.5628707408905, 119.28891921043396, 119.16150498390198, 119.32350468635559, 119.36583209037781, 119.65045738220215, 119.28122353553772, 119.50082850456238, 119.48622703552246, 119.61006093025208, 119.29387950897217], "LL": [-55723.231622130836, -55723.231622130836, -55723.231622130836, -55723.231622130836, -55723.231622130836, -55723.231622130836, -55723.231622130836, -55723.231622130836, -55723.231622130836, -55723.231622130836, -55723.231622130836, -55723.231622130836, -55723.231622130836, -55723.231622130836, -55723.231622130836, -55723.231622130836, -55723.231622130836, -55723.231622130836, -55723.231622130836, -55723.231622130836], "epochs": [200.0, 200.0, 200.0, 200.0, 200.0, 200.0, 200.0, 200.0, 200.0, 200.0, 200.0, 200.0, 200.0, 200.0, 200.0, 200.0, 200.0, 200.0, 200.0, 200.0]}