{"time": [65.87261986732483, 66.07990431785583, 66.41174817085266, 65.81552600860596, 65.63915681838989, 66.11797070503235, 67.83626437187195, 66.64116668701172, 66.57241773605347, 67.12583303451538, 67.22558975219727, 68.78480291366577, 67.38325142860413, 68.60826826095581, 66.4511034488678, 67.17435026168823, 67.59523344039917, 67.7086968421936, 68.88511300086975, 68.71277189254761], "LL": [-55712.99144213699, -55712.99144213699, -55712.99144213699, -55712.99144213699, -55712.99144213699, -55712.99144213699, -55712.99144213699, -55712.99144213699, -55712.99144213699, -55712.99144213699, -55712.99144213699, -55712.99144213699, -55712.99144213699, -55712.99144213699, -55712.99144213699, -55712.99144213699, -55712.99144213699, -55712.99144213699, -55712.99144213699, -55712.99144213699], "epochs": [8.0, 8.0, 8.0, 8.0, 8.0, 8.0, 8.0, 8.0, 8.0, 8.0, 8.0, 8.0, 8.0, 8.0, 8.0, 8.0, 8.0, 8.0, 8.0, 8.0]}