{"time": [1433.3619859218597, 1445.647222518921, 1442.3047392368317, 1442.6007945537567, 1438.1748230457306, 1438.0314004421234, 1444.7386012077332, 1443.1951088905334, 1446.3608655929565, 1437.1480767726898, 1440.1032660007477, 1440.41517496109, 1441.8007445335388, 1445.1022653579712, 1439.8200843334198, 1444.0598883628845, 1440.0054233074188, 1443.932416677475, 1438.8316082954407, 1440.078911781311], "LL": [-55712.99156670346, -55712.99156670346, -55712.99156670346, -55712.99156670346, -55712.99156670346, -55712.99156670346, -55712.99156670346, -55712.99156670346, -55712.99156670346, -55712.99156670346, -55712.99156670346, -55712.99156670346, -55712.99156670346, -55712.99156670346, -55712.99156670346, -55712.99156670346, -55712.99156670346, -55712.99156670346, -55712.99156670346, -55712.99156670346], "epochs": [200.0, 200.0, 200.0, 200.0, 200.0, 200.0, 200.0, 200.0, 200.0, 200.0, 200.0, 200.0, 200.0, 200.0, 200.0, 200.0, 200.0, 200.0, 200.0, 200.0]}