{"time": [2.498154640197754, 2.621846914291382, 2.5137155055999756, 2.7382774353027344, 2.7822422981262207, 2.5866892337799072, 2.560147762298584, 2.533648729324341, 2.74409556388855, 2.6836159229278564, 2.6170871257781982, 2.6584889888763428, 2.6147382259368896, 2.5621368885040283, 2.6207897663116455, 2.5771420001983643, 2.575976848602295, 2.5263688564300537, 2.6107895374298096, 2.642914056777954], "LL": [-22651.94259430226, -22651.94259430348, -22651.942594357293, -22651.942594289016, -22651.942594438377, -22651.94259431091, -22651.94259428476, -22651.94259432396, -22651.942594285258, -22651.94259432617, -22651.942594285607, -22651.942594289983, -22651.942594295757, -22651.94259429433, -22651.94259431094, -22651.942594317756, -22651.94259429919, -22651.9425943483, -22651.942594284825, -22651.942594313747], "epochs": [18.729456292306573, 20.76584904287066, 18.838634543998836, 21.729456292306573, 22.76584904287066, 19.802241793434746, 17.802241793434746, 19.729456292306573, 21.056991047383363, 19.875027294562923, 18.875027294562923, 19.76584904287066, 20.802241793434746, 19.76584904287066, 20.76584904287066, 18.802241793434746, 20.76584904287066, 19.729456292306573, 20.76584904287066, 19.802241793434746]}