{"time": [48.281559467315674, 48.11026048660278, 48.235883951187134, 48.224828004837036, 48.01014804840088, 48.28274989128113, 47.90636324882507, 48.15246891975403, 48.08559060096741, 48.20306324958801, 48.38103652000427, 48.37042999267578, 48.15407609939575, 48.245442628860474, 48.10203742980957, 47.735830545425415, 48.14043593406677, 47.9955689907074, 47.65276575088501, 48.20924639701843], "LL": [22804.699898897634, 22830.066404211422, 22770.22159615941, 22801.91539761112, 22811.52750563124, 22757.7320650646, 22823.62746283644, 22824.087303494398, 22792.329731108635, 22829.687202795998, 22817.605427313854, 22806.572870102158, 22823.741928558535, 22813.119172837676, 22821.174834503126, 22837.966391449132, 22793.76391055096, 22813.827998513218, 22836.948546414653, 22817.673653007252], "epochs": [1000.8386345439989, 1000.6566707911784, 1000.7294562923066, 1000.275347550768, 1000.6202780406143, 1000.6930635417425, 1000.7658490428706, 1000.7294562923066, 1000.7658490428706, 1000.6930635417425, 1000.6566707911784, 1000.8022417934347, 1000.6202780406143, 1000.7658490428706, 1000.6930635417425, 1000.6566707911784, 1000.6566707911784, 1000.6566707911784, 1000.9478127956911, 1000.6202780406143]}