{"time": [1.7340195178985596, 1.860246181488037, 1.820727825164795, 1.928964376449585, 1.9089155197143555, 1.6935346126556396, 1.9619598388671875, 1.816058874130249, 2.1271920204162598, 1.8400707244873047, 1.9611024856567383, 2.045804738998413, 1.975466012954712, 1.8753876686096191, 1.8309471607208252, 1.7601709365844727, 1.7098584175109863, 1.6306109428405762, 2.0520105361938477, 1.6561741828918457], "LL": [-22651.942594320128, -22651.942594318676, -22651.942594305274, -22651.942594417775, -22651.942594313703, -22651.942594331686, -22651.942594300395, -22651.942594489195, -22651.942594312415, -22651.942594312382, -22651.942594315675, -22651.942594434608, -22651.94259431272, -22651.942594309978, -22651.94259440235, -22651.942594363332, -22651.942594301763, -22651.9425943074, -22651.94259428863, -22651.942594447173], "epochs": [12.693063541742486, 13.693063541742486, 13.656670791178398, 14.729456292306573, 14.729456292306573, 12.656670791178398, 14.729456292306573, 13.693063541742486, 18.6566707911784, 13.656670791178398, 14.76584904287066, 16.729456292306573, 14.802241793434748, 14.656670791178398, 13.656670791178398, 13.583885290050222, 12.656670791178398, 10.656670791178398, 16.729456292306573, 10.729456292306573]}