{"time": [3.209911584854126, 3.1916356086730957, 3.1913206577301025, 3.197242498397827, 3.1619534492492676, 3.1702404022216797, 3.1665899753570557, 3.1788010597229004, 3.172633647918701, 3.164717197418213, 3.1962101459503174, 3.1737425327301025, 3.1857213973999023, 3.1761045455932617, 3.1920504570007324, 3.199089765548706, 3.163384437561035, 3.190639019012451, 3.3391780853271484, 3.2148046493530273], "LL": [22651.94259431462, 22651.94259431462, 22651.94259431462, 22651.94259431462, 22651.94259431462, 22651.94259431462, 22651.94259431462, 22651.94259431462, 22651.94259431462, 22651.94259431462, 22651.94259431462, 22651.94259431462, 22651.94259431462, 22651.94259431462, 22651.94259431462, 22651.94259431462, 22651.94259431462, 22651.94259431462, 22651.94259431462, 22651.94259431462], "epochs": [41.0, 41.0, 41.0, 41.0, 41.0, 41.0, 41.0, 41.0, 41.0, 41.0, 41.0, 41.0, 41.0, 41.0, 41.0, 41.0, 41.0, 41.0, 41.0, 41.0]}