{"time": [48.838788986206055, 48.92401838302612, 48.853029012680054, 48.854636907577515, 48.88631057739258, 48.701380014419556, 48.68022584915161, 48.68789052963257, 48.743202209472656, 48.50133919715881, 48.835768938064575, 48.64948534965515, 48.9792103767395, 48.890867710113525, 48.96964931488037, 48.90621733665466, 48.83528423309326, 48.59302234649658, 48.76485848426819, 48.99321889877319], "LL": [22836.969702423336, 22836.969702423336, 22836.969702423336, 22836.969702423336, 22836.969702423336, 22836.969702423336, 22836.969702423336, 22836.969702423336, 22836.969702423336, 22836.969702423336, 22836.969702423336, 22836.969702423336, 22836.969702423336, 22836.969702423336, 22836.969702423336, 22836.969702423336, 22836.969702423336, 22836.969702423336, 22836.969702423336, 22836.969702423336], "epochs": [1000.0, 1000.0, 1000.0, 1000.0, 1000.0, 1000.0, 1000.0, 1000.0, 1000.0, 1000.0, 1000.0, 1000.0, 1000.0, 1000.0, 1000.0, 1000.0, 1000.0, 1000.0, 1000.0, 1000.0]}