{"time": [2.6159565448760986, 2.357212543487549, 2.4056472778320312, 2.374971866607666, 2.558241128921509, 2.467942714691162, 2.8335208892822266, 2.5374200344085693, 2.4140255451202393, 2.4482650756835938, 2.6457862854003906, 2.6002519130706787, 2.630385160446167, 2.1013972759246826, 2.4239041805267334, 2.5573651790618896, 2.2579474449157715, 2.4886183738708496, 2.5879411697387695, 2.5450901985168457], "LL": [22651.942594577922, 22651.94259481726, 22651.942594676, 22651.94259431504, 22651.942594352226, 22651.942594623873, 22651.942594291457, 22651.942594369375, 22651.94259430943, 22651.942594601835, 22651.94259449532, 22651.942594370204, 22651.942594552267, 22651.942594518754, 22651.94259446072, 22651.942594598262, 22651.942594505475, 22651.942594359843, 22651.942594355995, 22651.94259456484], "epochs": [43.69306354174249, 38.6566707911784, 38.69306354174249, 38.62027804061431, 42.69306354174249, 40.62027804061431, 48.72945629230657, 42.62027804061431, 39.6566707911784, 39.72945629230657, 44.6566707911784, 43.6566707911784, 44.6566707911784, 32.6566707911784, 39.6566707911784, 42.6566707911784, 36.62027804061431, 40.69306354174249, 43.69306354174249, 42.62027804061431]}