{"time": [6.775540113449097, 6.753187656402588, 6.749605655670166, 6.735121250152588, 6.748285293579102, 6.759454250335693, 6.782329082489014, 6.8052191734313965, 6.77774977684021, 6.939816951751709, 6.79357647895813, 6.802165508270264, 6.778024673461914, 6.761949062347412, 6.716242551803589, 6.769795656204224, 6.748426675796509, 6.757868051528931, 6.791132211685181, 6.776164531707764], "LL": [22651.9425947012, 22651.9425947012, 22651.9425947012, 22651.9425947012, 22651.9425947012, 22651.9425947012, 22651.9425947012, 22651.9425947012, 22651.9425947012, 22651.9425947012, 22651.9425947012, 22651.9425947012, 22651.9425947012, 22651.9425947012, 22651.9425947012, 22651.9425947012, 22651.9425947012, 22651.9425947012, 22651.9425947012, 22651.9425947012], "epochs": [134.0, 134.0, 134.0, 134.0, 134.0, 134.0, 134.0, 134.0, 134.0, 134.0, 134.0, 134.0, 134.0, 134.0, 134.0, 134.0, 134.0, 134.0, 134.0, 134.0]}