{"time": [0.4799764156341553, 0.46647071838378906, 0.4802865982055664, 0.46567583084106445, 0.4684414863586426, 0.47356629371643066, 0.47748875617980957, 0.46442294120788574, 0.46939706802368164, 0.4625546932220459, 0.46968770027160645, 0.47542762756347656, 0.469531774520874, 0.4744741916656494, 0.4696693420410156, 0.46482419967651367, 0.4700777530670166, 0.46721935272216797, 0.468890905380249, 0.4735105037689209], "LL": [22651.942594283413, 22651.942594283413, 22651.942594283413, 22651.942594283413, 22651.942594283413, 22651.942594283413, 22651.942594283413, 22651.942594283413, 22651.942594283413, 22651.942594283413, 22651.942594283413, 22651.942594283413, 22651.942594283413, 22651.942594283413, 22651.942594283413, 22651.942594283413, 22651.942594283413, 22651.942594283413, 22651.942594283413, 22651.942594283413], "epochs": [8.0, 8.0, 8.0, 8.0, 8.0, 8.0, 8.0, 8.0, 8.0, 8.0, 8.0, 8.0, 8.0, 8.0, 8.0, 8.0, 8.0, 8.0, 8.0, 8.0]}