{"time": [1518.9329357147217, 1479.1698138713837, 1480.5088024139404, 1489.224962234497, 1494.3369569778442, 1483.0886907577515, 1482.7451395988464, 1465.118489742279, 1440.4261095523834, 1440.2889280319214, 1440.193546295166, 1446.7475554943085, 1447.0171229839325, 1444.7342858314514, 1439.5600318908691, 1443.8584609031677, 1433.3562488555908, 1444.2202370166779, 1444.4307582378387, 1446.676053762436], "LL": [-17304.29963850327, -17304.29963850327, -17304.29963850327, -17304.29963850327, -17304.29963850327, -17304.29963850327, -17304.29963850327, -17304.29963850327, -17304.29963850327, -17304.29963850327, -17304.29963850327, -17304.29963850327, -17304.29963850327, -17304.29963850327, -17304.29963850327, -17304.29963850327, -17304.29963850327, -17304.29963850327, -17304.29963850327, -17304.29963850327], "epochs": [1786, 1786, 1786, 1786, 1786, 1786, 1786, 1786, 1786, 1786, 1786, 1786, 1786, 1786, 1786, 1786, 1786, 1786, 1786, 1786]}