{"time": [474.17936062812805, 444.9368736743927, 471.3266885280609, 454.4360089302063, 477.6503026485443, 432.6294994354248, 463.408483505249, 464.3183720111847, 468.91453218460083, 438.9997818470001, 452.9263815879822, 459.53232526779175, 458.2036476135254, 457.98293566703796, 466.30400133132935, 472.8776750564575, 468.89788365364075, 468.6451139450073, 431.8467969894409, 467.7908709049225], "LL": [-17304.274550319733, -17304.274550373822, -17304.27455033096, -17304.27455033101, -17304.27455032419, -17304.274550388734, -17304.27455033286, -17304.27455033362, -17304.2745503268, -17304.274550397524, -17304.274550338712, -17304.274550331163, -17304.27455032411, -17304.274550328188, -17304.2745503637, -17304.27455032517, -17304.274550341022, -17304.274550327173, -17304.27455036963, -17304.274550324484], "epochs": [93.33073731712642, 86.73426013538104, 92.98420554625518, 87.60448358686949, 95.22155906543416, 84.4035228182546, 91.00480384307446, 91.93041706092146, 93.87502729456293, 85.1867675958949, 90.31174030133198, 90.56648955528058, 90.18516631487007, 90.8212388092292, 92.00320256204964, 93.38452580246015, 91.29434456656234, 92.63927505640876, 83.67566780697285, 92.11238081374191]}