{"time": [567.5794339179993, 518.6848158836365, 579.3733789920807, 622.471342086792, 551.5790989398956, 581.58056807518, 580.1550552845001, 651.9287176132202, 627.1121745109558, 591.8709845542908, 550.3563530445099, 593.3979744911194, 601.1031241416931, 575.416003704071, 568.9901015758514, 679.8958384990692, 583.2369244098663, 660.3257863521576, 583.5221128463745, 614.3399429321289], "LL": [17304.274551785227, 17304.274552024377, 17304.27455110336, 17304.274551310595, 17304.27455167464, 17304.27455425188, 17304.27455223493, 17304.274550659076, 17304.27455237095, 17304.274553282696, 17304.274551999086, 17304.27455110498, 17304.27455671589, 17304.274552190447, 17304.274551774753, 17304.274552936473, 17304.27455521733, 17304.27455065412, 17304.274550844493, 17304.274550683353], "epochs": [97.91142004512702, 92.72945629230657, 103.83863454399884, 101.63927505640876, 97.83863454399884, 92.56648955528058, 94.42091855302424, 91.4035228182546, 93.11238081374191, 99.34813305189607, 91.05859232840818, 106.72945629230657, 98.56648955528058, 93.69466482276731, 95.2389548002038, 105.07598806317782, 99.98420554625518, 96.43991556881869, 94.45731130358833, 115.69306354174249]}