{"time": [1857.744038105011, 1822.881020784378, 1708.3668715953827, 1796.1106324195862, 1630.9133160114288, 1787.316707611084, 1628.1025521755219, 1619.2205169200897, 1819.2588176727295, 1626.2251868247986, 1661.2440428733826, 1831.0770423412323, 1794.9702088832855, 1674.6091039180756, 1679.0607552528381, 1737.7324974536896, 1825.438607931137, 1787.8572089672089, 1781.5932359695435, 1784.0554819107056], "LL": [17304.274553533975, 17304.274550554434, 17304.274550702394, 17304.274553282565, 17304.274553964904, 17304.274552490897, 17304.274552084604, 17304.27455076901, 17304.274551299924, 17304.2745522305, 17304.27455547296, 17304.274550451442, 17304.274551517865, 17304.27455070248, 17304.274550445232, 17304.274550948663, 17304.274550787995, 17304.274551173297, 17304.27455134349, 17304.27455084635], "epochs": [26.984205546255186, 26.76584904287066, 24.875027294562923, 26.311740301331973, 24.602882305844677, 27.493704054152413, 24.91142004512701, 24.802241793434746, 27.9478127956911, 25.020598296819273, 25.693063541742486, 28.275347550767886, 27.729456292306573, 25.91142004512701, 25.875027294562923, 26.76745032389548, 28.020598296819273, 27.512701069946868, 27.56648955528059, 27.71366183856176]}