{"time": [876.5704963207245, 836.2970309257507, 838.4880838394165, 839.8725328445435, 841.3033089637756, 835.8365776538849, 833.5445735454559, 835.0174741744995, 816.193076133728, 819.1370515823364, 811.299042224884, 813.375955581665, 815.9365191459656, 816.4873840808868, 811.8435945510864, 811.8035187721252, 813.8062977790833, 815.884096622467, 823.83766913414, 817.7293133735657], "LL": [17304.27455185581, 17304.27455185581, 17304.27455185581, 17304.27455185581, 17304.27455185581, 17304.27455185581, 17304.27455185581, 17304.27455185581, 17304.27455185581, 17304.27455185581, 17304.27455185581, 17304.27455185581, 17304.27455185581, 17304.27455185581, 17304.27455185581, 17304.27455185581, 17304.27455185581, 17304.27455185581, 17304.27455185581, 17304.27455185581], "epochs": [190.0, 190.0, 190.0, 190.0, 190.0, 190.0, 190.0, 190.0, 190.0, 190.0, 190.0, 190.0, 190.0, 190.0, 190.0, 190.0, 190.0, 190.0, 190.0, 190.0]}