{"time": [602.7002849578857, 589.9668562412262, 588.8144772052765, 589.0653784275055, 590.71386885643, 588.9664227962494, 590.5469906330109, 588.8787026405334, 591.3029971122742, 592.7258145809174, 589.6466336250305, 590.2763810157776, 589.7395761013031, 592.9147913455963, 589.5129470825195, 590.0023107528687, 588.6933147907257, 588.8382587432861, 588.0842931270599, 587.8889946937561], "LL": [-17304.274550320548, -17304.274550320548, -17304.274550320548, -17304.274550320548, -17304.274550320548, -17304.274550320548, -17304.274550320548, -17304.274550320548, -17304.274550320548, -17304.274550320548, -17304.274550320548, -17304.274550320548, -17304.274550320548, -17304.274550320548, -17304.274550320548, -17304.274550320548, -17304.274550320548, -17304.274550320548, -17304.274550320548, -17304.274550320548], "epochs": [122.0, 122.0, 122.0, 122.0, 122.0, 122.0, 122.0, 122.0, 122.0, 122.0, 122.0, 122.0, 122.0, 122.0, 122.0, 122.0, 122.0, 122.0, 122.0, 122.0]}