{"time": [2750.8939270973206, 2642.1024100780487, 2636.405131816864, 2635.05300116539, 2635.517905473709, 2635.804024219513, 2637.3391778469086, 2637.0602552890778, 2634.523698568344, 2637.112163543701, 2635.23637676239, 2634.352332830429, 2637.7411217689514, 2633.941849708557, 2634.6997940540314, 2636.5594160556793, 2635.552933216095, 2635.6461505889893, 2633.477865219116, 2636.428834438324], "LL": [19093.499239564517, 19093.499239564517, 19093.499239564517, 19093.499239564517, 19093.499239564517, 19093.499239564517, 19093.499239564517, 19093.499239564517, 19093.499239564517, 19093.499239564517, 19093.499239564517, 19093.499239564517, 19093.499239564517, 19093.499239564517, 19093.499239564517, 19093.499239564517, 19093.499239564517, 19093.499239564517, 19093.499239564517, 19093.499239564517], "epochs": [1000.0, 1000.0, 1000.0, 1000.0, 1000.0, 1000.0, 1000.0, 1000.0, 1000.0, 1000.0, 1000.0, 1000.0, 1000.0, 1000.0, 1000.0, 1000.0, 1000.0, 1000.0, 1000.0, 1000.0]}