{"time": [2244.2800529003143, 2217.6914319992065, 2223.7519533634186, 2214.4240634441376, 2168.068101644516, 2109.5833122730255, 2079.68021607399, 2110.463844537735, 2092.524086713791, 2113.199328660965, 2112.9117555618286, 2114.5690586566925, 2095.697459936142, 2098.6398136615753, 2106.339303970337, 2095.368407726288, 2124.8700864315033, 2111.917990207672, 2098.118690252304, 2105.8778672218323], "LL": [17304.274550474547, 17304.274550474547, 17304.274550474547, 17304.274550474547, 17304.274550474547, 17304.274550474547, 17304.274550474547, 17304.274550474547, 17304.274550474547, 17304.274550474547, 17304.274550474547, 17304.274550474547, 17304.274550474547, 17304.274550474547, 17304.274550474547, 17304.274550474547, 17304.274550474547, 17304.274550474547, 17304.274550474547, 17304.274550474547], "epochs": [32.0, 32.0, 32.0, 32.0, 32.0, 32.0, 32.0, 32.0, 32.0, 32.0, 32.0, 32.0, 32.0, 32.0, 32.0, 32.0, 32.0, 32.0, 32.0, 32.0]}