{"time": [2701.339220762253, 2698.5404908657074, 2692.1606645584106, 2692.2265202999115, 2692.9255137443542, 2629.817095518112, 2612.0720341205597, 2620.9368481636047, 2609.434035539627, 2625.3629598617554, 2616.043131828308, 2610.169273853302, 2632.3293492794037, 2620.27068066597, 2614.3692121505737, 2618.8642439842224, 2616.7533531188965, 2606.932772397995, 2623.9607672691345, 2613.060742378235], "LL": [17321.241592706043, 17316.071358125875, 17311.87317403918, 17311.350235080376, 17306.914006882434, 17310.667794989564, 17309.636648499458, 17309.33294091659, 17308.719997381704, 17312.78555898003, 17308.51406189828, 17313.32961300168, 17310.019258600423, 17314.00727603267, 17319.885420279075, 17311.77139551878, 17317.029057192085, 17315.148550568123, 17314.241567719488, 17316.072279696964], "epochs": [1000.8386345439989, 1000.7658490428706, 1000.6566707911784, 1000.6566707911784, 1000.7658490428706, 1000.7294562923066, 1000.6566707911784, 1000.6930635417425, 1000.7658490428706, 1000.7658490428706, 1000.8022417934347, 1000.8022417934347, 1000.6930635417425, 1000.911420045127, 1000.7658490428706, 1000.7658490428706, 1000.6930635417425, 1000.8386345439989, 1000.7294562923066, 1000.6930635417425]}