{"time": [801.4502694606781, 704.889463186264, 788.1375689506531, 817.9928832054138, 785.7734749317169, 890.1758723258972, 673.8132693767548, 806.3047299385071, 842.8300428390503, 780.2737579345703, 892.4983758926392, 700.5646705627441, 801.4029891490936, 702.6001172065735, 733.0503196716309, 804.8657474517822, 686.102593421936, 742.1687440872192, 755.2389259338379, 753.3448510169983], "LL": [17304.274550356273, 17304.274555053056, 17304.27455146792, 17304.274550699407, 17304.274550758193, 17304.274551228624, 17304.274550435835, 17304.274552500272, 17304.274551442286, 17304.274550379563, 17304.27455129849, 17304.274551647184, 17304.27455064678, 17304.274550588278, 17304.27455064685, 17304.274550710274, 17304.274550761067, 17304.274551466613, 17304.274550516628, 17304.274551950108], "epochs": [263.6930635417425, 222.98420554625517, 254.9478127956911, 265.911420045127, 247.2025620496397, 292.0205982968193, 215.80224179343475, 269.8576315597933, 254.74845330810103, 264.6566707911784, 268.3307373171264, 227.9478127956911, 263.12977654851153, 232.87502729456293, 241.98420554625517, 271.05699104738335, 223.98420554625517, 252.72945629230657, 254.87502729456293, 256.34813305189607]}