{"time": [1119.8862068653107, 1109.4471924304962, 1124.8345680236816, 1117.1697056293488, 1118.8587136268616, 1114.5408024787903, 1121.5248792171478, 1120.404259443283, 1106.3257036209106, 1086.6540863513947, 1058.0980627536774, 1059.763150691986, 1053.5612306594849, 1056.3935477733612, 1059.962110042572, 1052.7274115085602, 1048.7418100833893, 1052.9451158046722, 1060.7865834236145, 1047.5213313102722], "LL": [17304.27455032216, 17304.27455032216, 17304.27455032216, 17304.27455032216, 17304.27455032216, 17304.27455032216, 17304.27455032216, 17304.27455032216, 17304.27455032216, 17304.27455032216, 17304.27455032216, 17304.27455032216, 17304.27455032216, 17304.27455032216, 17304.27455032216, 17304.27455032216, 17304.27455032216, 17304.27455032216, 17304.27455032216, 17304.27455032216], "epochs": [16.0, 16.0, 16.0, 16.0, 16.0, 16.0, 16.0, 16.0, 16.0, 16.0, 16.0, 16.0, 16.0, 16.0, 16.0, 16.0, 16.0, 16.0, 16.0, 16.0]}